Programmer Jedec Bit Map
Date Extracted: Wed Sep 30 14:04:48 2015

QF186624*
QP160*
QV0*
F0*
X0*
J0 0*
N VERSION P.20131013*
N DEVICE XC95216-10-PQ160*
N PPMAP 131 101*
N PPMAP 133 102*
N PPMAP 134 103*
N PPMAP 135 104*
N PPMAP 136 105*
N PPMAP 137 106*
N PPMAP 138 107*
N PPMAP 139 108*
N PPMAP 140 109*
N PPMAP 15 11*
N PPMAP 145 111*
N PPMAP 146 112*
N PPMAP 147 113*
N PPMAP 148 114*
N PPMAP 149 115*
N PPMAP 150 116*
N PPMAP 152 117*
N PPMAP 154 118*
N PPMAP 155 119*
N PPMAP 16 12*
N PPMAP 158 122*
N PPMAP 159 123*
N PPMAP 160 124*
N PPMAP 161 125*
N PPMAP 162 126*
N PPMAP 164 128*
N PPMAP 166 129*
N PPMAP 17 13*
N PPMAP 167 130*
N PPMAP 170 131*
N PPMAP 171 132*
N PPMAP 173 133*
N PPMAP 174 134*
N PPMAP 175 135*
N PPMAP 178 138*
N PPMAP 179 139*
N PPMAP 18 14*
N PPMAP 180 140*
N PPMAP 182 142*
N PPMAP 185 143*
N PPMAP 186 144*
N PPMAP 187 145*
N PPMAP 188 146*
N PPMAP 191 147*
N PPMAP 192 148*
N PPMAP 193 149*
N PPMAP 19 15*
N PPMAP 194 150*
N PPMAP 197 151*
N PPMAP 198 152*
N PPMAP 199 153*
N PPMAP 200 154*
N PPMAP 201 155*
N PPMAP 202 156*
N PPMAP 205 158*
N PPMAP 206 159*
N PPMAP 20 16*
N PPMAP 21 17*
N PPMAP 22 18*
N PPMAP 23 19*
N PPMAP 3 2*
N PPMAP 25 21*
N PPMAP 30 22*
N PPMAP 31 23*
N PPMAP 32 24*
N PPMAP 33 25*
N PPMAP 34 26*
N PPMAP 35 27*
N PPMAP 36 28*
N PPMAP 37 29*
N PPMAP 4 3*
N PPMAP 38 30*
N PPMAP 43 32*
N PPMAP 44 33*
N PPMAP 45 34*
N PPMAP 46 35*
N PPMAP 47 36*
N PPMAP 49 37*
N PPMAP 50 38*
N PPMAP 51 39*
N PPMAP 5 4*
N PPMAP 55 42*
N PPMAP 56 43*
N PPMAP 57 44*
N PPMAP 58 45*
N PPMAP 60 47*
N PPMAP 61 48*
N PPMAP 63 49*
N PPMAP 6 5*
N PPMAP 64 50*
N PPMAP 70 52*
N PPMAP 71 53*
N PPMAP 72 54*
N PPMAP 73 55*
N PPMAP 74 56*
N PPMAP 75 57*
N PPMAP 76 58*
N PPMAP 77 59*
N PPMAP 7 6*
N PPMAP 78 60*
N PPMAP 82 62*
N PPMAP 83 63*
N PPMAP 84 64*
N PPMAP 85 65*
N PPMAP 86 66*
N PPMAP 87 67*
N PPMAP 88 68*
N PPMAP 89 69*
N PPMAP 8 7*
N PPMAP 95 72*
N PPMAP 97 74*
N PPMAP 99 76*
N PPMAP 100 77*
N PPMAP 102 78*
N PPMAP 103 79*
N PPMAP 9 8*
N PPMAP 110 82*
N PPMAP 111 83*
N PPMAP 112 84*
N PPMAP 113 85*
N PPMAP 114 86*
N PPMAP 115 87*
N PPMAP 116 88*
N PPMAP 117 89*
N PPMAP 10 9*
N PPMAP 118 90*
N PPMAP 121 91*
N PPMAP 122 92*
N PPMAP 123 93*
N PPMAP 125 95*
N PPMAP 126 96*
N PPMAP 127 97*
N PPMAP 128 98*
L0000000 10101011 00000011 00000011 00000011 00000011*
L0000040 00000011 00000011 00000011 00000011 000000*
L0000078 000000 000000 010000 010000 010000*
L0000108 00000011 00000011 00000011 00000011 00000011*
L0000148 00000011 00000011 00000011 01000011 000000*
L0000186 000000 000000 000000 000000 000000*
L0000216 00000011 00000011 00000011 00000011 00000011*
L0000256 00000011 00000011 00000011 00000011 000000*
L0000294 000000 000000 000000 010000 000000*
L0000324 00000011 00000011 00000011 00000011 00000011*
L0000364 00000011 00000011 00000011 00000011 000000*
L0000402 000000 000000 000000 000000 000000*
L0000432 10101011 00000011 00000011 00000011 00000011*
L0000472 00000011 00000011 00000011 00000011 000000*
L0000510 000000 000000 010000 000000 010000*
L0000540 00000011 00000011 01000011 00000011 00000011*
L0000580 00000011 00000011 00000011 00000011 000000*
L0000618 000000 000000 000000 010000 000000*
L0000648 00000001 00000010 00000000 00000001 00000001*
L0000688 00000010 00000011 00000001 00000011 000000*
L0000726 000000 000000 000100 000000 000000*
L0000756 00000001 00000010 00000010 00000001 00000001*
L0000796 00000010 00000000 00000010 00000011 000000*
L0000834 000000 000000 000000 000100 000000*
L0000864 10100011 00000011 00000011 00000011 01000011*
L0000904 00000011 00000011 00000011 00000011 000000*
L0000942 000000 000000 000000 010000 010000*
L0000972 00001011 00000011 01000011 01000011 00000011*
L0001012 00000011 00000011 00000011 00000011 000000*
L0001050 000000 000000 010000 000000 000000*
L0001080 10001011 00000011 00000011 01000011 00000011*
L0001120 00000011 00000011 00000011 00000011 000000*
L0001158 000000 000000 000000 010000 010000*
L0001188 00100011 00000011 00000011 00000011 01000011*
L0001228 00000011 00000011 00000011 00000011 000000*
L0001266 000000 000000 010000 000000 000000*
L0001296 00000000 00000001 00000001 00000000 00000001*
L0001336 00000001 00000001 00000011 00000010 000000*
L0001374 000000 010000 000000 000000 000000*
L0001404 01010000 00000011 00000011 00000000 00000011*
L0001444 00000001 00000001 00000011 00000010 000000*
L0001482 000001 000000 000000 000000 000000*
L0001512 00000001 00000001 00000001 00000000 00000001*
L0001552 00000001 11000001 00000011 00000011 000000*
L0001590 000001 100000 000000 000000 000000*
L0001620 00000011 00000001 00000001 00000011 00000001*
L0001660 00000011 00000011 00000011 00000011 000000*
L0001698 000000 000000 000000 000000 000000*
L0001728 10101010 00000010 00000010 00000011 00000000*
L0001768 00000010 00000010 00000000 00000000 000000*
L0001806 000000 000000 010000 010000 010000*
L0001836 00000010 00000010 00000010 00000001 00000010*
L0001876 00000000 00000010 01000000 00000000 000000*
L0001914 000000 000000 000000 000000 000000*
L0001944 00010011 00000010 00000010 00000011 00000000*
L0001984 00000010 00000010 00000000 00000001 000000*
L0002022 000000 000000 000000 000000 000000*
L0002052 00000011 00000010 00000010 00000001 00000010*
L0002092 00000000 00000010 00000000 00000001 000000*
L0002130 000000 000000 000000 000000 000000*
L0002160 00000011 00000011 00000011 00000011 00000001*
L0002200 00000011 00000011 00001011 00000011 000000*
L0002238 000000 000000 000000 000000 000000*
L0002268 00000011 00000011 00000011 00000001 00000011*
L0002308 00000001 00000011 00000011 00001011 000000*
L0002346 000000 000000 000000 000000 000000*
L0002376 00000010 00000011 00000011 00000011 00000001*
L0002416 00000011 00000011 00010011 00000010 000000*
L0002454 000000 000000 000000 000000 000000*
L0002484 00000011 00000011 00000011 00000011 00000001*
L0002524 00000011 00000011 00000011 00010011 000000*
L0002562 000000 000000 000000 000000 000000*
L0002592 00000011 00000011 00000011 00000011 00000001*
L0002632 00000011 00000011 00000011 00000011 000000*
L0002670 000000 000000 000000 000000 000000*
L0002700 00000011 00000011 00000011 00000011 00000011*
L0002740 00000001 11000011 00000011 00000011 000000*
L0002778 000000 100000 000000 000000 000000*
L0002808 00000000 00000000 00000000 00000000 00000000*
L0002848 00000000 00000000 00000000 00000000 000000*
L0002886 000000 000000 000000 000000 000000*
L0002916 00000011 00000001 00000001 00000011 00000001*
L0002956 10000011 00000011 00000011 00000011 000000*
L0002994 000000 000000 000000 000000 000000*
L0003024 00000011 00000010 00000010 00000011 00000010*
L0003064 00000000 00000010 00000000 00000001 000000*
L0003102 000000 000000 000000 000000 000000*
L0003132 00000011 00000011 00000011 00000011 00000011*
L0003172 00000011 00000011 00000011 00000011 000000*
L0003210 100000 000000 000000 000000 000000*
L0003240 00000011 00000011 00000011 00000011 00000011*
L0003280 00000011 00000011 00000011 00000011 000000*
L0003318 000000 000000 000000 000000 000000*
L0003348 10101011 00000011 00000011 00000011 00000011*
L0003388 00000011 00000011 00000011 00000011 000000*
L0003426 000000 000000 000000 000000 000000*
L0003456 00000011 00000011 00000011 00000011 00000011*
L0003496 00000011 00000011 00000011 00000011 000000*
L0003534 000000 000000 000000 000000 000000*
L0003564 00000011 01000011 00000011 00000011 00000011*
L0003604 00000011 00000011 00000011 00000011 000000*
L0003642 000000 000000 000000 000000 000000*
L0003672 00000011 00000011 00000011 00000011 00000011*
L0003712 00000011 00000011 00000011 00000011 000000*
L0003750 000000 000000 010000 000000 000000*
L0003780 00000011 00000001 00000001 00000011 00000001*
L0003820 00000011 00000011 00000011 00000011 000000*
L0003858 000000 000000 000000 000000 000000*
L0003888 00000000 00000010 00000010 00000000 00000010*
L0003928 00000000 00000000 00000000 00000000 000000*
L0003966 000000 000000 000000 000000 000000*
L0003996 00000000 01000010 00000010 00000000 00000010*
L0004036 00000000 00000000 00000000 00000000 000000*
L0004074 000000 000000 000000 000000 000000*
L0004104 00000011 00000011 00000011 00000011 00000011*
L0004144 00000011 00000011 00100011 00000011 000000*
L0004182 000000 000000 000000 000000 000000*
L0004212 00000011 00000011 00000011 00000011 00000011*
L0004252 00000011 00000011 00000011 00100011 000000*
L0004290 000000 000000 000000 000000 000000*
L0004320 00000010 00000011 00000011 00000001 00000011*
L0004360 00000011 00000011 00000011 00000010 000000*
L0004398 000000 000000 001000 000000 000000*
L0004428 00000011 00000011 00000011 00000010 00000011*
L0004468 00000011 00000001 00000011 00000011 000000*
L0004506 000000 000000 000000 001000 000000*
L0004536 00000001 00000011 01000011 01000011 01000011*
L0004576 01000011 00000011 01000011 01000011 010000*
L0004614 000000 000000 000000 000000 000000*
L0004644 00000011 00000011 00000011 00000011 00000011*
L0004684 00000011 00000011 00000011 00000011 000000*
L0004722 000000 000000 000000 000000 000000*
L0004752 00000011 00000000 00000000 00000011 00000000*
L0004792 00000000 00000010 00000000 00000001 000000*
L0004830 000000 010000 000000 000000 000000*
L0004860 00000000 00000011 00000011 00000000 00000011*
L0004900 00000011 00000001 00000011 00000010 000000*
L0004938 000000 000000 000000 000000 000000*
L0004968 00000011 00000011 00000011 00000011 00000011*
L0005008 00000011 00000011 00000011 00000011 000000*
L0005046 000000 000000 000000 000000 000000*
L0005076 00000011 00000011 00000011 00000011 00000011*
L0005116 00000011 00000011 00000011 00000011 000000*
L0005154 010000 000000 000000 000000 000000*
L0005184 00000011 00000011 00000011 00000011 00000011*
L0005224 00000011 00000011 00000011 00000011 000000*
L0005262 000000 000000 000000 000000 010000*
L0005292 00000011 00000000 00000000 00000011 00000000*
L0005332 00000000 00000010 00000000 00000001 000000*
L0005370 000000 000000 000000 000000 000000*
L0005400 00000000 00000001 00000001 00000000 00000001*
L0005440 00000001 00000001 00000011 00000010 000000*
L0005478 000000 000000 000000 000000 000000*
L0005508 00000001 00000001 00010101 00000100 00000001*
L0005548 00000001 00000001 00111111 00111111 000000*
L0005586 000000 000000 001111 001110 000000*
L0005616 10101010 00000010 00000010 00000001 00000000*
L0005656 00000000 00000010 00000000 00000000 000000*
L0005694 000000 000000 010000 010000 010000*
L0005724 00000011 00000010 00000010 00000001 00000000*
L0005764 01000000 00000010 00000000 00000001 000000*
L0005802 000000 000000 000000 000000 000000*
L0005832 00000011 00000011 00000011 00000001 00000001*
L0005872 00000001 00000011 00000111 00000011 000000*
L0005910 000000 000000 000000 000000 000000*
L0005940 00000000 00000011 00000001 00000011 00000010*
L0005980 00000010 00000010 00000011 00000101 000000*
L0006018 000000 000000 000000 000000 000000*
L0006048 00000000 00000001 00000011 00000000 00000011*
L0006088 00000011 00000000 00000001 00000011 000000*
L0006126 000000 000000 000000 000000 000000*
L0006156 00000001 00000001 00000011 00000011 00000010*
L0006196 00000010 00000010 00000001 00000001 000000*
L0006234 000000 000000 000000 000000 000000*
L0006264 00000010 00000011 00000001 00000000 00000011*
L0006304 00000010 00000010 00000001 00000001 000000*
L0006342 000000 000000 000000 000000 000000*
L0006372 00000001 00000011 00000011 00000010 00000011*
L0006412 00000011 00000001 00000011 00000011 000000*
L0006450 000000 000000 000000 000000 000000*
L0006480 00101011 00000001 00000011 00000011 00000010*
L0006520 00000011 11000000 00000011 00000011 000000*
L0006558 000000 100000 010000 010000 010000*
L0006588 10000000 00000011 00000011 00000010 00000010*
L0006628 00000011 00000011 00000011 00000001 010000*
L0006666 000000 000000 000000 000000 000000*
L0006696 00000001 00000011 00000001 00000000 00000011*
L0006736 00000011 00000001 00000011 00000011 000000*
L0006774 000000 000000 000000 000000 000000*
L0006804 00000000 00000011 00000011 00000010 00000010*
L0006844 00000011 00000001 00000001 00000011 000000*
L0006882 000000 000000 000000 000000 000000*
L0006912 00000001 00000011 00000001 00000011 00000011*
L0006952 00000011 00000011 00000011 00000011 000000*
L0006990 000000 000000 000010 000000 000000*
L0007020 00000011 00000011 00000001 00000000 00000010*
L0007060 00000010 00000011 00000011 00000011 000000*
L0007098 000000 000000 000000 000010 000000*
L0007128 00000011 00000011 00000011 00000010 00000010*
L0007168 00000011 00000010 00000011 00000011 000000*
L0007206 000000 000000 000000 000000 000000*
L0007236 00000001 00000001 00000011 00000011 00000011*
L0007276 00000011 00000011 00000011 00000011 000000*
L0007314 000000 000000 000000 000000 000000*
L0007344 00000011 00000011 00000011 00000011 00000011*
L0007384 00000011 00000001 00000011 00000011 000000*
L0007422 000000 000000 000000 000000 000000*
L0007452 00000011 00000011 00000011 00000011 00000011*
L0007492 00000011 00000011 00000011 00000011 000000*
L0007530 000000 000000 000000 000000 000000*
L0007560 00000011 00000011 00000111 00000011 00000011*
L0007600 00000011 00000011 00000011 00000011 000000*
L0007638 000000 000000 000000 000000 000000*
L0007668 00000011 10101011 00000011 00000111 00000011*
L0007708 00000011 00000011 00000011 00000011 000000*
L0007746 000000 000000 000000 000000 000000*
L0007776 11111111 1110111 1101011 1100011 1101011*
L0007812 11111111 1110111 1101011 1100011 1101011*
L0007848 11111111 1110111 1101011 1100011 1101011*
L0007884 11111111 1110111 1101011 1100011 1101011*
L0007920 11111111 1110111 1101011 1100011 1101011*
L0007956 11111111 1110111 1101011 1100011 1101011*
L0007992 11111111 1110111 1101011 1100011 1101011*
L0008028 11111111 1110111 1101011 1100011 1101011*
L0008064 11111111 1110111 1101011 1100011 1101011*
L0008100 11111111 1110111 1101011 1100011 1101011*
L0008136 11111111 1110111 1101011 1100011 1101011*
L0008172 11111111 1110111 1101011 1100011 1101011*
L0008208 11111111 1110111 1101011 1100011 1101011*
L0008244 11111111 1110111 1101011 1100011 1101011*
L0008280 11111111 1110111 1101011 1100011 1101011*
L0008316 11111111 1110111 1101011 1100011 1101011*
L0008352 11111111 1110111 1101011 1100011 1101011*
L0008388 11111111 1110111 1101011 1100011 1101011*
L0008424 11111111 1110111 1101011 1100111 1101011*
L0008460 11111111 1110111 1101011 1100011 1101011*
L0008496 11111111 1110111 1101011 1100011 1101011*
L0008532 11111111 1110111 1101111 1100011 1101011*
L0008568 11111111 1110111 1101011 1100011 1101011*
L0008604 11111111 1110111 1101011 1100011 1101011*
L0008640 11111111 1110111 1101011 1100011 1101011*
L0008676 11111111 1110111 1101011 1100011 1101011*
L0008712 11111111 1110111 1101011 1100011 1101011*
L0008748 11111111 1110111 1101011 1100011 1101011*
L0008784 11111111 1110111 1101011 1100011 1101011*
L0008820 11111111 1110111 1101011 1100011 1101011*
L0008856 11111111 1110111 1101011 1100011 1101011*
L0008892 11111111 1110111 1101011 1100011 1101011*
L0008928 11111111 1110111 1101011 1100011 1101011*
L0008964 11111111 1110111 1101011 1100011 1101011*
L0009000 11111111 1110111 1101011 1100011 1101011*
L0009036 11111111 1110111 1101011 1100011 1101011*
L0009072 11111111 1110111 1101011 1100011 1101011*
L0009108 11111111 1110111 1101011 1100011 1101011*
L0009144 11111111 1110111 1101011 1100011 1101011*
L0009180 11111111 1110111 1101011 1100011 1101011*
L0009216 11111111 1110111 1101011 1100011 1101011*
L0009252 11111111 1110111 1101011 1100011 1101011*
L0009288 11111111 1110111 1101011 1100011 1101011*
L0009324 11111111 1110111 1101011 1100011 1101011*
L0009360 11111111 1110111 1101011 1100011 1101011*
L0009396 11111111 1110111 1101011 1101011 1101011*
L0009432 11111111 1110111 1101011 1100011 1101011*
L0009468 11111111 1110111 1101011 1100011 1101011*
L0009504 11111111 1110111 1101011 1100011 1101011*
L0009540 11111111 1110111 1101011 1100011 1101011*
L0009576 11111111 1110111 1101011 1100011 1101011*
L0009612 11111111 1110111 1101011 1100011 1101011*
L0009648 11111111 1110111 1101011 1100011 1101011*
L0009684 11111111 1110111 1101011 1100011 1101011*
L0009720 11111111 1110111 1101011 1100011 1101011*
L0009756 11111111 1111111 1101011 1100011 1101011*
L0009792 11111111 1110111 1101011 1100011 1101011*
L0009828 11111111 1110111 1101011 1100011 1101011*
L0009864 11111111 1110111 1101011 1100011 1101011*
L0009900 11111111 1110111 1101011 1100011 1101011*
L0009936 11111111 1110111 1101011 1100011 1101011*
L0009972 11111111 1110111 1101011 1100011 1101011*
L0010008 11111111 1110111 1101011 1100011 1101011*
L0010044 11111111 1110111 1101011 1100011 1101011*
L0010080 11111111 1110111 1101011 1100011 1101011*
L0010116 11111111 1110111 1101011 1100011 1101011*
L0010152 11111111 1110111 1101011 1100011 1101011*
L0010188 11111111 1110111 1101011 1100011 1101011*
L0010224 11111111 1110111 1101011 1100011 1101011*
L0010260 11111111 1110111 1101011 1100011 1101011*
L0010296 11111111 1110111 1101011 1100011 1101011*
L0010332 11111111 1110111 1101011 1100011 1101011*
L0010368 11111111 1110111 1101011 1100011 1101011*
L0010404 11111111 1110111 1101011 1100011 1101011*
L0010440 11111111 1110111 1101011 1100011 1101011*
L0010476 11111111 1110111 1101011 1100011 1101011*
L0010512 11111111 1110111 1101011 1100011 1101011*
L0010548 11111111 1110111 1101011 1100011 1101011*
L0010584 11111111 1110111 1101011 1100011 1101011*
L0010620 11111111 1110111 1101011 1100011 1101011*
L0010656 11111111 1110111 1101011 1100011 1101011*
L0010692 11111111 1110111 1101011 1100011 1101011*
L0010728 11111111 1110111 1101011 1100011 1101011*
L0010764 11111111 1110111 1101011 1100011 1101011*
L0010800 11111111 1110111 1101011 1100011 1101011*
L0010836 11111111 1110111 1101011 1100011 1101011*
L0010872 11111111 1110111 1101011 1100011 1101011*
L0010908 11111111 1110111 1101011 1100011 1101011*
L0010944 11111111 1110111 1101011 1100011 1101011*
L0010980 11111111 1110111 1101011 1100011 1101011*
L0011016 11111111 1110111 1101011 1100011 1101011*
L0011052 11111111 1110111 1101011 1100011 1101011*
L0011088 11111111 1110111 1101011 1100011 1101011*
L0011124 11111111 1110111 1101011 1100011 1101011*
L0011160 11111111 1110111 1101011 1100011 1101011*
L0011196 11111111 1110111 1101011 1100011 1101011*
L0011232 11111111 1110111 1101011 1100011 1101011*
L0011268 11111111 1110111 1101011 1100011 1101011*
L0011304 11111111 1110111 1101011 1100011 1101011*
L0011340 11111111 1110111 1101011 1100011 1101011*
L0011376 11111111 1110111 1101011 1100011 1101011*
L0011412 11111111 1110111 1101011 1100011 1101011*
L0011448 11111111 1110111 1101011 1100011 1101011*
L0011484 11111111 1110111 1101011 1100011 1101011*
L0011520 11111111 1110111 1101011 1100011 1101011*
L0011556 11111111 1110111 1101011 1100011 1101011*
L0011592 11111111 1110111 1101011 1110011 1101011*
L0011628 11111111 1110111 1101011 1100011 1101011*
L0011664 11111111 1110111 1101011 1100011 1101011*
L0011700 11111111 1110111 1101011 1100011 1101011*
L0011736 11111111 1110111 1101011 1100011 1101011*
L0011772 11111111 1110111 1101011 1100011 1101011*
L0011808 11111111 1110111 1101011 1100011 1101011*
L0011844 11111111 1110111 1101011 1100011 1101011*
L0011880 11111111 1110111 1101011 1100011 1101011*
L0011916 11111111 1110111 1101011 1100011 1101011*
L0011952 11111111 1110111 1101011 1100011 1101011*
L0011988 11111111 1110111 1101011 1100011 1101011*
L0012024 11111111 1110111 1101011 1100011 1101011*
L0012060 11111111 1110111 1101011 1100011 1101011*
L0012096 11111111 1110111 1101011 1100011 1101011*
L0012132 11111111 1110111 1101011 1100011 1101011*
L0012168 11111111 1110111 1101011 1100011 1101011*
L0012204 11111111 1110111 1101011 1100011 1101011*
L0012240 11111111 1110111 1111011 1100011 1101011*
L0012276 11111111 1110111 1101011 1100011 1111011*
L0012312 11111111 1110111 1101011 1100011 1101011*
L0012348 11111111 1110111 1101011 1100011 1101011*
L0012384 11111111 1110111 1101011 1100011 1101011*
L0012420 11111111 1110111 1101011 1100011 1101011*
L0012456 11111111 1110111 1101011 1100011 1101011*
L0012492 11111111 1110111 1101011 1100011 1101011*
L0012528 11111111 1110111 1101011 1100011 1101011*
L0012564 11111111 1110111 1101011 1100011 1101011*
L0012600 11111111 1110111 1101011 1100011 1101011*
L0012636 11111111 1110111 1101011 1100011 1101011*
L0012672 11111111 1110111 1101011 1100011 1101011*
L0012708 11111111 1110111 1101011 1100011 1101011*
L0012744 11111111 1110111 1101011 1100011 1101011*
L0012780 11111111 1110111 1101011 1100011 1101011*
L0012816 11111111 1110111 1101011 1100011 1101011*
L0012852 11111111 1110111 1101011 1100011 1101011*
L0012888 11111111 1110111 1101011 1100011 1101011*
L0012924 11111111 1110111 1101011 1100011 1101011*
L0012960 11111111 1110111 1101011 1100011 1101011*
L0012996 11111111 1110111 1101011 1100011 1101011*
L0013032 11111111 1110111 1101011 1100011 1101011*
L0013068 11111111 1110111 1101011 1100011 1101011*
L0013104 11111111 1110111 1101011 1100011 1101011*
L0013140 11111111 1110111 1101011 1100011 1101011*
L0013176 11111111 1110111 1101011 1100011 1101011*
L0013212 11111111 1110111 1101011 1100011 1101011*
L0013248 11111111 1110111 1101011 1100011 1101011*
L0013284 11111111 1110111 1101011 1100011 1101011*
L0013320 11111111 1110111 1101011 1100011 1101011*
L0013356 11111111 1110111 1101011 1100011 1101011*
L0013392 11111111 1110111 1101011 1100011 1101011*
L0013428 11111111 1110111 1101011 1100011 1101011*
L0013464 11111111 1110111 1101011 1100011 1101011*
L0013500 11111111 1110111 1101011 1100011 1101011*
L0013536 11111111 1110111 1101011 1100011 1101011*
L0013572 11111111 1110111 1101011 1100011 1101011*
L0013608 11111111 1110111 1101011 1100011 1101011*
L0013644 11111111 1110111 1101011 1100011 1101011*
L0013680 11111111 1110111 1101011 1100011 1101011*
L0013716 11111111 1110111 1101011 1100011 1101011*
L0013752 11111111 1110111 1101011 1100011 1101011*
L0013788 11111111 1110111 1101011 1100011 1101011*
L0013824 11111111 1110111 1101011 1100011 1101011*
L0013860 11111111 1110111 1101011 1100011 1101011*
L0013896 11111111 1110111 1101011 1100011 1101011*
L0013932 11111111 1110111 1101011 1100011 1101011*
L0013968 11111111 1110111 1101011 1100011 1101011*
L0014004 11111111 1110111 1101011 1100011 1101011*
L0014040 11111111 1110111 1101011 1100011 1101111*
L0014076 11111111 1110111 1101011 1100011 1101011*
L0014112 11111111 1110111 1101011 1100011 1101011*
L0014148 11111111 1110111 1101011 1100011 1101011*
L0014184 11111111 1110111 1101011 1100011 1101011*
L0014220 11111111 1110111 1101011 1100011 1101011*
L0014256 11111111 1110111 1101011 1100011 1101011*
L0014292 11111111 1110111 1101011 1100011 1101011*
L0014328 11111111 1110111 1101011 1100011 1101011*
L0014364 11111111 1110111 1101011 1100011 1101011*
L0014400 11111111 1110111 1101011 1100011 1101011*
L0014436 11111111 1110111 1101011 1100011 1101011*
L0014472 11111111 1110111 1101011 1100011 1101011*
L0014508 11111111 1110111 1101011 1100011 1101011*
L0014544 11111111 1110111 1101011 1100011 1101011*
L0014580 11111111 1110111 1101011 1100011 1101011*
L0014616 11111111 1110111 1101011 1100011 1101011*
L0014652 11111111 1110111 1101011 1100011 1101011*
L0014688 11111111 1110111 1101011 1100011 1101011*
L0014724 11111111 1110111 1101011 1100011 1101011*
L0014760 11111111 1110111 1101011 1100011 1101011*
L0014796 11111111 1110111 1101011 1100011 1101011*
L0014832 11111111 1110111 1101011 1100011 1101011*
L0014868 11111111 1110111 1101011 1100011 1101011*
L0014904 11111111 1110111 1101011 1100011 1101011*
L0014940 11111111 1110111 1101011 1100011 1101011*
L0014976 11111111 1110111 1101011 1100011 1101011*
L0015012 11111111 1110111 1101011 1100011 1101011*
L0015048 11111111 1110111 1101011 1100011 1101011*
L0015084 11111111 1110111 1101011 1100011 1101011*
L0015120 11111111 1110111 1101011 1100011 1101011*
L0015156 11111111 1110111 1101011 1100011 1101011*
L0015192 11111111 1110111 1101011 1100011 1101011*
L0015228 11111111 1110111 1101011 1100011 1101011*
L0015264 11111111 1110111 1101011 1100011 1101011*
L0015300 11111111 1110111 1101011 1100011 1101011*
L0015336 11111111 1110111 1101011 1100011 1101011*
L0015372 11111111 1110111 1101011 1100011 1101011*
L0015408 11111111 1110111 1101011 1100011 1101011*
L0015444 11111111 1110111 1101011 1100011 1101011*
L0015480 11111111 1110111 1101011 1100011 1101011*
L0015516 11111111 1110111 1101011 1100011 1101011*
L0015552 00000011 00000011 00000011 00000011 00000011*
L0015592 00000011 00000011 00000011 00000011 000000*
L0015630 000000 000000 000000 000000 000000*
L0015660 01000011 00000011 00000011 00000011 00000011*
L0015700 00000011 00000011 00000011 00000011 000000*
L0015738 000000 000000 000000 000000 000000*
L0015768 00000011 00000011 00000011 00000011 00000011*
L0015808 00000011 00000011 00000011 00000011 000000*
L0015846 000000 000000 000000 000000 000000*
L0015876 00000011 00000011 00000011 00000011 00000011*
L0015916 00000011 00000011 00000011 00000011 000000*
L0015954 000000 000000 000001 000000 000000*
L0015984 00000011 00000011 00000011 00000011 00000011*
L0016024 00000011 00000011 00000011 00000011 000000*
L0016062 000000 000000 000000 000000 000000*
L0016092 00000011 00000011 00000011 00000011 00000011*
L0016132 00000011 00000011 00000011 00000011 100000*
L0016170 000000 000000 000000 000000 000000*
L0016200 00000011 01000011 00000011 00000011 00000011*
L0016240 00000011 00000011 00000011 00000011 000000*
L0016278 000000 000000 000000 000000 000000*
L0016308 00000011 00000011 00000011 00000011 00000011*
L0016348 00000011 00000011 00000011 00000011 000000*
L0016386 000000 000000 000000 000000 000000*
L0016416 00000011 00000011 00000011 00000011 00000011*
L0016456 00000011 00000011 00000011 00000011 000000*
L0016494 000000 000000 000000 000000 000000*
L0016524 10000011 00000011 00000011 00000011 00000011*
L0016564 00000011 00000011 00000011 00000011 000000*
L0016602 000000 000000 000000 000000 000000*
L0016632 00000011 00000011 00011011 01111011 10000011*
L0016672 00000011 00000011 00000011 00100011 100000*
L0016710 000000 000000 000000 000000 000000*
L0016740 00011111 00000011 10000011 00000011 00000011*
L0016780 00000011 00000011 00000011 00010011 010000*
L0016818 000001 000000 000000 000100 111000*
L0016848 00000000 00000000 01100000 10000000 00000000*
L0016888 00000000 00000000 00100000 10000000 000100*
L0016926 000000 000000 000000 000000 000100*
L0016956 00011110 00000011 00011011 01111000 10000011*
L0016996 00000011 00000000 00000011 00100010 100000*
L0017034 000001 000000 000000 000000 000000*
L0017064 00000010 00000000 00000000 00000000 00000000*
L0017104 00000000 11111100 00000000 00000000 000000*
L0017142 000000 111110 000000 000000 000000*
L0017172 00000001 00000000 00000000 00000011 00000000*
L0017212 00000000 00000011 00000000 00000001 000000*
L0017250 000000 000000 000000 000000 000000*
L0017280 00000011 00000000 00000000 00000011 00000001*
L0017320 00000001 00000011 00000011 00000001 000000*
L0017358 000000 000000 000000 000000 000000*
L0017388 00000000 00000011 00001011 00000000 00000011*
L0017428 00000011 00000001 00000001 00000010 000000*
L0017466 000000 000000 000000 000000 000000*
L0017496 00011111 10000010 00000000 00011011 00000001*
L0017536 00000001 00000011 00000011 01000001 000000*
L0017574 000001 000000 000000 111000 000000*
L0017604 00000000 00000001 00011011 01100000 10000011*
L0017644 00000011 00000001 00000001 00100011 100000*
L0017682 000000 000000 000000 000000 000000*
L0017712 10000011 00000010 00000000 00000011 00000001*
L0017752 00000001 00000011 00000011 00000001 000000*
L0017790 000000 000000 000000 000000 000000*
L0017820 00000001 00000001 00000011 00000011 00000011*
L0017860 00000011 00000011 00000011 00000011 000000*
L0017898 000000 000000 000001 000000 000000*
L0017928 00000011 00000011 00000011 00000011 00000011*
L0017968 00000011 00000011 00000011 00000011 000000*
L0018006 000000 000000 000000 000000 000000*
L0018036 00100001 01000000 00000001 00000011 00000001*
L0018076 00000011 00000011 00000011 00000001 000000*
L0018114 000000 000000 000000 000000 000000*
L0018144 00000011 00000011 00000010 00000011 00000011*
L0018184 00000001 00000011 00000011 00000011 000000*
L0018222 000000 000000 000000 000000 000000*
L0018252 00000011 00000011 00000011 00000010 00000011*
L0018292 00000011 00000001 00100011 00000011 000000*
L0018330 001000 000001 001000 001000 001000*
L0018360 00000000 00000000 00000000 00000000 00000000*
L0018400 00000000 00000000 00000000 00000000 000000*
L0018438 000000 000000 000000 000000 000000*
L0018468 00000011 10000000 10000000 10000011 00000000*
L0018508 10000000 00000011 10000000 00000001 000000*
L0018546 000000 000000 000000 000000 000000*
L0018576 00011111 00000011 00011011 01111011 10000011*
L0018616 00000011 11111111 00000011 00100011 100000*
L0018654 000001 111110 000000 000000 000000*
L0018684 00000011 00000011 00000011 00000011 00000011*
L0018724 00000011 00000011 11010011 00000011 000000*
L0018762 000000 000000 111100 000000 000000*
L0018792 00000011 00000011 00000011 00000011 00000011*
L0018832 00000011 00000011 00000011 00000011 000000*
L0018870 000000 000000 000000 000000 000000*
L0018900 00000011 00001011 00100011 00000011 00000011*
L0018940 00000011 00000011 00000011 00000011 000000*
L0018978 010000 000000 010000 010000 010000*
L0019008 00000011 00000011 00000011 00000011 00000011*
L0019048 00000011 00000011 00000011 00000011 000000*
L0019086 000000 000000 000000 000000 000000*
L0019116 00000011 00000011 00000011 00000011 00000011*
L0019156 00000011 11111111 00000011 00000011 000000*
L0019194 000000 111110 000000 000000 000000*
L0019224 00000011 00000011 00000011 00000011 00000011*
L0019264 00000011 00000011 00000011 00000011 000000*
L0019302 000000 000000 000000 000000 000000*
L0019332 00000001 00000000 00010000 00000011 00000000*
L0019372 00000000 00000011 00000000 00000001 000000*
L0019410 000000 000000 000000 000000 000000*
L0019440 00000010 00000011 00000011 00000000 00000011*
L0019480 00000011 00000000 00000011 00000010 000000*
L0019518 000000 000000 000000 000000 000000*
L0019548 00000010 00100011 00000011 00000000 00000011*
L0019588 00000011 00000000 00000011 00000010 000000*
L0019626 000000 000000 000000 000000 000000*
L0019656 00000011 00000011 00000011 00000011 00000011*
L0019696 00000011 00000011 00000011 00000011 000000*
L0019734 000000 000000 000000 000000 000000*
L0019764 00000011 00000011 00000011 00000011 00000011*
L0019804 00000011 00000011 00000011 00100011 000000*
L0019842 000000 000000 000000 000000 000000*
L0019872 00000011 00000011 00000011 00000011 00000011*
L0019912 00000011 00000001 00000011 00000011 000000*
L0019950 000000 000000 000000 000000 000000*
L0019980 00000010 00000011 00000011 00000010 00000011*
L0020020 00000011 00000010 00000011 00000010 000000*
L0020058 000100 000000 000100 000100 000100*
L0020088 00000011 00000011 00000011 00000011 00000011*
L0020128 00000011 00000011 00000011 00000011 000000*
L0020166 000000 000000 000000 000000 000000*
L0020196 00000011 00000011 00000011 00000011 00000011*
L0020236 00100011 00000011 00000011 00000011 000000*
L0020274 000000 000000 000000 000000 000000*
L0020304 00000011 00000000 00000000 00000011 00000000*
L0020344 00000000 00000011 00000000 00000001 000000*
L0020382 000000 000000 000000 000000 000000*
L0020412 00000000 00000111 00000011 00000000 00000011*
L0020452 00000011 00000000 00000011 00000010 000000*
L0020490 000000 000000 000000 000000 000000*
L0020520 00000011 00000011 00000011 00000011 00000011*
L0020560 00000011 00000011 00000011 00000011 000000*
L0020598 000000 000000 000000 000000 000000*
L0020628 00011111 00000011 00000011 00000011 00000011*
L0020668 00000011 00000011 00000011 00000011 000000*
L0020706 000001 000000 000000 000000 000000*
L0020736 00000011 00000011 00000011 00000011 00000011*
L0020776 00000011 00000011 00000011 00000011 000000*
L0020814 000000 000000 000000 000000 000000*
L0020844 00000011 00000000 00000000 01000011 00000000*
L0020884 00000000 00000011 00000000 00000001 000000*
L0020922 000000 000000 000000 000000 000000*
L0020952 00000000 00000000 00000000 00000000 00000000*
L0020992 00000000 00000000 00000000 00000000 000000*
L0021030 000000 000000 000000 000000 000000*
L0021060 00000000 00000000 00000000 00010000 00000000*
L0021100 00000000 00000000 00000000 00000000 000000*
L0021138 000000 000000 000000 000000 000000*
L0021168 00011100 00000000 00011000 01111000 10000001*
L0021208 00000001 00000001 00000001 00100000 100000*
L0021246 000001 000000 000000 000000 000000*
L0021276 00000000 00000000 00000000 00000000 00000001*
L0021316 11010001 00000001 00000001 00000001 000000*
L0021354 111100 000000 000000 000000 000000*
L0021384 00000001 00000000 00000000 00000011 00000001*
L0021424 00000001 00000011 00000011 00000001 000000*
L0021462 000000 000000 000000 000000 000000*
L0021492 00000010 00000001 00000011 00000010 00000010*
L0021532 00000010 00000001 00000001 10000011 000000*
L0021570 100000 000000 100000 100000 100000*
L0021600 00000011 00000011 00000001 00000010 00000011*
L0021640 00000011 00000000 00000011 00000011 000000*
L0021678 000000 000000 000000 000000 000000*
L0021708 00000001 00000011 00000011 00001011 00000010*
L0021748 00000011 00000010 00000001 00000001 000000*
L0021786 000000 000000 000000 000000 000000*
L0021816 00000010 00000011 00000011 00000010 00000001*
L0021856 00000010 00000001 00000001 00000001 000000*
L0021894 000000 000000 000000 000000 000000*
L0021924 00000001 00000011 00000001 00100010 00000010*
L0021964 00000010 00000010 00000001 00000001 000000*
L0022002 000000 000000 000000 000000 000000*
L0022032 00000001 00000001 00000011 00000001 00000010*
L0022072 00000010 00000000 00000011 00000011 000000*
L0022110 000000 000000 000000 000000 000000*
L0022140 00000001 00010011 01000011 00000010 00000010*
L0022180 01000010 00000011 01000011 01000001 010000*
L0022218 000000 000000 000000 000000 000000*
L0022248 00000001 00000011 00000011 00000010 00000011*
L0022288 00000011 00000011 00000001 00000001 000000*
L0022326 000000 000000 000000 000000 000000*
L0022356 00000001 00000001 00000011 00000000 00000010*
L0022396 00001011 00000001 00000011 00000011 000000*
L0022434 000000 000000 000000 000000 000000*
L0022464 00000001 00000011 00000011 00000001 00000011*
L0022504 00000010 00000001 00000011 00000011 000000*
L0022542 000000 000000 000000 000000 000000*
L0022572 00000011 00000001 00000001 00000011 10000011*
L0022612 00000011 00000000 00000011 00000011 000000*
L0022650 000000 000000 000000 000000 000000*
L0022680 00000001 00000011 00000011 00000011 00000011*
L0022720 00000010 00000001 00000011 00000011 000000*
L0022758 000000 000000 000000 000000 000000*
L0022788 00000001 00000001 00000011 00000011 00000011*
L0022828 00000011 00000011 00000011 00000011 000000*
L0022866 000010 000000 000000 000000 000000*
L0022896 00000011 00000011 00000011 00000011 00000011*
L0022936 00000011 00000001 00000011 00000011 000000*
L0022974 000000 000000 000000 000000 000000*
L0023004 00000011 00000011 00000011 00000011 00000011*
L0023044 00000111 00000011 00000011 00000011 000000*
L0023082 000000 000000 000000 000000 000000*
L0023112 00000011 00000011 00000011 00000011 00000011*
L0023152 00000011 00000011 00000011 00000011 000000*
L0023190 000000 000000 000000 000000 000000*
L0023220 00000011 00000011 00000011 00000011 00000011*
L0023260 00010011 00000011 00010011 00010011 000100*
L0023298 000000 000000 000000 000000 000000*
L0023328 11111011 1010010 1111111 1110000 0111110*
L0023364 11111011 1010010 1111111 1110000 0111110*
L0023400 11111011 1010010 1111111 1110000 0111110*
L0023436 11111011 1010010 1111111 1111000 0111110*
L0023472 11111011 1010010 1111111 1110000 0111110*
L0023508 11111011 1010010 1111111 1110000 0111110*
L0023544 11111011 1010010 1111111 1110000 0111110*
L0023580 11111011 1010010 1111111 1110000 0111110*
L0023616 11111011 1010010 1111111 1110000 0111110*
L0023652 11111011 1010010 1111111 1110000 0111110*
L0023688 11111011 1010010 1111111 1110000 0111110*
L0023724 11111011 1010010 1111111 1110000 0111110*
L0023760 11111011 1010010 1111111 1110000 0111110*
L0023796 11111011 1010010 1111111 1110000 0111110*
L0023832 11111011 1010010 1111111 1110000 0111110*
L0023868 11111011 1010010 1111111 1110000 0111110*
L0023904 11111011 1010010 1111111 1110000 0111110*
L0023940 11111011 1010010 1111111 1110100 0111110*
L0023976 11111011 1010010 1111111 1110000 0111110*
L0024012 11111011 1010010 1111111 1110000 0111110*
L0024048 11111011 1010010 1111111 1110000 0111110*
L0024084 11111011 1010010 1111111 1110000 0111110*
L0024120 11111011 1010010 1111111 1110000 0111110*
L0024156 11111011 1010010 1111111 1110000 0111110*
L0024192 11111011 1010010 1111111 1110000 0111110*
L0024228 11111011 1010010 1111111 1110000 0111110*
L0024264 11111011 1010010 1111111 1110000 0111110*
L0024300 11111011 1010010 1111111 1110000 0111110*
L0024336 11111011 1010010 1111111 1110000 0111110*
L0024372 11111011 1010010 1111111 1110000 0111110*
L0024408 11111011 1010010 1111111 1110000 0111110*
L0024444 11111011 1010010 1111111 1110000 0111110*
L0024480 11111011 1010010 1111111 1110000 0111110*
L0024516 11111011 1010010 1111111 1110000 0111110*
L0024552 11111011 1010010 1111111 1110000 0111110*
L0024588 11111011 1010010 1111111 1110000 0111110*
L0024624 11111011 1010010 1111111 1110000 0111110*
L0024660 11111011 1010010 1111111 1110000 0111110*
L0024696 11111011 1010010 1111111 1110000 0111110*
L0024732 11111011 1010010 1111111 1110000 0111110*
L0024768 11111011 1010010 1111111 1110000 0111110*
L0024804 11111011 1010010 1111111 1110000 0111110*
L0024840 11111011 1010010 1111111 1110000 0111110*
L0024876 11111011 1110010 1111111 1110000 0111110*
L0024912 11111011 1010010 1111111 1110000 0111110*
L0024948 11111011 1010010 1111111 1111000 0111110*
L0024984 11111011 1010010 1111111 1110000 0111110*
L0025020 11111011 1010010 1111111 1110000 0111110*
L0025056 11111011 1010010 1111111 1110000 0111110*
L0025092 11111011 1010010 1111111 1110000 0111110*
L0025128 11111011 1010010 1111111 1110000 0111110*
L0025164 11111011 1010010 1111111 1110000 0111110*
L0025200 11111011 1110010 1111111 1110000 0111110*
L0025236 11111011 1010110 1111111 1110000 0111110*
L0025272 11111011 1010010 1111111 1110000 0111111*
L0025308 11111011 1010010 1111111 1111000 0111110*
L0025344 11111011 1010010 1111111 1110000 0111110*
L0025380 11111011 1010010 1111111 1110000 0111110*
L0025416 11111011 1010010 1111111 1110000 0111110*
L0025452 11111011 1010010 1111111 1110000 0111110*
L0025488 11111011 1010010 1111111 1110000 0111110*
L0025524 11111011 1010010 1111111 1110000 0111110*
L0025560 11111011 1010010 1111111 1110000 0111110*
L0025596 11111011 1010010 1111111 1110000 0111110*
L0025632 11111011 1010010 1111111 1110000 0111110*
L0025668 11111011 1010010 1111111 1110000 0111110*
L0025704 11111011 1010010 1111111 1110000 0111110*
L0025740 11111011 1010010 1111111 1110000 0111110*
L0025776 11111011 1010010 1111111 1110000 0111110*
L0025812 11111011 1010010 1111111 1110001 0111110*
L0025848 11111011 1010010 1111111 1110000 0111110*
L0025884 11111011 1010010 1111111 1110000 0111110*
L0025920 11111011 1010010 1111111 1110000 0111110*
L0025956 11111011 1110010 1111111 1110000 0111110*
L0025992 11111011 1010010 1111111 1110000 0111110*
L0026028 11111011 1010010 1111111 1110000 0111110*
L0026064 11111011 1010010 1111111 1110000 0111110*
L0026100 11111011 1010010 1111111 1110000 0111110*
L0026136 11111011 1010010 1111111 1110000 0111110*
L0026172 11111011 1010010 1111111 1110000 0111110*
L0026208 11111011 1010010 1111111 1110000 0111110*
L0026244 11111011 1010010 1111111 1110000 0111110*
L0026280 11111011 1010010 1111111 1110000 0111110*
L0026316 11111011 1010010 1111111 1110000 0111110*
L0026352 11111011 1010011 1111111 1110000 0111110*
L0026388 11111011 1010010 1111111 1110000 0111110*
L0026424 11111011 1010010 1111111 1110000 0111110*
L0026460 11111011 1010010 1111111 1110000 0111110*
L0026496 11111011 1010010 1111111 1110000 0111110*
L0026532 11111011 1010010 1111111 1110000 0111110*
L0026568 11111011 1010010 1111111 1110000 0111110*
L0026604 11111011 1010010 1111111 1110000 0111110*
L0026640 11111011 1010010 1111111 1110000 0111110*
L0026676 11111011 1010010 1111111 1110000 0111110*
L0026712 11111011 1010010 1111111 1110000 0111110*
L0026748 11111011 1010010 1111111 1110000 0111110*
L0026784 11111011 1010010 1111111 1110000 0111110*
L0026820 11111011 1010010 1111111 1110000 0111110*
L0026856 11111011 1010010 1111111 1110000 0111110*
L0026892 11111011 1010010 1111111 1110000 0111110*
L0026928 11111011 1010010 1111111 1110000 0111110*
L0026964 11111011 1010010 1111111 1110000 0111110*
L0027000 11111011 1010010 1111111 1110000 0111110*
L0027036 11111011 1010010 1111111 1110000 0111110*
L0027072 11111111 1010010 1111111 1110000 0111110*
L0027108 11111011 1010010 1111111 1110010 0111110*
L0027144 11111011 1010010 1111111 1110000 0111110*
L0027180 11111011 1010010 1111111 1110000 0111110*
L0027216 11111011 1010010 1111111 1110000 0111110*
L0027252 11111011 1010010 1111111 1110000 0111110*
L0027288 11111011 1010010 1111111 1110000 1111110*
L0027324 11111011 1010010 1111111 1110000 0111110*
L0027360 11111011 1010010 1111111 1110000 0111110*
L0027396 11111011 1010010 1111111 1110000 0111110*
L0027432 11111011 1010010 1111111 1110000 0111110*
L0027468 11111011 1010010 1111111 1110000 0111110*
L0027504 11111011 1010010 1111111 1110000 0111110*
L0027540 11111011 1010010 1111111 1110000 0111110*
L0027576 11111011 1010010 1111111 1110000 0111110*
L0027612 11111011 1010010 1111111 1110000 0111110*
L0027648 11111011 1010010 1111111 1110000 0111110*
L0027684 11111011 1010010 1111111 1110000 0111110*
L0027720 11111011 1010010 1111111 1110000 0111110*
L0027756 11111011 1010010 1111111 1110000 0111110*
L0027792 11111011 1011010 1111111 1110000 0111110*
L0027828 11111011 1010010 1111111 1110000 0111110*
L0027864 11111011 1010010 1111111 1110000 0111110*
L0027900 11111011 1010010 1111111 1110000 0111110*
L0027936 11111011 1010010 1111111 1110000 0111110*
L0027972 11111011 1010010 1111111 1110000 0111110*
L0028008 11111011 1010010 1111111 1110000 0111110*
L0028044 11111011 1010010 1111111 1110000 0111110*
L0028080 11111011 1010010 1111111 1110000 0111110*
L0028116 11111011 1010010 1111111 1110000 0111110*
L0028152 11111011 1010010 1111111 1110000 0111110*
L0028188 11111011 1010010 1111111 1110000 0111110*
L0028224 11111011 1010010 1111111 1110000 0111110*
L0028260 11111011 1010010 1111111 1110000 0111110*
L0028296 11111011 1010010 1111111 1110000 0111110*
L0028332 11111011 1010010 1111111 1110000 0111110*
L0028368 11111011 1010010 1111111 1110000 0111110*
L0028404 11111011 1010010 1111111 1110000 0111110*
L0028440 11111011 1010010 1111111 1110000 0111110*
L0028476 11111011 1010010 1111111 1110000 0111110*
L0028512 11111011 1010010 1111111 1110000 0111110*
L0028548 11111011 1010010 1111111 1110000 0111110*
L0028584 11111011 1010010 1111111 1110000 0111110*
L0028620 11111011 1010010 1111111 1110000 0111110*
L0028656 11111011 1010010 1111111 1110000 0111110*
L0028692 11111011 1010010 1111111 1110000 0111110*
L0028728 11111011 1010010 1111111 1110000 0111110*
L0028764 11111011 1010010 1111111 1110000 0111110*
L0028800 11111011 1010010 1111111 1110000 0111110*
L0028836 11111011 1010010 1111111 1110000 0111110*
L0028872 11111011 1010010 1111111 1110000 0111110*
L0028908 11111011 1010010 1111111 1110000 0111110*
L0028944 11111011 1010010 1111111 1110000 0111110*
L0028980 11111011 1010010 1111111 1110000 0111110*
L0029016 11111011 1010010 1111111 1110000 0111110*
L0029052 11111011 1010010 1111111 1110000 0111110*
L0029088 11111011 1010010 1111111 1110000 0111110*
L0029124 11111011 1010010 1111111 1110000 0111110*
L0029160 11111011 1010010 1111111 1110000 0111110*
L0029196 11111011 1010010 1111111 1110000 0111110*
L0029232 11111011 1010010 1111111 1110000 0111110*
L0029268 11111011 1010010 1111111 1110000 0111110*
L0029304 11111011 1010010 1111111 1110000 0111110*
L0029340 11111011 1010010 1111111 1110000 0111110*
L0029376 11111011 1010010 1111111 1110000 0111110*
L0029412 11111011 1010010 1111111 1110000 0111110*
L0029448 11111011 1010010 1111111 1110000 0111110*
L0029484 11111011 1010010 1111111 1110000 0111110*
L0029520 11111011 1010010 1111111 1110000 0111110*
L0029556 11111011 1010010 1111111 1110000 0111110*
L0029592 11111011 1010010 1111111 1110000 0111110*
L0029628 11111011 1010010 1111111 1110000 0111110*
L0029664 11111011 1010010 1111111 1110000 0111110*
L0029700 11111011 1010010 1111111 1110000 0111110*
L0029736 11111011 1010010 1111111 1110000 0111110*
L0029772 11111011 1010010 1111111 1111000 0111110*
L0029808 11111011 1010010 1111111 1110000 0111110*
L0029844 11111011 1010010 1111111 1110000 0111110*
L0029880 11111011 1010010 1111111 1110000 0111110*
L0029916 11111011 1010010 1111111 1110000 0111110*
L0029952 11111011 1010010 1111111 1110000 0111110*
L0029988 11111011 1010010 1111111 1110000 0111110*
L0030024 11111011 1010010 1111111 1110000 0111110*
L0030060 11111011 1010010 1111111 1110000 0111110*
L0030096 11111011 1010010 1111111 1110000 0111110*
L0030132 11111011 1010010 1111111 1110000 0111110*
L0030168 11111011 1010010 1111111 1110000 0111110*
L0030204 11111011 1010010 1111111 1110000 0111110*
L0030240 11111011 1010010 1111111 1110000 0111110*
L0030276 11111011 1010010 1111111 1110000 0111110*
L0030312 11111011 1010010 1111111 1110000 0111110*
L0030348 11111011 1010010 1111111 1110000 0111110*
L0030384 11111011 1010010 1111111 1110000 0111110*
L0030420 11111011 1010010 1111111 1110000 0111110*
L0030456 11111011 1010010 1111111 1110000 0111110*
L0030492 11111011 1010010 1111111 1110000 0111110*
L0030528 11111011 1010010 1111111 1110000 0111110*
L0030564 11111011 1010010 1111111 1110000 0111110*
L0030600 11111011 1010010 1111111 1110000 0111110*
L0030636 11111011 1010010 1111111 1110000 0111110*
L0030672 11111011 1010010 1111111 1110000 0111110*
L0030708 11111011 1010010 1111111 1110000 0111110*
L0030744 11111011 1010010 1111111 1110000 0111110*
L0030780 11111011 1010010 1111111 1110000 0111110*
L0030816 11111011 1010010 1111111 1110000 0111110*
L0030852 11111011 1010010 1111111 1110000 0111110*
L0030888 11111011 1010010 1111111 1110000 0111110*
L0030924 11111011 1010010 1111111 1110000 0111110*
L0030960 11111011 1010010 1111111 1110000 0111110*
L0030996 11111011 1010010 1111111 1110000 0111110*
L0031032 11111011 1010010 1111111 1110000 0111110*
L0031068 11111011 1010010 1111111 1110000 0111110*
L0031104 00000011 00000011 00000011 00000011 00000111*
L0031144 00000011 00000011 00000011 00000011 000000*
L0031182 000000 000000 000000 000000 000000*
L0031212 00000011 10000011 10000011 00000111 00000011*
L0031252 00000011 00000011 00000011 00000011 000000*
L0031290 000001 000001 000001 000001 000001*
L0031320 00000011 00000011 00000011 00000011 00000011*
L0031360 00000011 00000011 00000011 00000011 000000*
L0031398 000000 000000 000000 000000 000000*
L0031428 10000011 00000011 00000011 00000011 00000011*
L0031468 00000011 00000011 00000011 00000011 000000*
L0031506 000000 000000 000000 000000 000000*
L0031536 00000011 00000011 00000011 00000011 00000011*
L0031576 00000011 00000011 00000011 00000011 000000*
L0031614 000000 000000 000000 000000 000000*
L0031644 01101011 00000011 00000011 00000011 00000011*
L0031684 00000011 00000011 00000011 00000011 000000*
L0031722 000000 000000 000000 000000 000000*
L0031752 01101011 00000011 00000011 10000011 00000011*
L0031792 00000011 00000011 00000011 00000011 000000*
L0031830 000000 000000 000000 000000 000000*
L0031860 00000011 10000011 00000011 00000011 00000011*
L0031900 00000011 00000011 00000011 00000011 000000*
L0031938 000000 000000 000000 000000 000000*
L0031968 00000011 00000011 00000011 00000011 00000011*
L0032008 00000011 00000011 00100011 00000011 000000*
L0032046 000000 000000 000000 000000 000000*
L0032076 00000011 00000011 00000011 00000011 00000011*
L0032116 00000011 00000011 00000011 00100011 000000*
L0032154 000000 000000 000000 000000 000000*
L0032184 00000011 00000011 00000011 00000011 00000011*
L0032224 00000011 00000011 00000011 00000011 000000*
L0032262 000000 000000 000000 000000 000000*
L0032292 00000011 00000011 00000011 10000011 00000011*
L0032332 00000011 00000011 00000011 00000011 000000*
L0032370 000000 000000 000000 000000 000000*
L0032400 00000000 00000011 00000011 00000000 00000011*
L0032440 00000011 00000000 00000111 00000010 000000*
L0032478 000000 000000 000000 000000 000000*
L0032508 00000000 00000011 00000011 00000000 00000011*
L0032548 00000010 00000001 00000010 00000111 000000*
L0032586 000000 000000 000000 000000 000000*
L0032616 00001010 00000011 00000011 10000000 00000011*
L0032656 00000011 00000000 00000011 00000010 000000*
L0032694 000000 000000 000000 000000 000000*
L0032724 01100001 00000011 00000011 00000011 00000011*
L0032764 00000010 00000011 00000011 00000011 000000*
L0032802 000000 000000 000000 000001 000000*
L0032832 00000011 00000000 00000000 10000011 00000000*
L0032872 00000000 00000010 00000000 00000000 000000*
L0032910 000000 000000 000000 000000 000000*
L0032940 01101001 00000000 10000000 00000011 00000000*
L0032980 00000000 00000011 00000000 00000001 000000*
L0033018 000000 000000 000000 000000 000000*
L0033048 00000011 00000000 00000100 00000011 00000000*
L0033088 00000000 00000010 00000000 00000000 000000*
L0033126 000000 000000 000000 000000 000000*
L0033156 00000001 00000100 00000000 00000011 00000000*
L0033196 00000000 00000011 00000000 00000001 000000*
L0033234 000000 000000 000000 000000 000000*
L0033264 00000011 00000011 00000011 00000011 00000011*
L0033304 00000011 00000010 00000011 00000010 000000*
L0033342 000000 000000 000001 000000 000000*
L0033372 01101011 00000011 00000011 10000011 00000011*
L0033412 00000011 00000011 00000011 00000011 000000*
L0033450 000000 000000 000000 000000 000000*
L0033480 01101001 00000011 00000011 10000011 00000011*
L0033520 00000011 00000011 00000011 00000011 000000*
L0033558 000000 000000 000000 000000 000000*
L0033588 00000011 00000011 00000011 00000011 00000011*
L0033628 00000011 00000010 00000011 00000011 000000*
L0033666 000000 000000 000000 000000 000001*
L0033696 00000011 00000011 00000011 00000011 00000011*
L0033736 00000011 00000010 00010011 00000010 000000*
L0033774 000000 000000 000000 000000 000000*
L0033804 00000001 01000011 00000011 00000011 00000011*
L0033844 00000011 00000011 00000010 00010011 000000*
L0033882 000000 000000 000000 000000 000000*
L0033912 00000000 00000000 00000000 00000000 00000000*
L0033952 00000000 00000000 00000000 00000000 000000*
L0033990 000000 000000 000100 000000 000000*
L0034020 00000011 00001011 00000011 00000011 00000011*
L0034060 00000011 00000011 00000011 00000011 000000*
L0034098 000000 000000 000000 000100 000000*
L0034128 00000011 00000000 00000000 00000011 00000000*
L0034168 00000000 00000011 00000000 00000001 000000*
L0034206 000000 000000 010000 000000 000000*
L0034236 00000011 00000011 00000011 00000011 00000011*
L0034276 00000011 00000011 00000011 00000011 000000*
L0034314 000000 000000 000000 010000 000000*
L0034344 00000011 00000011 00000011 00000011 00000011*
L0034384 00000011 00000011 00000011 00000011 000000*
L0034422 000000 000000 000000 000000 000000*
L0034452 00000011 00010011 00000011 00000011 00000011*
L0034492 00000011 00000011 00000011 00000011 000000*
L0034530 000000 000000 000000 000000 000000*
L0034560 01101011 00000011 00000011 10000011 00000011*
L0034600 00000011 00000011 00000011 00000011 000000*
L0034638 000000 000000 000000 000000 000000*
L0034668 00000011 00000011 00000011 00000011 00000011*
L0034708 00000011 00000011 00000011 00000011 000000*
L0034746 000000 000001 000000 000000 000000*
L0034776 01101011 00000011 00000011 10000011 00000011*
L0034816 00000011 00000011 00000011 00000011 000000*
L0034854 000000 000000 000000 000000 000000*
L0034884 00000011 00000011 00000011 00000011 00000011*
L0034924 00000011 00000010 00000011 00000010 000000*
L0034962 000001 000000 000000 000000 000000*
L0034992 00000000 00000000 00000000 00000000 00000000*
L0035032 00000000 00000001 00000000 00000001 000000*
L0035070 000000 000000 000010 000000 000000*
L0035100 00000000 00000000 00000000 00000000 00000000*
L0035140 00000000 00000001 00000000 00000001 000000*
L0035178 000000 000000 000000 000010 000000*
L0035208 00000011 00000011 00000011 00000011 00000011*
L0035248 00000011 00000011 00000011 00000011 000000*
L0035286 000000 000000 000000 000000 000000*
L0035316 00000111 00000011 00000011 00000011 00000011*
L0035356 00000011 00000011 00000011 00000011 000000*
L0035394 000010 000000 000000 000000 000000*
L0035424 00000000 00000011 00000011 00000011 00000011*
L0035464 00000011 00000011 00000011 00000011 000000*
L0035502 000010 000000 000000 000000 000000*
L0035532 00000111 00000011 00000011 00000011 00000011*
L0035572 00000011 00000011 00000011 00000011 000000*
L0035610 000000 000000 000000 000000 000000*
L0035640 00000011 00000011 00000011 00000000 00000011*
L0035680 00000011 00000001 00000011 00000011 000000*
L0035718 000000 000000 000000 000000 000000*
L0035748 00000011 00000011 00000011 00000011 00000011*
L0035788 00000111 00000011 00000011 00000011 000000*
L0035826 000000 000010 000000 000000 000000*
L0035856 00000011 00000001 00000000 00000011 00000000*
L0035896 00000100 00000011 00000011 00000011 000000*
L0035934 000000 000000 000000 000000 000000*
L0035964 00000000 00000010 00000011 00000000 00000011*
L0036004 00000011 00000000 00000000 00000000 000000*
L0036042 000000 000010 000000 000000 000000*
L0036072 00000011 00000010 00000011 00000011 00000011*
L0036112 00000011 00000011 10000000 00000001 000000*
L0036150 000000 000000 000000 000000 000000*
L0036180 00000011 00000011 00000011 00000011 00000011*
L0036220 00000011 00000011 00000011 10000011 000000*
L0036258 000000 000000 000000 000000 000000*
L0036288 00000011 00000011 00000011 00000011 00000011*
L0036328 00000011 00000011 00000011 00000011 000000*
L0036366 000000 000000 000000 000000 000000*
L0036396 00000011 00000100 00000100 00000011 00000000*
L0036436 00000000 00000011 00000000 00000001 000000*
L0036474 000000 000000 000000 000000 000000*
L0036504 00000000 00000011 00000011 00000000 00000011*
L0036544 00000010 00000000 00000010 00000010 000000*
L0036582 000000 000000 000000 000000 000000*
L0036612 00000000 00000011 00000011 00000000 00000011*
L0036652 00000010 00000000 11111111 11111110 000000*
L0036690 000000 000000 111110 111110 000000*
L0036720 00000101 00000000 00000000 00000011 00000000*
L0036760 00000000 00000010 00000000 00000000 000000*
L0036798 000000 000000 000000 000000 000000*
L0036828 00000001 00000000 00000000 00000011 00000000*
L0036868 00000000 00000010 00000000 00000000 000000*
L0036906 000010 000000 000000 000000 000000*
L0036936 00000011 00000111 00000011 00000011 00000011*
L0036976 00000011 00000010 00000011 00000010 000000*
L0037014 000000 000000 000000 000000 000000*
L0037044 00000011 00000001 00000101 00000010 00000011*
L0037084 00000011 00000001 00000011 00000011 000000*
L0037122 000000 000000 000000 000000 000000*
L0037152 00000001 00000011 00000001 00000011 00000010*
L0037192 00000010 00000010 00001001 00000001 000000*
L0037230 000000 000000 000000 000000 000000*
L0037260 00000011 00000011 00000001 00000001 00000011*
L0037300 00000010 00000001 00000001 00001011 000000*
L0037338 000000 000000 000000 000000 000000*
L0037368 00000001 00000011 00000011 00000001 00000011*
L0037408 00000010 00000001 00000001 00000011 000000*
L0037446 000000 000000 100000 000000 000000*
L0037476 00000000 00000011 00000011 00000001 00000011*
L0037516 00000011 00000000 00000011 00000001 000000*
L0037554 000000 000000 000000 100000 000000*
L0037584 00000001 00000011 00000011 00000011 00000011*
L0037624 00000010 00000000 00000001 00000011 000000*
L0037662 000000 000000 000000 000000 000000*
L0037692 00000001 00000011 00000011 00000100 00000111*
L0037732 00000011 00000001 00000011 00000011 000000*
L0037770 000000 000000 000000 000000 000000*
L0037800 00000001 00000011 00000011 00000011 00000011*
L0037840 00000010 00000000 00000011 00000011 000000*
L0037878 000000 000000 000000 000000 000000*
L0037908 00010000 00000011 00000011 00000010 00000010*
L0037948 00000010 00000001 00000001 00000011 000000*
L0037986 000000 000000 000000 000000 000000*
L0038016 00000000 00000011 00000011 00000010 00000010*
L0038056 00000011 00000011 00000011 00000011 000000*
L0038094 000000 000010 000000 000000 000000*
L0038124 00000001 00000011 00000011 00000010 00000010*
L0038164 00000111 00000011 00000001 00000011 000000*
L0038202 000000 000000 000000 000000 000000*
L0038232 00000000 00000011 00000011 00000111 00000010*
L0038272 00000011 00000011 00000011 00000011 000000*
L0038310 000000 000000 000000 000000 000000*
L0038340 00000001 00000001 00000011 00000011 00000111*
L0038380 00000011 00000011 00000011 00000011 000000*
L0038418 000000 000000 000000 000000 000000*
L0038448 00000011 00000011 00000011 00000011 00000011*
L0038488 00000011 00000001 01000011 00000011 000000*
L0038526 000000 000000 000000 000000 000000*
L0038556 00000011 00000011 00000011 00000011 00000011*
L0038596 00000011 00000011 00000011 01000011 000000*
L0038634 000000 000000 000000 000000 000000*
L0038664 00000011 00000011 00000011 00000011 00000011*
L0038704 00000011 00000011 00000011 00000011 000000*
L0038742 000000 000000 001000 000000 000000*
L0038772 00000011 00100011 00000011 00000011 00000011*
L0038812 00000011 00000011 00000011 00000011 000000*
L0038850 000000 000000 000000 001000 000000*
L0038880 11100101 0111011 0111001 1111110 1110011*
L0038916 11100101 0111011 0111001 1111110 1110011*
L0038952 11100101 0111011 0111001 1111110 1110011*
L0038988 11100101 0111011 0111001 1111110 1110011*
L0039024 11100101 0111011 0111001 1111110 1110011*
L0039060 11100101 0111011 0111001 1111110 1110011*
L0039096 11100101 0111011 0111001 1111110 1110011*
L0039132 11100101 0111011 0111001 1111110 1110011*
L0039168 11100101 0111011 0111001 1111110 1110011*
L0039204 11100101 0111011 1111001 1111110 1110011*
L0039240 11100101 0111011 0111001 1111110 1110011*
L0039276 11100101 0111011 0111001 1111110 1110011*
L0039312 11100101 0111011 0111001 1111110 1110011*
L0039348 11100101 0111011 0111001 1111110 1110011*
L0039384 11100101 0111011 0111001 1111110 1110011*
L0039420 11100101 0111011 0111001 1111110 1110011*
L0039456 11100101 0111011 0111001 1111110 1110011*
L0039492 11100101 0111011 0111001 1111110 1110011*
L0039528 11100101 0111011 0111001 1111110 1110011*
L0039564 11100101 0111011 0111001 1111110 1110011*
L0039600 11100101 0111011 0111001 1111110 1110011*
L0039636 11100101 0111011 0111001 1111110 1110011*
L0039672 11100101 0111011 0111001 1111110 1110011*
L0039708 11100101 0111011 0111001 1111110 1110011*
L0039744 11100101 0111011 0111001 1111110 1110011*
L0039780 11100101 0111011 0111001 1111110 1110011*
L0039816 11100101 0111011 0111001 1111110 1110011*
L0039852 11100101 0111011 0111011 1111110 1110011*
L0039888 11100101 0111011 0111001 1111110 1110011*
L0039924 11100101 0111011 0111001 1111110 1110011*
L0039960 11101101 0111011 0111001 1111110 1110011*
L0039996 11100101 0111011 0111001 1111110 1110011*
L0040032 11100101 0111011 0111001 1111110 1110011*
L0040068 11100101 0111011 0111001 1111111 1110011*
L0040104 11100101 0111011 0111001 1111110 1110011*
L0040140 11100101 0111011 0111101 1111110 1110011*
L0040176 11100101 0111011 0111001 1111110 1110011*
L0040212 11100101 0111011 0111001 1111110 1110011*
L0040248 11100101 0111011 0111001 1111110 1110011*
L0040284 11100101 0111011 0111001 1111110 1110011*
L0040320 11100101 0111011 0111001 1111110 1110011*
L0040356 11100101 0111011 0111001 1111110 1110011*
L0040392 11100101 0111011 0111001 1111110 1110011*
L0040428 11100101 0111011 0111001 1111110 1110011*
L0040464 11100101 0111011 0111001 1111110 1110011*
L0040500 11100101 0111011 0111001 1111110 1110011*
L0040536 11100101 0111011 0111001 1111110 1110011*
L0040572 11100101 0111011 0111001 1111110 1110011*
L0040608 11100101 0111011 0111001 1111110 1110011*
L0040644 11100101 0111011 0111001 1111110 1110011*
L0040680 11100101 0111011 0111001 1111110 1110011*
L0040716 11100101 0111011 0111001 1111110 1110011*
L0040752 11100101 0111011 0111001 1111110 1110011*
L0040788 11100101 0111011 0111001 1111110 1110011*
L0040824 11100101 0111011 0111001 1111110 1110011*
L0040860 11110101 0111011 0111001 1111110 1110011*
L0040896 11100101 0111011 0111001 1111110 1110011*
L0040932 11100101 0111011 0111001 1111110 1110011*
L0040968 11100101 0111011 0111001 1111110 1110011*
L0041004 11100101 0111011 0111001 1111110 1110011*
L0041040 11100101 0111011 0111001 1111110 1110011*
L0041076 11100101 0111011 0111001 1111110 1110011*
L0041112 11100101 0111011 0111001 1111110 1110011*
L0041148 11100101 0111011 0111001 1111110 1110011*
L0041184 11100101 0111011 0111001 1111110 1110011*
L0041220 11100101 0111011 0111001 1111110 1110011*
L0041256 11100101 0111011 0111001 1111110 1110011*
L0041292 11100101 0111011 0111001 1111110 1110011*
L0041328 11100101 0111011 0111001 1111110 1110011*
L0041364 11100101 0111011 0111001 1111110 1110011*
L0041400 11100101 0111011 0111001 1111110 1110011*
L0041436 11100101 0111011 0111001 1111110 1110011*
L0041472 11100101 0111011 0111001 1111110 1110011*
L0041508 11100101 0111011 0111001 1111110 1110011*
L0041544 11100101 0111011 0111001 1111110 1110011*
L0041580 11100101 0111011 0111001 1111110 1110011*
L0041616 11100101 0111011 0111001 1111110 1110011*
L0041652 11100101 0111011 0111001 1111110 1110011*
L0041688 11100101 0111011 0111001 1111110 1110011*
L0041724 11100101 0111011 0111001 1111110 1110011*
L0041760 11100101 0111011 0111001 1111110 1110011*
L0041796 11100101 0111011 0111001 1111110 1110011*
L0041832 11100101 0111011 0111001 1111110 1110011*
L0041868 11100101 0111011 0111001 1111110 1110011*
L0041904 11100101 0111011 0111001 1111110 1110011*
L0041940 11100101 0111011 0111001 1111110 1110011*
L0041976 11100101 0111011 0111001 1111110 1110011*
L0042012 11100101 0111011 0111001 1111110 1110011*
L0042048 11100101 0111011 0111001 1111110 1110011*
L0042084 11100101 0111011 0111001 1111110 1110011*
L0042120 11100101 0111011 0111001 1111110 1110011*
L0042156 11100101 0111011 0111001 1111110 1110011*
L0042192 11100101 0111011 0111001 1111110 1110011*
L0042228 11100101 0111011 0111001 1111110 1110011*
L0042264 11100101 0111011 0111001 1111110 1110011*
L0042300 11100101 0111011 0111001 1111110 1110011*
L0042336 11100101 0111011 0111001 1111110 1110011*
L0042372 11100101 0111011 0111001 1111110 1110011*
L0042408 11100101 0111011 0111001 1111110 1110011*
L0042444 11100111 0111011 0111001 1111110 1110011*
L0042480 11100101 0111011 0111001 1111110 1110011*
L0042516 11100101 0111011 0111001 1111110 1110011*
L0042552 11100101 0111111 0111001 1111110 1110011*
L0042588 11100101 0111011 0111001 1111110 1110011*
L0042624 11100101 0111011 0111001 1111110 1110011*
L0042660 11100101 0111011 0111001 1111110 1110011*
L0042696 11100101 0111011 0111001 1111110 1110011*
L0042732 11100101 0111011 0111001 1111110 1110011*
L0042768 11100101 0111011 0111001 1111110 1110011*
L0042804 11100101 0111011 0111001 1111110 1110011*
L0042840 11100101 1111011 0111001 1111110 1110011*
L0042876 11100101 0111011 0111001 1111110 1110011*
L0042912 11100101 0111011 0111001 1111110 1110011*
L0042948 11100101 0111011 0111001 1111110 1110011*
L0042984 11100101 0111011 0111001 1111110 1110011*
L0043020 11100101 0111011 0111001 1111110 1110011*
L0043056 11100101 0111011 0111001 1111110 1110011*
L0043092 11100101 0111011 0111001 1111110 1110011*
L0043128 11100101 0111011 0111001 1111110 1110011*
L0043164 11100101 0111011 0111001 1111110 1110011*
L0043200 11100101 0111011 0111001 1111110 1110011*
L0043236 11100101 0111011 0111001 1111110 1110011*
L0043272 11100101 0111011 0111001 1111110 1110011*
L0043308 11100101 0111011 0111001 1111110 1110011*
L0043344 11100101 0111011 0111001 1111110 1110011*
L0043380 11100101 0111011 0111001 1111110 1110011*
L0043416 11100101 0111011 0111001 1111110 1110011*
L0043452 11100101 0111011 0111001 1111110 1110011*
L0043488 11100101 0111011 0111001 1111110 1110011*
L0043524 11100101 0111011 0111001 1111110 1110011*
L0043560 11100101 0111011 0111001 1111110 1110011*
L0043596 11100101 0111011 0111001 1111110 1110011*
L0043632 11100101 0111011 0111001 1111110 1110011*
L0043668 11100101 0111011 0111001 1111110 1110011*
L0043704 11100101 0111011 0111001 1111110 1110011*
L0043740 11100101 0111011 0111001 1111110 1110011*
L0043776 11100101 0111011 0111001 1111110 1110011*
L0043812 11100101 0111011 0111001 1111110 1110011*
L0043848 11100101 0111011 0111001 1111110 1110011*
L0043884 11100101 0111011 0111001 1111110 1110011*
L0043920 11100101 0111011 0111001 1111110 1110011*
L0043956 11100101 0111011 0111001 1111110 1110011*
L0043992 11100101 0111011 0111001 1111110 1110011*
L0044028 11100101 0111011 0111001 1111110 1110011*
L0044064 11100101 0111011 0111001 1111110 1110011*
L0044100 11100101 0111011 0111001 1111110 1110011*
L0044136 11100101 0111011 0111001 1111110 1110011*
L0044172 11100101 0111011 0111001 1111110 1110011*
L0044208 11100101 0111011 0111001 1111110 1110011*
L0044244 11100101 0111011 0111001 1111110 1110011*
L0044280 11100101 0111011 0111001 1111110 1110011*
L0044316 11100101 0111011 0111001 1111110 1110011*
L0044352 11100101 0111011 0111001 1111110 1110011*
L0044388 11100101 0111011 0111001 1111110 1110011*
L0044424 11100101 0111011 0111001 1111110 1110011*
L0044460 11100101 0111011 0111001 1111110 1110011*
L0044496 11100101 0111011 0111001 1111110 1110011*
L0044532 11100101 0111011 0111001 1111110 1110011*
L0044568 11100101 0111011 0111001 1111110 1110011*
L0044604 11100101 0111011 0111001 1111110 1110011*
L0044640 11100101 0111011 0111001 1111110 1110011*
L0044676 11100101 0111011 0111001 1111110 1110011*
L0044712 11100101 0111011 0111001 1111110 1110011*
L0044748 11100101 0111011 0111001 1111110 1110011*
L0044784 11100101 0111011 0111001 1111110 1110011*
L0044820 11100101 0111011 0111001 1111110 1110011*
L0044856 11100101 0111011 0111001 1111110 1110011*
L0044892 11100101 0111011 0111001 1111110 1110011*
L0044928 11100101 0111011 0111001 1111110 1110011*
L0044964 11100101 0111011 0111001 1111110 1110011*
L0045000 11100101 0111011 0111001 1111110 1110011*
L0045036 11100101 0111011 0111001 1111110 1110011*
L0045072 11100101 0111011 0111001 1111110 1110011*
L0045108 11100101 0111011 0111001 1111110 1110011*
L0045144 11100101 0111011 0111001 1111110 1110011*
L0045180 11100101 0111011 0111001 1111110 1110011*
L0045216 11100101 0111011 0111001 1111110 1110011*
L0045252 11100101 0111011 0111001 1111110 1110011*
L0045288 11100101 0111011 0111001 1111110 1110011*
L0045324 11100101 0111011 0111001 1111110 1110011*
L0045360 11100101 0111011 0111001 1111110 1110011*
L0045396 11100101 0111011 0111001 1111110 1110011*
L0045432 11100101 0111011 0111001 1111110 1110011*
L0045468 11100101 0111011 0111001 1111110 1110011*
L0045504 11100101 0111011 0111001 1111110 1110011*
L0045540 11100101 0111011 0111001 1111110 1110011*
L0045576 11100101 0111011 0111001 1111110 1110011*
L0045612 11100101 0111011 0111001 1111110 1110011*
L0045648 11100101 0111011 0111001 1111110 1110011*
L0045684 11100101 0111011 0111001 1111110 1110011*
L0045720 11100101 0111011 0111001 1111110 1110011*
L0045756 11100101 0111011 0111001 1111110 1110011*
L0045792 11100101 0111011 0111001 1111110 1110011*
L0045828 11100101 0111011 0111001 1111110 1110011*
L0045864 11100101 0111011 0111001 1111110 1110011*
L0045900 11100101 0111011 0111001 1111110 1110011*
L0045936 11100101 0111011 0111001 1111110 1110011*
L0045972 11100101 0111011 0111001 1111110 1110011*
L0046008 11100101 0111011 0111001 1111110 1110011*
L0046044 11100101 0111011 0111001 1111110 1110011*
L0046080 11100101 0111011 0111001 1111110 1110111*
L0046116 11100101 0111011 0111001 1111110 1111011*
L0046152 11100101 0111011 0111001 1111110 1110011*
L0046188 11100101 0111011 0111001 1111110 1110011*
L0046224 11100101 0111011 0111001 1111110 1110011*
L0046260 11100101 0111011 0111001 1111110 1110011*
L0046296 11100101 0111011 0111001 1111110 1110011*
L0046332 11100101 0111011 0111001 1111110 1110011*
L0046368 11100101 0111011 0111001 1111110 1110011*
L0046404 11100101 0111011 0111001 1111110 1110011*
L0046440 11100101 0111011 0111001 1111110 1110011*
L0046476 11100101 0111011 0111001 1111110 1110011*
L0046512 11100101 0111011 0111001 1111110 1110011*
L0046548 11100101 0111011 0111001 1111110 1110011*
L0046584 11100101 0111011 0111001 1111110 1110011*
L0046620 11100101 0111011 0111001 1111110 1110011*
L0046656 00000011 00000011 00000011 00000011 00000011*
L0046696 00000011 00000011 00000011 00000011 000000*
L0046734 000000 000000 000000 000000 000000*
L0046764 00000011 00000011 00000011 00000011 00000011*
L0046804 00000011 00000011 00000011 10000011 000000*
L0046842 000000 000000 000000 000000 000000*
L0046872 00000011 00000011 00000011 00000011 00000011*
L0046912 00000011 00000011 00000011 00000011 000000*
L0046950 000000 000000 000000 000000 000000*
L0046980 00000011 00000011 00000011 00000011 00000011*
L0047020 00000011 00000011 00000011 00000011 000000*
L0047058 000000 001000 000000 000000 000000*
L0047088 00010011 00000011 00000011 00000011 10000111*
L0047128 00110011 00000011 10000011 00000011 100011*
L0047166 101000 000000 000000 000000 000011*
L0047196 01100011 00000011 00000011 10000111 00000011*
L0047236 01000011 10000011 00001011 10000111 000000*
L0047274 010100 000000 000001 000010 000000*
L0047304 01110011 00000011 00000011 00000011 00000011*
L0047344 01110011 00000011 10000011 10000111 100011*
L0047382 111100 000000 000000 000000 000011*
L0047412 10000111 00000011 00000011 00000011 00000011*
L0047452 00000111 00000011 00000011 00000011 000000*
L0047490 000010 000000 000000 000000 000000*
L0047520 00000011 00000011 00000011 00000011 00000011*
L0047560 00000011 10000011 10000011 00000011 100011*
L0047598 100100 000000 000000 000010 000011*
L0047628 01110011 00000011 00000011 00000011 10000111*
L0047668 01110011 00001011 00000011 10000111 000000*
L0047706 011000 000001 000000 000000 000000*
L0047736 00000011 00000011 00000011 00000011 00000011*
L0047776 00000011 00000011 00000011 00000011 000000*
L0047814 000000 000000 000000 000000 000000*
L0047844 00000111 00000111 00000111 00000111 00000111*
L0047884 00000011 00000011 00000011 00000011 000000*
L0047922 000000 000000 000000 000010 000000*
L0047952 00000000 00000000 00000000 00000000 00000001*
L0047992 00000000 00000000 00000000 00000001 000000*
L0048030 000000 000000 000000 000000 000000*
L0048060 00000010 00000000 00000000 00000000 00000000*
L0048100 00000001 00000001 00000001 00000000 000001*
L0048138 000000 000000 000000 000000 000000*
L0048168 00110000 00000010 00000000 00000000 00000001*
L0048208 00111000 00000000 00000000 10000101 100001*
L0048246 101001 000000 000000 000000 000000*
L0048276 01000011 00000001 00000011 10000111 00000010*
L0048316 01000010 00000011 10000010 00000010 000010*
L0048354 010100 000000 000000 000000 000011*
L0048384 00000001 00000011 00000011 00000011 00000011*
L0048424 00000010 00000010 00000010 00000011 000000*
L0048462 000000 000000 000000 000000 000000*
L0048492 10000011 10000001 10000011 10000010 10000010*
L0048532 00000011 10000011 00000011 00000010 000000*
L0048570 000000 000000 000000 000000 000000*
L0048600 00000001 00000011 00000011 00000011 00000011*
L0048640 00000011 00000010 00000011 00000011 000000*
L0048678 000000 000000 000000 000000 000000*
L0048708 00000011 00010001 00000011 00000011 00000010*
L0048748 00000010 01000011 00000010 00000010 000000*
L0048786 000000 000000 000000 000000 000000*
L0048816 00000001 00000011 10000111 00000011 00000011*
L0048856 00000011 00000010 00000011 00001011 000000*
L0048894 000000 000000 000000 000001 000000*
L0048924 01110011 00000001 00000011 00000011 00000010*
L0048964 01110010 00000011 10000010 10000110 100011*
L0049002 111100 000000 000000 000000 000011*
L0049032 00000011 00000001 00000011 00000011 00000011*
L0049072 00000011 00000011 00000011 00000011 000000*
L0049110 000000 000000 000000 000000 000000*
L0049140 00001011 00000011 00000011 00000011 00000010*
L0049180 10000010 00000010 00000011 00000011 000000*
L0049218 000000 000000 000000 000000 000000*
L0049248 00000001 00000011 00000011 00000011 00000011*
L0049288 00000011 00000010 00000010 00000011 000000*
L0049326 000000 000000 000000 000000 000000*
L0049356 00000011 00000001 00000011 00000011 00000011*
L0049396 00000011 00000011 10000010 00000010 000000*
L0049434 000000 000000 000000 000000 000000*
L0049464 00000000 00000000 00000000 00000000 00000000*
L0049504 00000000 00000100 00000000 00000001 000000*
L0049542 000000 000010 000000 000000 000000*
L0049572 00000011 00000011 00000011 00000011 00000011*
L0049612 00000010 00000011 00000010 00000011 000000*
L0049650 000000 000000 000000 000000 000000*
L0049680 01110011 00000011 00000011 00000011 00000011*
L0049720 01110011 00000111 10000011 10000111 100011*
L0049758 011100 000010 000000 000000 000011*
L0049788 00000011 10000111 00000011 00000011 00000011*
L0049828 00000011 00000011 00000111 00000011 000000*
L0049866 100000 000000 000010 000000 000000*
L0049896 00000011 00000011 00000011 00000011 00000011*
L0049936 00000011 00000011 00000011 00000011 000000*
L0049974 000000 000000 000000 000000 000000*
L0050004 01110011 00000011 00000011 00000011 00000011*
L0050044 01110011 00000011 00000011 00000011 000000*
L0050082 111100 000000 000000 000000 000000*
L0050112 00000011 00000011 00000011 00000011 00000011*
L0050152 00000011 00000011 00000011 00000011 000000*
L0050190 000000 000000 000000 000000 000000*
L0050220 00000011 00000011 00001011 00000011 00000011*
L0050260 00000011 00000011 00000011 00000011 000000*
L0050298 000000 000000 000000 000000 000000*
L0050328 00000011 00000011 00000011 00000011 00000011*
L0050368 00000011 00000011 00000011 00000011 000000*
L0050406 000000 000000 000000 000000 000000*
L0050436 00000001 00100011 00000011 00000011 00000010*
L0050476 00000010 00010010 00000010 00000010 000000*
L0050514 000000 110000 000000 000000 000000*
L0050544 00000010 00000000 00000000 00000000 00000001*
L0050584 00000001 00000001 00000001 00000001 000000*
L0050622 000000 000000 000000 000000 000000*
L0050652 00000010 01000000 00000000 00000000 00000001*
L0050692 00000001 00100001 00000001 00000001 000000*
L0050730 000000 000100 000000 000000 000000*
L0050760 00000011 00000011 00000011 00000011 00000011*
L0050800 00000011 00000011 00000011 00000011 000000*
L0050838 000000 000000 000000 000000 000000*
L0050868 00000011 00000011 00000011 00000011 00000011*
L0050908 00000011 00000011 00000011 00000111 000000*
L0050946 000000 000000 000000 000000 000000*
L0050976 00000011 00000001 00000011 00000010 00000011*
L0051016 00000011 00000011 00000011 00000011 000000*
L0051054 000000 000000 000000 000000 000000*
L0051084 00000010 00000010 00000011 00000011 00000011*
L0051124 00000011 00000001 00000001 00000001 000010*
L0051162 000000 000000 000000 000000 000000*
L0051192 00000011 00000011 00000000 00000001 00000001*
L0051232 00000001 00000011 00000011 00000011 000000*
L0051270 000000 000000 000000 000000 000000*
L0051300 00000011 00001011 00000011 00000011 00000011*
L0051340 00000011 00000011 00000011 00000011 000000*
L0051378 000000 000000 000000 000000 000000*
L0051408 00000011 00000011 00000011 00000011 00000011*
L0051448 00000010 00000011 00000010 00000010 000000*
L0051486 000000 000000 000000 000000 000000*
L0051516 00000000 00000000 00000000 00000000 00000000*
L0051556 00000001 00000100 00000001 00000001 000000*
L0051594 000000 000010 000000 000000 000000*
L0051624 00000011 00000011 00000011 00000011 00000011*
L0051664 00000011 00000011 00000011 00000011 000000*
L0051702 000000 000000 000000 000000 000000*
L0051732 00000011 00000011 00000011 00000011 00000011*
L0051772 00000011 00000011 00000011 00000011 000000*
L0051810 000000 000000 000000 000000 000010*
L0051840 00000011 00000011 00000011 00000011 00000011*
L0051880 00000011 00000011 00000011 00000011 000000*
L0051918 000000 000000 000000 000000 000000*
L0051948 00000011 00000011 00000011 00000011 00000011*
L0051988 00000010 00000011 00000010 00000011 000000*
L0052026 000000 000000 000000 000000 000000*
L0052056 00000000 00000000 00000000 00000000 00000000*
L0052096 00000000 00000000 00000000 00000000 000000*
L0052134 000000 000000 000000 000000 000000*
L0052164 00000000 00000000 00000000 00000000 00000000*
L0052204 00000000 00000000 00000000 00000000 000000*
L0052242 000000 000000 000000 000000 000000*
L0052272 00000001 00000001 00000011 00000010 00000010*
L0052312 00000010 00000010 00000010 00000010 000000*
L0052350 000000 000000 000000 000000 000000*
L0052380 00000001 00000001 00000011 00000011 00000010*
L0052420 00000010 00000010 00000010 00000010 000000*
L0052458 000000 000000 000000 000000 000000*
L0052488 00000001 00000001 00000011 00000011 00000010*
L0052528 00000010 00000010 00000010 00000010 000000*
L0052566 000000 000000 000000 000000 000000*
L0052596 00000000 00000001 00001011 00000001 00000011*
L0052636 00000011 00000010 00000001 00000011 000000*
L0052674 000000 000000 000000 000000 000000*
L0052704 00000000 00000011 00000001 00000011 00000011*
L0052744 00000011 00000000 00000001 00000011 000000*
L0052782 000000 000000 000000 000000 000000*
L0052812 00000000 00000001 00000011 00000000 00000011*
L0052852 00000011 00000000 00000001 00000001 000000*
L0052890 000000 000000 000000 000000 000000*
L0052920 00000011 00000001 00000001 00000010 00000011*
L0052960 00000010 00000001 00000011 00000011 000000*
L0052998 000000 000000 000000 000000 000000*
L0053028 00000001 00000001 00000001 00000000 00000010*
L0053068 00000010 00000010 00000011 00000001 100000*
L0053106 000000 000000 000000 000000 000000*
L0053136 00000001 00000011 00000011 00000010 00000011*
L0053176 00000010 00000001 00000011 00000011 000000*
L0053214 000000 000000 000000 000000 000000*
L0053244 00000011 00000001 00000001 00000011 00000010*
L0053284 00000011 00000010 00000001 00000001 000000*
L0053322 000000 000000 000000 000000 000000*
L0053352 00000001 00000011 00000011 00000010 00000010*
L0053392 00000010 00000001 00000011 00000011 000000*
L0053430 000000 000000 000000 000000 000000*
L0053460 00000011 00000011 00000011 00000011 00000011*
L0053500 00000111 00000011 00000111 00000011 000000*
L0053538 000001 000001 000001 000001 000000*
L0053568 00000011 00000001 00000001 00000011 00000011*
L0053608 00000011 00000010 00000011 00000011 000000*
L0053646 000000 000000 000000 000000 000000*
L0053676 00000010 00000011 00000011 00000011 00000011*
L0053716 00000011 00000011 00000001 00000011 000000*
L0053754 000000 000000 000000 000000 000000*
L0053784 00000011 00000001 00000011 00000001 00000010*
L0053824 00000010 00000011 00000011 00000011 000000*
L0053862 000000 000000 000000 000000 000000*
L0053892 00000001 00000001 00000011 00000011 00000011*
L0053932 00001011 00001011 00001011 00001011 000000*
L0053970 000010 000000 000010 000000 000000*
L0054000 00000011 00000011 00000011 00000011 00000011*
L0054040 00000011 00000001 00000011 00000011 000000*
L0054078 000000 000000 000000 000000 000000*
L0054108 00000011 00000011 00000011 00000011 00000011*
L0054148 00000011 00000011 00000011 00000011 000000*
L0054186 000000 000000 000000 000000 000000*
L0054216 00000011 00000011 00000011 00000011 00000011*
L0054256 00000011 00000011 00000011 00000011 000000*
L0054294 000000 000000 000000 000000 000000*
L0054324 00000011 00000011 00000011 00000011 00000011*
L0054364 00000011 00000011 00000011 00000011 000000*
L0054402 000000 000000 000000 000000 000001*
L0054432 11001111 1110011 1111011 1111111 1111111*
L0054468 11001111 1110011 1111011 1111111 1111111*
L0054504 11001111 1110011 1111011 1111111 1111111*
L0054540 11001111 1110111 1111011 1111111 1111111*
L0054576 11001111 1110011 1111011 1111111 1111111*
L0054612 11001111 1110011 1111011 1111111 1111111*
L0054648 11001111 1110011 1111011 1111111 1111111*
L0054684 11001111 1110011 1111011 1111111 1111111*
L0054720 11001111 1110011 1111011 1111111 1111111*
L0054756 11011111 1110011 1111011 1111111 1111111*
L0054792 11001111 1110011 1111011 1111111 1111111*
L0054828 11001111 1110011 1111011 1111111 1111111*
L0054864 11001111 1110011 1111011 1111111 1111111*
L0054900 11001111 1110011 1111011 1111111 1111111*
L0054936 11001111 1110011 1111011 1111111 1111111*
L0054972 11001111 1110011 1111011 1111111 1111111*
L0055008 11001111 1110011 1111011 1111111 1111111*
L0055044 11001111 1110011 1111011 1111111 1111111*
L0055080 11001111 1110011 1111011 1111111 1111111*
L0055116 11001111 1110011 1111011 1111111 1111111*
L0055152 11001111 1110011 1111011 1111111 1111111*
L0055188 11001111 1110011 1111011 1111111 1111111*
L0055224 11001111 1110011 1111011 1111111 1111111*
L0055260 11001111 1110011 1111011 1111111 1111111*
L0055296 11001111 1110111 1111011 1111111 1111111*
L0055332 11001111 1110011 1111011 1111111 1111111*
L0055368 11001111 1110011 1111011 1111111 1111111*
L0055404 11001111 1110011 1111011 1111111 1111111*
L0055440 11001111 1110011 1111011 1111111 1111111*
L0055476 11001111 1110011 1111011 1111111 1111111*
L0055512 11001111 1110011 1111011 1111111 1111111*
L0055548 11001111 1110011 1111011 1111111 1111111*
L0055584 11001111 1110011 1111011 1111111 1111111*
L0055620 11001111 1110011 1111011 1111111 1111111*
L0055656 11001111 1110011 1111011 1111111 1111111*
L0055692 11001111 1110011 1111011 1111111 1111111*
L0055728 11001111 1110011 1111011 1111111 1111111*
L0055764 11001111 1110011 1111011 1111111 1111111*
L0055800 11001111 1110011 1111011 1111111 1111111*
L0055836 11001111 1110011 1111011 1111111 1111111*
L0055872 11001111 1110011 1111011 1111111 1111111*
L0055908 11001111 1110011 1111011 1111111 1111111*
L0055944 11001111 1110011 1111011 1111111 1111111*
L0055980 11001111 1110011 1111011 1111111 1111111*
L0056016 11001111 1110011 1111011 1111111 1111111*
L0056052 11001111 1110111 1111011 1111111 1111111*
L0056088 11001111 1110011 1111011 1111111 1111111*
L0056124 11001111 1110011 1111011 1111111 1111111*
L0056160 11001111 1110011 1111011 1111111 1111111*
L0056196 11001111 1110011 1111011 1111111 1111111*
L0056232 11001111 1110011 1111011 1111111 1111111*
L0056268 11001111 1110011 1111011 1111111 1111111*
L0056304 11101111 1110011 1111011 1111111 1111111*
L0056340 11001111 1110011 1111011 1111111 1111111*
L0056376 11001111 1110011 1111011 1111111 1111111*
L0056412 11001111 1110111 1111011 1111111 1111111*
L0056448 11001111 1110011 1111011 1111111 1111111*
L0056484 11001111 1110011 1111011 1111111 1111111*
L0056520 11001111 1110011 1111011 1111111 1111111*
L0056556 11001111 1110011 1111011 1111111 1111111*
L0056592 11001111 1110011 1111011 1111111 1111111*
L0056628 11001111 1110011 1111011 1111111 1111111*
L0056664 11001111 1110011 1111011 1111111 1111111*
L0056700 11001111 1110011 1111011 1111111 1111111*
L0056736 11001111 1110011 1111011 1111111 1111111*
L0056772 11001111 1110011 1111011 1111111 1111111*
L0056808 11001111 1110011 1111011 1111111 1111111*
L0056844 11001111 1110011 1111011 1111111 1111111*
L0056880 11001111 1110011 1111011 1111111 1111111*
L0056916 11001111 1110011 1111011 1111111 1111111*
L0056952 11001111 1110011 1111011 1111111 1111111*
L0056988 11001111 1110011 1111011 1111111 1111111*
L0057024 11001111 1110011 1111011 1111111 1111111*
L0057060 11101111 1110011 1111011 1111111 1111111*
L0057096 11001111 1110011 1111011 1111111 1111111*
L0057132 11001111 1110011 1111011 1111111 1111111*
L0057168 11001111 1110011 1111011 1111111 1111111*
L0057204 11001111 1110011 1111011 1111111 1111111*
L0057240 11001111 1110011 1111011 1111111 1111111*
L0057276 11001111 1110011 1111011 1111111 1111111*
L0057312 11001111 1110011 1111011 1111111 1111111*
L0057348 11001111 1110011 1111011 1111111 1111111*
L0057384 11001111 1110011 1111011 1111111 1111111*
L0057420 11001111 1110011 1111011 1111111 1111111*
L0057456 11001111 1110011 1111011 1111111 1111111*
L0057492 11001111 1110011 1111011 1111111 1111111*
L0057528 11001111 1110011 1111011 1111111 1111111*
L0057564 11001111 1111011 1111011 1111111 1111111*
L0057600 11001111 1110011 1111011 1111111 1111111*
L0057636 11001111 1110011 1111011 1111111 1111111*
L0057672 11001111 1110011 1111011 1111111 1111111*
L0057708 11001111 1110011 1111011 1111111 1111111*
L0057744 11001111 1110011 1111011 1111111 1111111*
L0057780 11001111 1110011 1111011 1111111 1111111*
L0057816 11001111 1110011 1111011 1111111 1111111*
L0057852 11001111 1110011 1111011 1111111 1111111*
L0057888 11001111 1110011 1111011 1111111 1111111*
L0057924 11001111 1110011 1111011 1111111 1111111*
L0057960 11001111 1110011 1111011 1111111 1111111*
L0057996 11001111 1110011 1111011 1111111 1111111*
L0058032 11001111 1110011 1111011 1111111 1111111*
L0058068 11001111 1110011 1111011 1111111 1111111*
L0058104 11001111 1110011 1111011 1111111 1111111*
L0058140 11001111 1110011 1111011 1111111 1111111*
L0058176 11001111 1110011 1111011 1111111 1111111*
L0058212 11001111 1110011 1111011 1111111 1111111*
L0058248 11001111 1110011 1111011 1111111 1111111*
L0058284 11001111 1110011 1111011 1111111 1111111*
L0058320 11001111 1110011 1111011 1111111 1111111*
L0058356 11001111 1110011 1111011 1111111 1111111*
L0058392 11001111 1110011 1111011 1111111 1111111*
L0058428 11001111 1110011 1111011 1111111 1111111*
L0058464 11001111 1110011 1111011 1111111 1111111*
L0058500 11001111 1110011 1111011 1111111 1111111*
L0058536 11001111 1110011 1111011 1111111 1111111*
L0058572 11001111 1110011 1111011 1111111 1111111*
L0058608 11001111 1110011 1111011 1111111 1111111*
L0058644 11001111 1110011 1111011 1111111 1111111*
L0058680 11001111 1110011 1111011 1111111 1111111*
L0058716 11001111 1110011 1111011 1111111 1111111*
L0058752 11001111 1110011 1111011 1111111 1111111*
L0058788 11001111 1110011 1111011 1111111 1111111*
L0058824 11001111 1110011 1111011 1111111 1111111*
L0058860 11001111 1110011 1111011 1111111 1111111*
L0058896 11001111 1110011 1111111 1111111 1111111*
L0058932 11001111 1110011 1111011 1111111 1111111*
L0058968 11001111 1110011 1111011 1111111 1111111*
L0059004 11001111 1110011 1111011 1111111 1111111*
L0059040 11001111 1110011 1111011 1111111 1111111*
L0059076 11001111 1110011 1111011 1111111 1111111*
L0059112 11001111 1110011 1111011 1111111 1111111*
L0059148 11001111 1110011 1111011 1111111 1111111*
L0059184 11001111 1110011 1111011 1111111 1111111*
L0059220 11001111 1110011 1111011 1111111 1111111*
L0059256 11001111 1110011 1111011 1111111 1111111*
L0059292 11001111 1110011 1111011 1111111 1111111*
L0059328 11001111 1110011 1111011 1111111 1111111*
L0059364 11001111 1110011 1111011 1111111 1111111*
L0059400 11001111 1110011 1111011 1111111 1111111*
L0059436 11001111 1110011 1111011 1111111 1111111*
L0059472 11001111 1110011 1111011 1111111 1111111*
L0059508 11001111 1110011 1111011 1111111 1111111*
L0059544 11001111 1110011 1111011 1111111 1111111*
L0059580 11001111 1110011 1111011 1111111 1111111*
L0059616 11001111 1110011 1111011 1111111 1111111*
L0059652 11001111 1110011 1111011 1111111 1111111*
L0059688 11001111 1110011 1111011 1111111 1111111*
L0059724 11001111 1110011 1111011 1111111 1111111*
L0059760 11001111 1110011 1111011 1111111 1111111*
L0059796 11001111 1110011 1111011 1111111 1111111*
L0059832 11001111 1110011 1111011 1111111 1111111*
L0059868 11001111 1110011 1111011 1111111 1111111*
L0059904 11001111 1110011 1111011 1111111 1111111*
L0059940 11001111 1110011 1111011 1111111 1111111*
L0059976 11001111 1110011 1111011 1111111 1111111*
L0060012 11001111 1110011 1111011 1111111 1111111*
L0060048 11001111 1110011 1111011 1111111 1111111*
L0060084 11001111 1110011 1111011 1111111 1111111*
L0060120 11001111 1110011 1111011 1111111 1111111*
L0060156 11001111 1110011 1111011 1111111 1111111*
L0060192 11001111 1110011 1111011 1111111 1111111*
L0060228 11001111 1110011 1111011 1111111 1111111*
L0060264 11001111 1110011 1111011 1111111 1111111*
L0060300 11001111 1110011 1111011 1111111 1111111*
L0060336 11001111 1110011 1111011 1111111 1111111*
L0060372 11001111 1110011 1111011 1111111 1111111*
L0060408 11001111 1110011 1111011 1111111 1111111*
L0060444 11001111 1110011 1111011 1111111 1111111*
L0060480 11001111 1110011 1111011 1111111 1111111*
L0060516 11001111 1110011 1111011 1111111 1111111*
L0060552 11001111 1110011 1111011 1111111 1111111*
L0060588 11001111 1110011 1111011 1111111 1111111*
L0060624 11001111 1110011 1111011 1111111 1111111*
L0060660 11001111 1110011 1111011 1111111 1111111*
L0060696 11001111 1110011 1111011 1111111 1111111*
L0060732 11001111 1110011 1111011 1111111 1111111*
L0060768 11001111 1110011 1111011 1111111 1111111*
L0060804 11001111 1110011 1111011 1111111 1111111*
L0060840 11001111 1110011 1111011 1111111 1111111*
L0060876 11001111 1110111 1111011 1111111 1111111*
L0060912 11001111 1110011 1111011 1111111 1111111*
L0060948 11001111 1110011 1111011 1111111 1111111*
L0060984 11001111 1110011 1111011 1111111 1111111*
L0061020 11001111 1110011 1111011 1111111 1111111*
L0061056 11001111 1110011 1111011 1111111 1111111*
L0061092 11001111 1110011 1111011 1111111 1111111*
L0061128 11001111 1110011 1111011 1111111 1111111*
L0061164 11001111 1110011 1111011 1111111 1111111*
L0061200 11001111 1110011 1111011 1111111 1111111*
L0061236 11001111 1110011 1111011 1111111 1111111*
L0061272 11001111 1110011 1111011 1111111 1111111*
L0061308 11001111 1110011 1111011 1111111 1111111*
L0061344 11001111 1110011 1111011 1111111 1111111*
L0061380 11001111 1110011 1111011 1111111 1111111*
L0061416 11001111 1110011 1111011 1111111 1111111*
L0061452 11001111 1110011 1111011 1111111 1111111*
L0061488 11001111 1110011 1111011 1111111 1111111*
L0061524 11001111 1110011 1111011 1111111 1111111*
L0061560 11001111 1110011 1111011 1111111 1111111*
L0061596 11001111 1110011 1111011 1111111 1111111*
L0061632 11001111 1110011 1111011 1111111 1111111*
L0061668 11001111 1110011 1111011 1111111 1111111*
L0061704 11001111 1110011 1111011 1111111 1111111*
L0061740 11001111 1110011 1111011 1111111 1111111*
L0061776 11001111 1110011 1111011 1111111 1111111*
L0061812 11001111 1110011 1111011 1111111 1111111*
L0061848 11001111 1110011 1111011 1111111 1111111*
L0061884 11001111 1110011 1111011 1111111 1111111*
L0061920 11001111 1110011 1111011 1111111 1111111*
L0061956 11001111 1110011 1111011 1111111 1111111*
L0061992 11001111 1110011 1111011 1111111 1111111*
L0062028 11001111 1110011 1111011 1111111 1111111*
L0062064 11001111 1110011 1111011 1111111 1111111*
L0062100 11001111 1110011 1111011 1111111 1111111*
L0062136 11001111 1110011 1111011 1111111 1111111*
L0062172 11001111 1110011 1111011 1111111 1111111*
L0062208 11110111 00000011 10000011 10000111 00000111*
L0062248 00100111 00000011 00000011 00000011 000000*
L0062286 011000 000000 000100 000100 000100*
L0062316 00000011 00000011 00000011 00000011 00000011*
L0062356 00000011 00000011 00010111 00001011 000000*
L0062394 000000 011100 000000 000000 000000*
L0062424 11110111 00000011 10000011 10000111 00000111*
L0062464 00100011 00000011 00010011 00000011 000000*
L0062502 000000 011000 000100 000100 000100*
L0062532 00000011 00001011 00000011 00000011 00000011*
L0062572 00000111 00000011 00000011 00000011 000000*
L0062610 011000 000000 000000 000000 000011*
L0062640 00000011 00000011 00000011 00000011 00000011*
L0062680 00000011 00000011 00000011 00000011 000000*
L0062718 000000 000000 000000 000000 000000*
L0062748 00000011 00000011 00000011 00000011 00000011*
L0062788 00000011 00000011 00000011 00000011 000000*
L0062826 000000 000000 000100 000000 000000*
L0062856 00000011 00000011 00000011 00000011 00000011*
L0062896 00000011 00000011 00000011 00000011 000000*
L0062934 001000 001000 000000 000000 000000*
L0062964 00000011 00000011 00000011 00000011 00000011*
L0063004 00000011 00000011 00000011 00000011 000000*
L0063042 010000 010000 000000 000000 000000*
L0063072 11010111 00000011 10000011 10000111 00001111*
L0063112 00000011 00000011 00000011 00000011 000000*
L0063150 000000 000000 000100 000000 000100*
L0063180 00100011 00000011 00000011 00001011 00000011*
L0063220 00100011 00000011 00000011 00000011 000000*
L0063258 000000 000000 000011 000100 000000*
L0063288 11100011 00000011 10000011 10001111 00000111*
L0063328 00100011 00000011 00000011 00000011 000000*
L0063366 000000 000000 000100 000000 000100*
L0063396 00010111 00000011 00001011 00000011 00001011*
L0063436 00000011 00000011 00000011 00000011 000000*
L0063474 000000 000000 000000 000111 000000*
L0063504 00000000 00000010 00000011 00000000 00000000*
L0063544 00000000 00000000 00000000 00000000 000000*
L0063582 000000 000000 000000 000000 000000*
L0063612 00000000 00000011 00000010 00000001 00000011*
L0063652 00000010 00000000 10000001 10000010 000000*
L0063690 000000 000000 100000 100000 000000*
L0063720 11100000 00000010 00000011 00000000 00000010*
L0063760 00100000 00000000 00000001 00000100 000010*
L0063798 000000 000000 000000 000100 000100*
L0063828 00010111 00000011 10001010 10000111 00000111*
L0063868 00000111 00000011 00000010 00000011 000000*
L0063906 000000 000000 000100 000000 000000*
L0063936 00000011 00000001 00000101 00000010 00000011*
L0063976 00000010 00000011 00000011 00000010 000001*
L0064014 000000 000000 000000 000000 000000*
L0064044 11110101 00000000 10000000 10000111 00000110*
L0064084 00100011 00000010 00000010 00000011 000000*
L0064122 000000 000000 000000 000000 000000*
L0064152 00000011 00000001 00000001 00000010 00000011*
L0064192 00000010 00000011 00000011 00000010 000000*
L0064230 000000 000000 000000 000000 000000*
L0064260 00001001 00001001 00001000 00001011 00001010*
L0064300 00000011 00000010 00000010 00000011 000000*
L0064338 000100 000100 000000 000000 000000*
L0064368 00000011 00000011 00000011 00000010 00000011*
L0064408 00000010 00010011 00000011 00000010 000000*
L0064446 000000 000000 000000 000000 000000*
L0064476 00000011 00000011 00000010 00000011 00000010*
L0064516 00010011 00000010 00000010 00000011 000000*
L0064554 000000 000000 000000 000000 000000*
L0064584 00000011 00000011 00000010 00000011 00000001*
L0064624 00000001 00000011 00000010 00000001 000000*
L0064662 000000 000000 000000 000000 000000*
L0064692 00000011 00000011 00000010 00000010 00000011*
L0064732 00000010 00010011 00000011 00000010 000000*
L0064770 000000 000000 000000 000000 000000*
L0064800 00000011 00000011 00000011 00000011 00000011*
L0064840 00000010 00000011 10000011 00000010 000000*
L0064878 000000 000000 000000 000000 000000*
L0064908 00000001 10000011 00000011 00000011 00000011*
L0064948 00000011 00000010 00000011 10000011 000000*
L0064986 000000 000000 000000 000000 000000*
L0065016 00000000 00000000 00000000 00000000 00000000*
L0065056 00000000 00000000 00000000 00000000 000000*
L0065094 000000 000000 000000 000000 000000*
L0065124 00000011 00000011 00000011 00000011 00000011*
L0065164 00000011 00000011 00000011 00000011 000000*
L0065202 000000 000000 000000 000100 000000*
L0065232 00000011 00000000 00000000 00000011 00000000*
L0065272 00000001 00000011 00000010 00000001 000000*
L0065310 000000 000000 000000 000000 000000*
L0065340 00000011 00000011 00000011 00000011 00000011*
L0065380 00010011 00000011 00000011 00000011 000000*
L0065418 000000 000000 000000 000000 000000*
L0065448 00000011 00000011 00000011 00000011 00000011*
L0065488 00000011 00001011 00000011 00000011 000000*
L0065526 000000 000000 000000 000000 000000*
L0065556 00000011 00000011 00000011 00000011 00000011*
L0065596 00001011 00000011 00000011 00000011 000000*
L0065634 000000 000000 000000 000000 000000*
L0065664 00000011 00000011 00000011 00000011 00000011*
L0065704 00000011 00000011 00000011 00000011 000000*
L0065742 000000 000000 000000 000000 000000*
L0065772 00000011 00000011 00000111 00000011 00000011*
L0065812 00000011 00000111 00001111 00001111 000011*
L0065850 000000 000011 000011 000011 000011*
L0065880 00000011 00000011 00000011 00000011 00000011*
L0065920 00000011 00000011 00000011 00000011 000000*
L0065958 000000 000000 100000 000000 000000*
L0065988 00000011 00000010 00000010 00000010 00000000*
L0066028 00000001 00000011 00000010 00000001 000000*
L0066066 000000 000000 000000 100000 000000*
L0066096 00000000 00000001 00000001 00000001 00000011*
L0066136 00000010 00000000 00000001 00000010 000000*
L0066174 000000 000000 000000 000000 000000*
L0066204 00000000 00000001 00000001 00000001 00000011*
L0066244 01000010 00000000 00000001 00000010 000000*
L0066282 000000 000000 000000 000000 000000*
L0066312 00000011 00000011 00000011 00000011 00000011*
L0066352 00000011 00000011 00000011 00000011 000000*
L0066390 000000 000000 000000 000000 000000*
L0066420 00000011 00000011 00000011 00000011 00000011*
L0066460 00001011 00000011 00000011 00000011 000000*
L0066498 000000 000000 000000 000000 000000*
L0066528 00000011 00000011 00000011 00000011 00000011*
L0066568 00000010 00000011 00000011 00000010 000000*
L0066606 011000 011000 000000 000000 000000*
L0066636 00000011 00000011 00000011 00000011 00000011*
L0066676 00000010 00000001 00000001 00000010 000000*
L0066714 000000 000000 000000 000000 000000*
L0066744 00000000 00000011 00000011 00000001 00000011*
L0066784 00000011 00000010 00000011 00000011 000000*
L0066822 010000 010000 000000 000000 000000*
L0066852 00000011 00000011 00000011 00000011 00000011*
L0066892 00000011 00000011 00000011 00000011 000000*
L0066930 001000 001000 000000 000000 000000*
L0066960 00000011 00000010 00000000 10000011 00000000*
L0067000 00000001 00000011 00000010 00000001 000000*
L0067038 000000 000000 000000 000000 000000*
L0067068 00000000 00000101 10000011 00000000 00000011*
L0067108 00000010 00100000 00000001 00000010 000000*
L0067146 000000 000000 000000 000000 000000*
L0067176 00000011 00000001 00000011 00000111 00000011*
L0067216 00000011 00000011 00000011 00000011 000000*
L0067254 000000 000000 000000 000000 000000*
L0067284 00000011 00000011 00000011 00000011 00000111*
L0067324 00000011 00000011 00000011 00000011 000000*
L0067362 000000 000000 000000 000000 000000*
L0067392 00000011 00000011 00000011 00000011 00000011*
L0067432 00000011 00000011 00000011 00000011 000000*
L0067470 000000 000000 000000 000000 000000*
L0067500 00000011 00000000 00000100 00000011 00000000*
L0067540 00000001 00000111 00001110 00001101 000011*
L0067578 000000 000011 000011 000011 000011*
L0067608 00000000 00000010 00000010 00000000 00000000*
L0067648 00000000 00000000 00000000 00000000 000000*
L0067686 000000 000000 000000 000000 000000*
L0067716 00000000 00000010 00000110 00000000 00000010*
L0067756 00000000 00000100 00001100 00001100 000011*
L0067794 000000 000011 000011 000011 000011*
L0067824 11110101 00000000 10000000 10000110 00000110*
L0067864 00100110 00000010 00010010 00000010 000000*
L0067902 011000 011000 000100 000100 000100*
L0067932 00000001 00000001 00000000 00000010 00000010*
L0067972 01000010 00000110 00001010 00000010 000000*
L0068010 000100 000000 000000 000000 000000*
L0068040 00000011 00000011 10000010 00000010 00000010*
L0068080 00000010 00000010 00000010 00000010 000000*
L0068118 000000 000000 000000 000000 000000*
L0068148 00000001 00000011 00000101 10000010 00000011*
L0068188 00000011 00000000 00001001 00001011 000010*
L0068226 000000 000010 000010 000010 000010*
L0068256 00000000 00000001 00000011 00000010 00000011*
L0068296 00000011 00000000 00000001 00000011 000000*
L0068334 000000 000000 000000 000000 000000*
L0068364 00000000 00000001 00000001 00000000 00000011*
L0068404 00000011 00000001 00000001 00000001 000000*
L0068442 000011 000000 000000 000000 000000*
L0068472 00000000 00000001 00000011 00000000 00000011*
L0068512 00000011 00000001 00000001 00000001 000000*
L0068550 000000 000000 000000 000000 000000*
L0068580 00000000 00000001 00000001 00000010 00000011*
L0068620 00000011 00000011 00000011 00000001 000000*
L0068658 000000 000000 000000 000000 000100*
L0068688 00110101 00000011 00000011 00000010 00000011*
L0068728 00100010 00000001 00010011 00000011 000000*
L0068766 000000 011011 000100 000100 000100*
L0068796 11001010 00000011 10000011 10000101 00000111*
L0068836 00000110 00000001 00000011 00000001 000000*
L0068874 000000 000000 000000 000000 000000*
L0068904 00000001 00000011 00000001 00000011 00000010*
L0068944 00000011 00000001 00000001 00000011 000000*
L0068982 000000 000000 000000 000000 000000*
L0069012 00000001 00000011 00000011 00000010 00000010*
L0069052 00000011 00001001 00000011 00000011 000000*
L0069090 000000 000000 000000 000000 000000*
L0069120 00000011 00000001 00000011 00000010 00000111*
L0069160 00000010 00000001 00000011 00000011 000000*
L0069198 000000 000000 000000 000000 000000*
L0069228 00000011 01110011 00000001 00000100 00000011*
L0069268 00000010 00000001 00000011 00000001 000000*
L0069306 000000 000000 000000 000000 000000*
L0069336 00000011 00000011 00000011 00000011 00000011*
L0069376 00000011 00000011 00000011 00000011 000000*
L0069414 000000 000000 000000 000000 000000*
L0069444 00000001 00000001 00000011 00000011 00000011*
L0069484 00000011 00000011 00000011 00000011 000000*
L0069522 000000 000000 000000 000000 000000*
L0069552 00000011 00000011 00000011 00000011 00000011*
L0069592 00000011 00000001 00000011 00000011 000000*
L0069630 000000 000000 000000 000000 000000*
L0069660 00000011 00000011 00000011 00000011 00000011*
L0069700 00000011 00000011 00000011 00000011 000000*
L0069738 000000 000000 000000 000000 000000*
L0069768 00000011 00000011 00000011 00000011 00000011*
L0069808 00000011 00000011 00000011 00000011 000000*
L0069846 000000 000000 000000 000000 000000*
L0069876 00000011 00000011 00000011 00000011 00000011*
L0069916 00000011 00000011 00000011 00000011 000000*
L0069954 000000 000000 000000 000000 000000*
L0069984 11101011 1100111 1111111 1011101 1101011*
L0070020 11101011 1100111 1111111 1011101 1101011*
L0070056 11101011 1100111 1111111 1011101 1101011*
L0070092 11101011 1100111 1111111 1011101 1101011*
L0070128 11101011 1100111 1111111 1011101 1101011*
L0070164 11101011 1100111 1111111 1011101 1101011*
L0070200 11101011 1100111 1111111 1011101 1101011*
L0070236 11101011 1100111 1111111 1011101 1101011*
L0070272 11101011 1100111 1111111 1011101 1101011*
L0070308 11101011 1100111 1111111 1111101 1101011*
L0070344 11101011 1100111 1111111 1011101 1101011*
L0070380 11101011 1100111 1111111 1011101 1101011*
L0070416 11101011 1101111 1111111 1011101 1101011*
L0070452 11101011 1100111 1111111 1011101 1101011*
L0070488 11101011 1100111 1111111 1011101 1101011*
L0070524 11101011 1100111 1111111 1011101 1101011*
L0070560 11101011 1100111 1111111 1011101 1101011*
L0070596 11101011 1100111 1111111 1011101 1101011*
L0070632 11101011 1100111 1111111 1011101 1101011*
L0070668 11101011 1100111 1111111 1011101 1101011*
L0070704 11101011 1100111 1111111 1011101 1101011*
L0070740 11101011 1100111 1111111 1011101 1101011*
L0070776 11101011 1100111 1111111 1011101 1101011*
L0070812 11101011 1100111 1111111 1011101 1101011*
L0070848 11101011 1100111 1111111 1011101 1101011*
L0070884 11101011 1100111 1111111 1011101 1101011*
L0070920 11101011 1100111 1111111 1011101 1101011*
L0070956 11101011 1100111 1111111 1011101 1101011*
L0070992 11101011 1100111 1111111 1011101 1101011*
L0071028 11101011 1100111 1111111 1011101 1101011*
L0071064 11101011 1100111 1111111 1011101 1101011*
L0071100 11101011 1100111 1111111 1011101 1101011*
L0071136 11101011 1100111 1111111 1011101 1101011*
L0071172 11101011 1100111 1111111 1011101 1101011*
L0071208 11101011 1100111 1111111 1011101 1101011*
L0071244 11101011 1100111 1111111 1011101 1101011*
L0071280 11101011 1110111 1111111 1011101 1101011*
L0071316 11101011 1100111 1111111 1011101 1101011*
L0071352 11101011 1100111 1111111 1011101 1101011*
L0071388 11101011 1100111 1111111 1011101 1101011*
L0071424 11101011 1100111 1111111 1011101 1101011*
L0071460 11101011 1100111 1111111 1011101 1101011*
L0071496 11101011 1100111 1111111 1011101 1101011*
L0071532 11101011 1100111 1111111 1011101 1101011*
L0071568 11101011 1100111 1111111 1011101 1101011*
L0071604 11101011 1100111 1111111 1011101 1101011*
L0071640 11101011 1100111 1111111 1011101 1101011*
L0071676 11101011 1100111 1111111 1011101 1101011*
L0071712 11101011 1100111 1111111 1011101 1101011*
L0071748 11101011 1100111 1111111 1011101 1101011*
L0071784 11101011 1100111 1111111 1011101 1101011*
L0071820 11101011 1100111 1111111 1011101 1101011*
L0071856 11101011 1100111 1111111 1011101 1101011*
L0071892 11101011 1100111 1111111 1011101 1101011*
L0071928 11101011 1100111 1111111 1011101 1101011*
L0071964 11101011 1100111 1111111 1011101 1101011*
L0072000 11101011 1100111 1111111 1011101 1101011*
L0072036 11101011 1100111 1111111 1011101 1101011*
L0072072 11101011 1100111 1111111 1011101 1101011*
L0072108 11101011 1100111 1111111 1011101 1101011*
L0072144 11101011 1100111 1111111 1011101 1101011*
L0072180 11101011 1100111 1111111 1011101 1101011*
L0072216 11101011 1100111 1111111 1011101 1101011*
L0072252 11101011 1100111 1111111 1011101 1101011*
L0072288 11101011 1100111 1111111 1011101 1101011*
L0072324 11101011 1100111 1111111 1011101 1101011*
L0072360 11101011 1100111 1111111 1011101 1101011*
L0072396 11101011 1100111 1111111 1011101 1101011*
L0072432 11101011 1100111 1111111 1011101 1101011*
L0072468 11101011 1100111 1111111 1011101 1101011*
L0072504 11101011 1100111 1111111 1011101 1101011*
L0072540 11101011 1100111 1111111 1011101 1101011*
L0072576 11101011 1100111 1111111 1011101 1101011*
L0072612 11101011 1100111 1111111 1011101 1101011*
L0072648 11101011 1100111 1111111 1011101 1101011*
L0072684 11101011 1100111 1111111 1011101 1101011*
L0072720 11101011 1100111 1111111 1011101 1101011*
L0072756 11101011 1100111 1111111 1011101 1101011*
L0072792 11101011 1100111 1111111 1011101 1101011*
L0072828 11101011 1100111 1111111 1011101 1101011*
L0072864 11101011 1100111 1111111 1011101 1101011*
L0072900 11101011 1100111 1111111 1011101 1101011*
L0072936 11101011 1100111 1111111 1011101 1101011*
L0072972 11101011 1100111 1111111 1011101 1101011*
L0073008 11101011 1100111 1111111 1011101 1101011*
L0073044 11101011 1100111 1111111 1011101 1101011*
L0073080 11101011 1100111 1111111 1011101 1101011*
L0073116 11101011 1100111 1111111 1011101 1101011*
L0073152 11101011 1100111 1111111 1011101 1101011*
L0073188 11101011 1100111 1111111 1011101 1101011*
L0073224 11101011 1100111 1111111 1011101 1101011*
L0073260 11101011 1100111 1111111 1011101 1101011*
L0073296 11101011 1100111 1111111 1011101 1101011*
L0073332 11101011 1100111 1111111 1011101 1101011*
L0073368 11101011 1100111 1111111 1011101 1101011*
L0073404 11101011 1100111 1111111 1011101 1101011*
L0073440 11101011 1100111 1111111 1011101 1101011*
L0073476 11101011 1100111 1111111 1011101 1101011*
L0073512 11101011 1100111 1111111 1011101 1101011*
L0073548 11101011 1100111 1111111 1011101 1101011*
L0073584 11101011 1100111 1111111 1011101 1101011*
L0073620 11101011 1100111 1111111 1011101 1101011*
L0073656 11101011 1100111 1111111 1011101 1101011*
L0073692 11101011 1100111 1111111 1011101 1101011*
L0073728 11101011 1100111 1111111 1011101 1101011*
L0073764 11101011 1100111 1111111 1011101 1101011*
L0073800 11101011 1100111 1111111 1011101 1101011*
L0073836 11101011 1100111 1111111 1011101 1101011*
L0073872 11101011 1100111 1111111 1011101 1101011*
L0073908 11101011 1100111 1111111 1011101 1101011*
L0073944 11101011 1100111 1111111 1011101 1111011*
L0073980 11101011 1100111 1111111 1011101 1101011*
L0074016 11101011 1100111 1111111 1011101 1101011*
L0074052 11101011 1100111 1111111 1011101 1101011*
L0074088 11101011 1100111 1111111 1011101 1101011*
L0074124 11101011 1100111 1111111 1011101 1101011*
L0074160 11101011 1100111 1111111 1011101 1101011*
L0074196 11101011 1100111 1111111 1011101 1101011*
L0074232 11101011 1100111 1111111 1011101 1101011*
L0074268 11101011 1100111 1111111 1011101 1101011*
L0074304 11101011 1100111 1111111 1011101 1101011*
L0074340 11101011 1100111 1111111 1011101 1101011*
L0074376 11101011 1100111 1111111 1011101 1101011*
L0074412 11111011 1100111 1111111 1011101 1101011*
L0074448 11101011 1100111 1111111 1011101 1101011*
L0074484 11101011 1100111 1111111 1011101 1101011*
L0074520 11101011 1100111 1111111 1011101 1101011*
L0074556 11101011 1100111 1111111 1011101 1101011*
L0074592 11101011 1100111 1111111 1011101 1101011*
L0074628 11101011 1100111 1111111 1011101 1101011*
L0074664 11101011 1100111 1111111 1011101 1101011*
L0074700 11101011 1100111 1111111 1011101 1101011*
L0074736 11101011 1100111 1111111 1011101 1101011*
L0074772 11101011 1100111 1111111 1011101 1101011*
L0074808 11101011 1100111 1111111 1011101 1101011*
L0074844 11101011 1100111 1111111 1011101 1101011*
L0074880 11101011 1100111 1111111 1011101 1101011*
L0074916 11101011 1100111 1111111 1011101 1101011*
L0074952 11101011 1100111 1111111 1011101 1101011*
L0074988 11101011 1100111 1111111 1011101 1101011*
L0075024 11101011 1100111 1111111 1011101 1101011*
L0075060 11101011 1100111 1111111 1011101 1101011*
L0075096 11101011 1100111 1111111 1011101 1101011*
L0075132 11101011 1100111 1111111 1011101 1101011*
L0075168 11101011 1100111 1111111 1011101 1101011*
L0075204 11101011 1100111 1111111 1011101 1101011*
L0075240 11101011 1100111 1111111 1011101 1101011*
L0075276 11101011 1100111 1111111 1011101 1101011*
L0075312 11101011 1100111 1111111 1011101 1101011*
L0075348 11101011 1100111 1111111 1011101 1101011*
L0075384 11101011 1100111 1111111 1011101 1101011*
L0075420 11101011 1100111 1111111 1011101 1101011*
L0075456 11101011 1100111 1111111 1011101 1101011*
L0075492 11101011 1100111 1111111 1011101 1101011*
L0075528 11101011 1100111 1111111 1011101 1101011*
L0075564 11101011 1100111 1111111 1011101 1101011*
L0075600 11101011 1100111 1111111 1011101 1101011*
L0075636 11101011 1100111 1111111 1011101 1101011*
L0075672 11101011 1100111 1111111 1011101 1101011*
L0075708 11101011 1100111 1111111 1011101 1101011*
L0075744 11101011 1100111 1111111 1011101 1101011*
L0075780 11101011 1100111 1111111 1011101 1101011*
L0075816 11101011 1100111 1111111 1011101 1101111*
L0075852 11101011 1100111 1111111 1011101 1101011*
L0075888 11101011 1100111 1111111 1011101 1101011*
L0075924 11101011 1100111 1111111 1011101 1101011*
L0075960 11101011 1100111 1111111 1011101 1101011*
L0075996 11101011 1100111 1111111 1011101 1101011*
L0076032 11101011 1100111 1111111 1011101 1101011*
L0076068 11101011 1100111 1111111 1011101 1101011*
L0076104 11101011 1100111 1111111 1011101 1101011*
L0076140 11101011 1100111 1111111 1011101 1101011*
L0076176 11101011 1100111 1111111 1011101 1101011*
L0076212 11101011 1100111 1111111 1011101 1101011*
L0076248 11101011 1100111 1111111 1011101 1101011*
L0076284 11101011 1100111 1111111 1011101 1101011*
L0076320 11101011 1100111 1111111 1011101 1101011*
L0076356 11101111 1100111 1111111 1011101 1101011*
L0076392 11101011 1100111 1111111 1011101 1101011*
L0076428 11101011 1100111 1111111 1011101 1101011*
L0076464 11101011 1100111 1111111 1011101 1101011*
L0076500 11101011 1100111 1111111 1011101 1101011*
L0076536 11101011 1100111 1111111 1011101 1101011*
L0076572 11101011 1100111 1111111 1011101 1101011*
L0076608 11101011 1100111 1111111 1011101 1101011*
L0076644 11101011 1100111 1111111 1011101 1101011*
L0076680 11101011 1100111 1111111 1011101 1101011*
L0076716 11101011 1100111 1111111 1011101 1101011*
L0076752 11101011 1100111 1111111 1011101 1101011*
L0076788 11101011 1100111 1111111 1011101 1101011*
L0076824 11101011 1100111 1111111 1011101 1101011*
L0076860 11101011 1100111 1111111 1011101 1101011*
L0076896 11101011 1100111 1111111 1011101 1101011*
L0076932 11101011 1100111 1111111 1011101 1101011*
L0076968 11101011 1100111 1111111 1011101 1101011*
L0077004 11101011 1100111 1111111 1011101 1101011*
L0077040 11101011 1100111 1111111 1011101 1101011*
L0077076 11101011 1100111 1111111 1011101 1101011*
L0077112 11101011 1100111 1111111 1011101 1101011*
L0077148 11101011 1100111 1111111 1011101 1101011*
L0077184 11101011 1100111 1111111 1011101 1101011*
L0077220 11101011 1100111 1111111 1011101 1101011*
L0077256 11101011 1100111 1111111 1011101 1101011*
L0077292 11101011 1100111 1111111 1011101 1101011*
L0077328 11101011 1100111 1111111 1011101 1101011*
L0077364 11101011 1100111 1111111 1011101 1101011*
L0077400 11101011 1100111 1111111 1011101 1101011*
L0077436 11101011 1100111 1111111 1011101 1101011*
L0077472 11101011 1100111 1111111 1011101 1101011*
L0077508 11101011 1100111 1111111 1011101 1101011*
L0077544 11101011 1100111 1111111 1011101 1101011*
L0077580 11101011 1100111 1111111 1011101 1101011*
L0077616 11101011 1100111 1111111 1011101 1101011*
L0077652 11101011 1100111 1111111 1011101 1101011*
L0077688 11101011 1100111 1111111 1011101 1101011*
L0077724 11101011 1100111 1111111 1011111 1101011*
L0077760 11111111 00000011 00000011 00000011 00000011*
L0077800 11111011 00000011 00000011 00000011 000000*
L0077838 111111 000000 000001 000001 000001*
L0077868 00000011 00000011 00000011 00000011 00000111*
L0077908 00000011 00000011 00000011 00000011 000000*
L0077946 000000 000000 000000 000000 000000*
L0077976 00000011 00000011 00000011 00000011 00000011*
L0078016 00000011 00000011 00000011 00000011 000000*
L0078054 000000 000000 000000 000000 000000*
L0078084 00000011 00000111 00000011 00000011 00000011*
L0078124 00000011 00000011 10000011 00000011 000000*
L0078162 000000 000001 000000 000000 000000*
L0078192 11100111 00000011 00000011 00000011 00000011*
L0078232 11110011 00000011 00000011 00000011 000000*
L0078270 111110 000000 000000 000001 000001*
L0078300 00011011 00000011 00000011 00000011 00000011*
L0078340 00001011 00000011 00000111 00000011 000000*
L0078378 000001 000000 000001 000000 000000*
L0078408 11111111 00000011 00000011 00000011 00000011*
L0078448 11111011 00000011 00000011 00000011 000000*
L0078486 111111 000000 000001 000001 000001*
L0078516 00000011 00000011 00000111 00000011 00000011*
L0078556 00000011 00000011 00000011 00000011 000000*
L0078594 000000 000000 000000 000000 000000*
L0078624 00000011 00000011 00000011 00000011 00000011*
L0078664 00000011 00000011 00000011 00000011 000000*
L0078702 000000 000000 000000 000000 000000*
L0078732 00000011 00000011 00000111 00000011 00000111*
L0078772 00000111 00000111 00000111 00000111 000001*
L0078810 000000 000000 000000 000000 000000*
L0078840 00000011 00000011 00000011 00000011 00000011*
L0078880 00000011 00000011 00000011 00000011 000000*
L0078918 000000 000000 000000 000000 000000*
L0078948 00000011 00000011 00000011 00000011 00000011*
L0078988 00000011 00000011 00000011 00000011 000000*
L0079026 000000 000000 000000 000001 000000*
L0079056 00000000 00000000 00000000 00000000 00000000*
L0079096 00000000 00000000 00000000 00000000 000000*
L0079134 000000 000000 000000 000000 000000*
L0079164 11111100 00000000 00000000 00000000 00000000*
L0079204 11111000 00000000 00000001 00000000 000000*
L0079242 111111 000000 000000 000000 000000*
L0079272 11100100 00000000 00000000 00000000 00000000*
L0079312 00000000 00000000 00000000 00000100 000000*
L0079350 000010 000000 000001 000000 000001*
L0079380 00011011 00000000 00000000 00000011 00000001*
L0079420 11111001 00000011 00000101 00000001 000001*
L0079458 111101 000000 000000 000001 000000*
L0079488 11111111 00000000 00000000 00000011 00000001*
L0079528 11111001 00000011 00000000 00000001 000000*
L0079566 111111 000000 000001 000001 000001*
L0079596 00000011 00000011 00000011 00000011 00000011*
L0079636 00000111 00000010 00000011 00000010 000000*
L0079674 000000 000000 000000 000000 000000*
L0079704 00000011 00000011 00000011 00000011 00000011*
L0079744 00000010 00000010 00000010 00000011 000000*
L0079782 000000 010000 000000 000000 000000*
L0079812 00000011 00000011 00000011 00000011 00000011*
L0079852 00000010 00000010 00000011 00000010 000000*
L0079890 000000 000000 000000 000000 000000*
L0079920 00000011 00000011 00000011 00000011 00000011*
L0079960 00000011 00000011 00000010 00000011 000000*
L0079998 000000 000000 000000 000000 000000*
L0080028 00000011 00010011 00000011 00000011 00000011*
L0080068 00000011 00000010 00000011 00000010 000000*
L0080106 000000 000000 010000 000000 000000*
L0080136 00000011 00000011 00000011 00000011 00000011*
L0080176 00000011 00000011 00000011 00000011 000000*
L0080214 000000 000000 000000 000000 000000*
L0080244 00000011 00000011 00000011 00000011 00000011*
L0080284 00000011 00000011 00000010 00000011 000000*
L0080322 000000 000000 000000 000010 000000*
L0080352 00000011 00000011 00000011 00000011 00000011*
L0080392 00000011 01000011 00000010 00000011 000000*
L0080430 000000 000000 000000 000000 000000*
L0080460 00000011 00000011 00000011 00000011 00000011*
L0080500 00000011 00000011 00000011 00000010 000000*
L0080538 000000 000000 000000 000000 000000*
L0080568 00000000 00000000 00000000 00000000 00000000*
L0080608 00000000 00000000 00000000 00000000 000000*
L0080646 000000 100000 000000 000000 000000*
L0080676 00000011 00000000 00000000 00000011 00000001*
L0080716 00000001 00000011 00000001 00000001 000000*
L0080754 000000 000000 000000 000000 000000*
L0080784 00000011 00000011 00000011 00000011 00000011*
L0080824 00000011 00000011 00000011 00000011 000000*
L0080862 000000 000000 000000 000000 000000*
L0080892 00000011 00000011 00000011 00000011 00000011*
L0080932 00000011 00000011 00000011 00000011 000000*
L0080970 000000 000010 000000 000000 000000*
L0081000 00000011 00000011 00000011 00000011 00000011*
L0081040 00000011 00000011 00000011 00000011 000000*
L0081078 000000 000000 000000 000000 000000*
L0081108 00000011 00000111 00000011 00000011 00000011*
L0081148 00000011 00000011 00000011 00000011 000000*
L0081186 000000 000000 000000 000000 000000*
L0081216 00000011 00000011 00000011 00000011 00000011*
L0081256 00000011 00000011 00000011 00000011 000000*
L0081294 000000 000000 000000 000000 000000*
L0081324 00000011 00000011 00000011 00000011 00000011*
L0081364 00000011 00000011 00000011 00000011 000000*
L0081402 000000 000000 000100 000000 000000*
L0081432 00000011 00000011 00000011 00000011 00000011*
L0081472 00000011 10000011 00000011 00000011 000000*
L0081510 000000 000000 000000 000000 000000*
L0081540 00000011 00000011 00000011 00000011 00000011*
L0081580 00000011 00000011 00000010 00000011 000000*
L0081618 000000 000000 000000 000000 000000*
L0081648 00000000 00000000 00000000 00000000 00000000*
L0081688 00000000 00100000 00000001 00000000 000000*
L0081726 000000 000000 000000 000000 000000*
L0081756 00000000 00000000 00000000 00000000 00000000*
L0081796 00000000 00000000 00000001 00000000 000000*
L0081834 000000 000000 000000 000000 000000*
L0081864 00000011 00000011 00000011 00000011 00000011*
L0081904 00000011 00000011 00000011 00000011 000000*
L0081942 000000 001000 000000 000000 000000*
L0081972 00000011 00000011 00000011 00000011 00000011*
L0082012 00000011 00000011 00000011 00000011 000000*
L0082050 000000 000000 000000 000000 000000*
L0082080 00000011 00000011 00000011 00000011 00000011*
L0082120 00000011 00010011 00000011 00000011 000000*
L0082158 000000 000000 000000 000000 000000*
L0082188 00000011 00000000 00000000 00000001 00000001*
L0082228 00000000 00000000 00000001 00000001 000000*
L0082266 000000 000000 000000 000000 000000*
L0082296 00000000 00000011 00000011 00000010 00000010*
L0082336 00000011 00000011 00000011 00000010 000000*
L0082374 000000 000100 000000 000000 000000*
L0082404 00000011 00000011 00000011 00000011 00000011*
L0082444 00000011 00000011 00000011 00000011 000000*
L0082482 000000 000000 000000 000000 000000*
L0082512 00000011 00000000 00000000 00000011 00000000*
L0082552 00000001 00000011 00000001 00000000 000000*
L0082590 000000 000000 000000 000000 000000*
L0082620 00000000 10000011 00000011 00000000 00000011*
L0082660 00000010 00000000 00000010 00000011 000000*
L0082698 000000 000000 000000 000000 000000*
L0082728 00000011 00000011 00000011 00000011 00000011*
L0082768 00000011 00000011 00000011 00000011 000000*
L0082806 000000 000000 000000 000000 000000*
L0082836 00000011 00000011 00000011 00000011 00000011*
L0082876 00000011 00000011 00010011 00000011 000000*
L0082914 000000 000000 000000 000000 000000*
L0082944 00000011 00000011 00000011 00000011 00000011*
L0082984 00000011 00000011 00000011 00000011 000000*
L0083022 000000 000000 000000 000000 000000*
L0083052 00000011 00000000 00000000 00000011 00000001*
L0083092 00000001 00000011 00000001 00000001 000000*
L0083130 000000 000000 000001 000000 000000*
L0083160 00000000 00000000 00000000 00000000 00000000*
L0083200 00000000 00000000 00000000 00000000 000000*
L0083238 000000 000000 000000 000000 000000*
L0083268 00000000 00000000 00000000 00000000 00000000*
L0083308 00000000 00000000 00000000 00000000 000000*
L0083346 000000 000000 000000 000010 000000*
L0083376 00000011 00000000 00000000 00000011 00000001*
L0083416 00000001 00000010 00000000 00000000 000000*
L0083454 000000 000000 000000 000000 000000*
L0083484 00000011 00000011 00000011 00000011 00000011*
L0083524 00000010 00000010 00000010 00000010 000000*
L0083562 000000 000000 000000 000000 000001*
L0083592 10011111 00000011 00000011 00000011 00000011*
L0083632 11111011 00000010 00000010 00000010 000001*
L0083670 111111 000000 000001 000000 000001*
L0083700 01100000 00000011 00000001 00000011 00000010*
L0083740 00000010 00000010 00000001 00000111 000000*
L0083778 000000 000000 000000 000001 000000*
L0083808 00000001 00000011 00000001 00000010 00000010*
L0083848 00000010 00000001 00000001 00000001 000000*
L0083886 000000 000000 000000 000000 000000*
L0083916 00000000 00101011 00000011 00000011 00000010*
L0083956 00000010 00000010 01000011 00000011 000000*
L0083994 000000 000000 000000 000000 000000*
L0084024 00000010 00000011 00000001 00000011 00000011*
L0084064 00000011 00000000 00000011 00000011 000000*
L0084102 000000 000000 000000 000000 000000*
L0084132 00000011 00000011 00000001 00000011 00000011*
L0084172 00000010 00000001 00000001 00000011 000000*
L0084210 000000 000000 001000 000000 000000*
L0084240 01111111 00000011 00000001 00000011 00000011*
L0084280 11111010 00000011 00000001 00000001 000000*
L0084318 111111 000000 000001 000001 000001*
L0084348 10000001 00000011 00000011 00000010 00000011*
L0084388 00000011 00000101 00000011 00000011 000000*
L0084426 000000 000000 000000 000000 000000*
L0084456 00000001 00000011 00000011 00000011 00000011*
L0084496 00000010 00000000 00000001 00000011 000000*
L0084534 000000 000000 000000 000000 000000*
L0084564 00000001 00000001 00000011 00000011 00000011*
L0084604 00000010 00000000 00100011 00000011 000000*
L0084642 000000 000000 000000 000000 000000*
L0084672 00000010 00000011 00000011 00000100 00000010*
L0084712 00000011 00000011 00000011 00000011 000000*
L0084750 000000 000000 000000 000000 000000*
L0084780 00000010 00000011 00000001 00000000 00000011*
L0084820 00000011 00000001 00000011 00000011 000000*
L0084858 000000 000000 000000 000000 000000*
L0084888 00000011 00000011 00000011 00000011 00000011*
L0084928 00000011 00000011 00000001 00000001 000000*
L0084966 000000 000000 000000 000000 000000*
L0084996 00000001 00000001 00000011 00000011 00000011*
L0085036 00000011 00000011 00000011 00000011 000000*
L0085074 000000 000000 000000 000000 000000*
L0085104 00000011 00000011 00000011 00000011 00000011*
L0085144 00000011 00000001 00000011 00000011 000000*
L0085182 000000 000000 000000 000000 000000*
L0085212 00000011 01000011 00000011 00000011 00000011*
L0085252 00000011 00001011 00000011 00000011 000000*
L0085290 000000 000010 100000 000000 000000*
L0085320 00000011 00000011 00000011 00000011 00000011*
L0085360 00000011 00000011 00000011 00000011 000000*
L0085398 000000 000000 000000 000000 000000*
L0085428 00000011 00000011 00000011 00000011 00000011*
L0085468 00000011 00000011 00000011 00000011 000000*
L0085506 000000 000000 000000 000000 000000*
L0085536 11110011 1011011 1111110 1110111 1110111*
L0085572 11110011 1011011 1111110 1110111 1110111*
L0085608 11110011 1011011 1111110 1110111 1110111*
L0085644 11110011 1011011 1111110 1110111 1110111*
L0085680 11110011 1011011 1111110 1110111 1110111*
L0085716 11110011 1011011 1111110 1110111 1110111*
L0085752 11110011 1011011 1111110 1110111 1110111*
L0085788 11110011 1011011 1111110 1110111 1110111*
L0085824 11110011 1011011 1111110 1110111 1110111*
L0085860 11110011 1111011 1111110 1110111 1110111*
L0085896 11110011 1011011 1111110 1110111 1110111*
L0085932 11110011 1011011 1111110 1110111 1110111*
L0085968 11110011 1011011 1111110 1110111 1110111*
L0086004 11110011 1011011 1111110 1110111 1110111*
L0086040 11110011 1011011 1111110 1110111 1110111*
L0086076 11110011 1011011 1111110 1110111 1110111*
L0086112 11110011 1011011 1111110 1110111 1110111*
L0086148 11110011 1011011 1111110 1110111 1110111*
L0086184 11110011 1011011 1111110 1110111 1110111*
L0086220 11110011 1011011 1111110 1110111 1110111*
L0086256 11110011 1011011 1111110 1110111 1110111*
L0086292 11110011 1011011 1111110 1110111 1110111*
L0086328 11110011 1011011 1111110 1110111 1110111*
L0086364 11110011 1011011 1111110 1110111 1110111*
L0086400 11110011 1011011 1111110 1110111 1110111*
L0086436 11110011 1011011 1111110 1110111 1110111*
L0086472 11110011 1011011 1111110 1110111 1110111*
L0086508 11110011 1011011 1111110 1110111 1110111*
L0086544 11110011 1011011 1111110 1110111 1110111*
L0086580 11110011 1011011 1111110 1110111 1110111*
L0086616 11110011 1011011 1111110 1110111 1110111*
L0086652 11110011 1011011 1111110 1110111 1110111*
L0086688 11110011 1011011 1111110 1110111 1110111*
L0086724 11110011 1011011 1111110 1110111 1110111*
L0086760 11110011 1011011 1111110 1110111 1110111*
L0086796 11110011 1011011 1111110 1110111 1110111*
L0086832 11110011 1011011 1111110 1110111 1110111*
L0086868 11110011 1011011 1111110 1110111 1110111*
L0086904 11110011 1011011 1111110 1110111 1110111*
L0086940 11110011 1011011 1111110 1110111 1110111*
L0086976 11110011 1011011 1111110 1110111 1110111*
L0087012 11110011 1011011 1111110 1110111 1110111*
L0087048 11110011 1011011 1111110 1110111 1110111*
L0087084 11110011 1011011 1111110 1110111 1110111*
L0087120 11110011 1011011 1111110 1110111 1110111*
L0087156 11110011 1011011 1111110 1110111 1110111*
L0087192 11110011 1011011 1111110 1110111 1110111*
L0087228 11110011 1011011 1111110 1110111 1110111*
L0087264 11110011 1011011 1111110 1110111 1110111*
L0087300 11110011 1011011 1111110 1110111 1110111*
L0087336 11110011 1011011 1111110 1110111 1110111*
L0087372 11110011 1011011 1111110 1110111 1110111*
L0087408 11110011 1011011 1111110 1110111 1110111*
L0087444 11110011 1011011 1111110 1110111 1110111*
L0087480 11110011 1011011 1111110 1110111 1110111*
L0087516 11110011 1011011 1111110 1110111 1110111*
L0087552 11110011 1011011 1111110 1110111 1110111*
L0087588 11110011 1011011 1111110 1110111 1110111*
L0087624 11110011 1011011 1111110 1110111 1110111*
L0087660 11110011 1011011 1111110 1110111 1110111*
L0087696 11110011 1011011 1111110 1110111 1110111*
L0087732 11110011 1011011 1111110 1110111 1110111*
L0087768 11110011 1011011 1111110 1110111 1110111*
L0087804 11110011 1011011 1111110 1110111 1110111*
L0087840 11110011 1011011 1111110 1110111 1110111*
L0087876 11110011 1011011 1111110 1110111 1110111*
L0087912 11110011 1011011 1111110 1110111 1110111*
L0087948 11110011 1011011 1111111 1110111 1110111*
L0087984 11110011 1011011 1111110 1110111 1110111*
L0088020 11110011 1011011 1111110 1110111 1110111*
L0088056 11110011 1011011 1111110 1110111 1110111*
L0088092 11110011 1011011 1111110 1110111 1110111*
L0088128 11110011 1011011 1111110 1110111 1110111*
L0088164 11110011 1011011 1111110 1110111 1110111*
L0088200 11110011 1011011 1111110 1110111 1110111*
L0088236 11110011 1011011 1111110 1110111 1110111*
L0088272 11110011 1011011 1111110 1110111 1110111*
L0088308 11110011 1011011 1111110 1110111 1110111*
L0088344 11110011 1011011 1111110 1110111 1110111*
L0088380 11110011 1011011 1111110 1110111 1110111*
L0088416 11110011 1011011 1111110 1110111 1110111*
L0088452 11110111 1011011 1111110 1110111 1110111*
L0088488 11110011 1011011 1111110 1110111 1110111*
L0088524 11110011 1011011 1111110 1110111 1110111*
L0088560 11110011 1011011 1111110 1110111 1110111*
L0088596 11110011 1011011 1111110 1110111 1110111*
L0088632 11110011 1011011 1111110 1110111 1110111*
L0088668 11110011 1011011 1111110 1110111 1110111*
L0088704 11110011 1011011 1111110 1110111 1110111*
L0088740 11110011 1011011 1111110 1110111 1110111*
L0088776 11110011 1011011 1111110 1110111 1110111*
L0088812 11110011 1011011 1111110 1110111 1110111*
L0088848 11110011 1011011 1111110 1110111 1110111*
L0088884 11110011 1011011 1111110 1110111 1110111*
L0088920 11110011 1011011 1111110 1110111 1110111*
L0088956 11110011 1011011 1111110 1110111 1110111*
L0088992 11110011 1011011 1111110 1110111 1110111*
L0089028 11110011 1011011 1111110 1110111 1110111*
L0089064 11110011 1011011 1111110 1110111 1110111*
L0089100 11110011 1011011 1111110 1110111 1110111*
L0089136 11110011 1011011 1111110 1110111 1110111*
L0089172 11110011 1011011 1111110 1110111 1110111*
L0089208 11110011 1011011 1111110 1110111 1110111*
L0089244 11110011 1011011 1111110 1110111 1110111*
L0089280 11110011 1011011 1111110 1110111 1110111*
L0089316 11110011 1011011 1111110 1110111 1110111*
L0089352 11110011 1011011 1111110 1110111 1110111*
L0089388 11110011 1011011 1111110 1110111 1110111*
L0089424 11110011 1011011 1111110 1110111 1110111*
L0089460 11110011 1011011 1111110 1110111 1110111*
L0089496 11110011 1011011 1111110 1110111 1110111*
L0089532 11110011 1011011 1111110 1110111 1110111*
L0089568 11110011 1011011 1111110 1110111 1110111*
L0089604 11110011 1011011 1111110 1110111 1110111*
L0089640 11110011 1011011 1111110 1110111 1110111*
L0089676 11110011 1011011 1111110 1110111 1110111*
L0089712 11110011 1011011 1111110 1110111 1110111*
L0089748 11110011 1011011 1111110 1110111 1110111*
L0089784 11110011 1011011 1111110 1110111 1110111*
L0089820 11110011 1011011 1111110 1110111 1110111*
L0089856 11110011 1011011 1111110 1110111 1110111*
L0089892 11110011 1011111 1111110 1110111 1110111*
L0089928 11110011 1011011 1111110 1110111 1110111*
L0089964 11110011 1011011 1111110 1110111 1110111*
L0090000 11110011 1011011 1111110 1110111 1110111*
L0090036 11110011 1011011 1111110 1110111 1110111*
L0090072 11110011 1011011 1111110 1110111 1110111*
L0090108 11110011 1011011 1111110 1110111 1110111*
L0090144 11110011 1011011 1111110 1110111 1110111*
L0090180 11110011 1011011 1111110 1110111 1110111*
L0090216 11110011 1011011 1111110 1110111 1110111*
L0090252 11110011 1011011 1111110 1110111 1110111*
L0090288 11110011 1011011 1111110 1110111 1110111*
L0090324 11110011 1011011 1111110 1110111 1110111*
L0090360 11110011 1011011 1111110 1110111 1110111*
L0090396 11110011 1011011 1111110 1110111 1110111*
L0090432 11110011 1011011 1111110 1110111 1110111*
L0090468 11110011 1011011 1111110 1110111 1110111*
L0090504 11110011 1011011 1111110 1110111 1110111*
L0090540 11110011 1011011 1111110 1110111 1110111*
L0090576 11110011 1011011 1111110 1110111 1110111*
L0090612 11110011 1011011 1111110 1110111 1110111*
L0090648 11110011 1011011 1111110 1110111 1110111*
L0090684 11110011 1011011 1111110 1110111 1110111*
L0090720 11110011 1011011 1111110 1110111 1110111*
L0090756 11110011 1011011 1111110 1110111 1110111*
L0090792 11110011 1011011 1111110 1110111 1110111*
L0090828 11110011 1011011 1111110 1110111 1110111*
L0090864 11110011 1011011 1111110 1110111 1110111*
L0090900 11110011 1011011 1111110 1110111 1110111*
L0090936 11110011 1011011 1111110 1110111 1110111*
L0090972 11110011 1011011 1111110 1110111 1110111*
L0091008 11110011 1011011 1111110 1110111 1110111*
L0091044 11110011 1011011 1111110 1110111 1110111*
L0091080 11110011 1011011 1111110 1110111 1110111*
L0091116 11110011 1011011 1111110 1110111 1110111*
L0091152 11110011 1011011 1111110 1110111 1110111*
L0091188 11110011 1011011 1111110 1110111 1110111*
L0091224 11110011 1011011 1111110 1110111 1110111*
L0091260 11110011 1011011 1111110 1110111 1110111*
L0091296 11110011 1011011 1111110 1110111 1110111*
L0091332 11110011 1011011 1111110 1110111 1110111*
L0091368 11110011 1011011 1111110 1110111 1110111*
L0091404 11110011 1011011 1111110 1110111 1110111*
L0091440 11110011 1011011 1111110 1110111 1110111*
L0091476 11110011 1011011 1111110 1110111 1110111*
L0091512 11110011 1011011 1111110 1110111 1110111*
L0091548 11110011 1011011 1111110 1110111 1110111*
L0091584 11110011 1011011 1111110 1110111 1110111*
L0091620 11110011 1011011 1111110 1110111 1110111*
L0091656 11110011 1011011 1111110 1110111 1110111*
L0091692 11110011 1011011 1111110 1110111 1110111*
L0091728 11110011 1011011 1111110 1110111 1110111*
L0091764 11110011 1011011 1111110 1110111 1110111*
L0091800 11110011 1011011 1111110 1110111 1110111*
L0091836 11110011 1011011 1111110 1110111 1110111*
L0091872 11110011 1011011 1111110 1110111 1110111*
L0091908 11110011 1011011 1111110 1110111 1110111*
L0091944 11110011 1011011 1111110 1110111 1110111*
L0091980 11110011 1011011 1111110 1110111 1110111*
L0092016 11110011 1011011 1111110 1110111 1110111*
L0092052 11110011 1011011 1111110 1110111 1110111*
L0092088 11110011 1011011 1111110 1110111 1110111*
L0092124 11110011 1011011 1111110 1110111 1110111*
L0092160 11110011 1011011 1111110 1110111 1110111*
L0092196 11110011 1011011 1111110 1110111 1110111*
L0092232 11110011 1011011 1111110 1110111 1110111*
L0092268 11110011 1011011 1111110 1110111 1110111*
L0092304 11110011 1011011 1111110 1110111 1110111*
L0092340 11110011 1011011 1111110 1110111 1110111*
L0092376 11110011 1011011 1111110 1110111 1110111*
L0092412 11110011 1011011 1111110 1110111 1110111*
L0092448 11110011 1011011 1111110 1110111 1110111*
L0092484 11110011 1011011 1111110 1110111 1110111*
L0092520 11110011 1011011 1111110 1110111 1110111*
L0092556 11110011 1011011 1111110 1110111 1110111*
L0092592 11110011 1011011 1111110 1110111 1110111*
L0092628 11110011 1011011 1111110 1110111 1110111*
L0092664 11110011 1011011 1111110 1110111 1110111*
L0092700 11111011 1011011 1111110 1110111 1110111*
L0092736 11110011 1011011 1111110 1110111 1111111*
L0092772 11110011 1011011 1111110 1111111 1110111*
L0092808 11110011 1011011 1111110 1110111 1110111*
L0092844 11110011 1011011 1111110 1110111 1110111*
L0092880 11110011 1011011 1111110 1110111 1110111*
L0092916 11110011 1011011 1111110 1110111 1110111*
L0092952 11110011 1011011 1111110 1110111 1110111*
L0092988 11110011 1011011 1111110 1110111 1110111*
L0093024 11110011 1011011 1111110 1110111 1110111*
L0093060 11110011 1011011 1111110 1110111 1110111*
L0093096 11110011 1011011 1111110 1110111 1110111*
L0093132 11110011 1011011 1111110 1110111 1110111*
L0093168 11110011 1011011 1111110 1110111 1110111*
L0093204 11110011 1011011 1111110 1110111 1110111*
L0093240 11110011 1011011 1111110 1110111 1110111*
L0093276 11110011 1011011 1111110 1110111 1110111*
L0093312 00000011 00000011 00000011 00000011 00000011*
L0093352 00100011 00000011 00000011 00000011 000000*
L0093390 000000 000000 000000 000000 000000*
L0093420 00000011 10000011 00000011 00000011 00000011*
L0093460 00000011 00000011 00000011 00000011 000000*
L0093498 000000 000000 000000 000000 000000*
L0093528 00000011 00000011 00000011 00000011 00000011*
L0093568 00000011 00000011 00000011 00000011 000000*
L0093606 000000 000000 000000 000000 000000*
L0093636 00000011 00000011 10000011 00000011 00000011*
L0093676 00000011 00000011 00000011 00000011 000000*
L0093714 000000 000000 000000 000000 001000*
L0093744 11111111 10000011 10000011 00000011 00000011*
L0093784 01001111 00000111 00000011 00000011 000000*
L0093822 010010 000000 000000 000000 000000*
L0093852 00000011 00000011 00000011 00000011 00000011*
L0093892 00000011 00000011 00000011 00000111 000000*
L0093930 000000 000000 000000 000000 000000*
L0093960 11111111 10000011 10000011 00000011 00000011*
L0094000 01001111 00000111 00000011 00000011 000000*
L0094038 010010 000000 000000 000000 000000*
L0094068 00000011 00000011 00000011 00000011 00000011*
L0094108 00000011 00000011 00000111 00000011 000000*
L0094146 000000 000000 000000 000000 000000*
L0094176 00000011 00000011 00000011 00000011 00000011*
L0094216 00000011 00000011 00000011 00000011 000000*
L0094254 000000 000000 000000 000000 000000*
L0094284 01111111 00000011 00000011 00000011 00000011*
L0094324 00001011 00000011 00000011 00000011 000000*
L0094362 010000 000000 000000 000000 000000*
L0094392 11111111 00000011 10000011 00000011 00000011*
L0094432 00000011 00000111 00000011 00000011 000000*
L0094470 010000 000000 000000 000001 000000*
L0094500 00000011 10000011 00000011 00000011 00000011*
L0094540 00001111 00000011 00000011 00000011 000000*
L0094578 000000 000000 000001 000000 000001*
L0094608 00000010 00000010 00000000 00000000 00000000*
L0094648 00000000 00000000 00000000 00000000 000000*
L0094686 000000 000000 000000 000000 000000*
L0094716 00000000 00000011 00000001 00000000 00000010*
L0094756 00000001 00000000 00100011 00000011 000000*
L0094794 000000 000000 000000 000000 000000*
L0094824 00000010 00000011 00000011 00000000 00000010*
L0094864 00000001 00000000 00000010 00000000 000000*
L0094902 000000 000000 000000 000000 000000*
L0094932 00000001 00000011 00000011 00000011 00000011*
L0094972 00000011 00000011 00000001 00000011 000000*
L0095010 000000 000000 000000 001000 000000*
L0095040 00000011 00000011 00000011 00000011 00000011*
L0095080 00000011 00000011 00000011 00000000 000000*
L0095118 000000 000000 000000 000000 000000*
L0095148 00000000 00001011 00000011 00000011 00000011*
L0095188 00000011 00000011 00000000 00000011 000000*
L0095226 000000 000000 000000 000000 000000*
L0095256 01111111 10000011 10000011 00000011 00000011*
L0095296 01000111 00000011 00000011 00000000 000000*
L0095334 010010 000000 000000 000000 000000*
L0095364 10000011 00000011 00000011 00000011 00000011*
L0095404 00001011 00000011 00000010 00000011 000000*
L0095442 000000 000000 000001 000000 000000*
L0095472 00000011 00000011 00000011 00000011 00000011*
L0095512 00000011 00000011 00000011 00000000 000000*
L0095550 000000 000000 000000 000000 000000*
L0095580 00000011 00000011 00000011 00000011 00000011*
L0095620 00100011 00000011 00000011 00000011 000000*
L0095658 000000 000000 000000 000000 000000*
L0095688 00000011 00000010 00000000 00000011 00000001*
L0095728 00000010 00000011 00000001 00000011 000000*
L0095766 000000 000000 000000 000000 000000*
L0095796 00000011 00000011 00010011 00000011 00000011*
L0095836 00000011 00100011 00100011 00000000 000000*
L0095874 001000 001000 001000 001000 001000*
L0095904 00000011 00000011 00000011 00000011 00000011*
L0095944 00000011 00000011 00000011 00000000 000000*
L0095982 000000 000000 000000 000000 000000*
L0096012 00000000 00000011 00000011 00000011 00000011*
L0096052 00000011 00000011 00100011 00000011 000000*
L0096090 000000 000000 000000 000000 000000*
L0096120 00000010 00000010 00000000 00000000 00000000*
L0096160 00000000 00000000 00000000 00000000 000000*
L0096198 000000 000000 000000 000000 000000*
L0096228 10000011 00000011 00000011 00000011 00000011*
L0096268 00000011 00000011 00000011 00000011 000000*
L0096306 000000 000000 000000 000000 000000*
L0096336 00000011 00000010 00000010 00000011 00000001*
L0096376 00000010 00000011 00000001 00000001 000000*
L0096414 000000 000000 000000 000000 000000*
L0096444 00000011 01000011 00000011 00000011 00000011*
L0096484 00000011 00000011 00000011 00000011 000000*
L0096522 000000 000000 000000 000000 000000*
L0096552 00000011 00000011 00000011 00000011 00000011*
L0096592 00000011 00000011 00000011 00000011 000000*
L0096630 000000 000000 000000 000000 000000*
L0096660 00000011 00000011 00000011 00000011 00000011*
L0096700 00000011 00100011 00000011 00000011 000000*
L0096738 000000 000000 000000 000000 000000*
L0096768 00000011 00000011 00000011 00000011 00000011*
L0096808 00000011 00000011 00000011 00000011 000000*
L0096846 000000 000000 000000 000000 000000*
L0096876 00000011 00100111 00000011 00000011 00000011*
L0096916 00000011 00001011 00000011 00000011 000000*
L0096954 000000 000000 000000 000000 000000*
L0096984 11111111 10000011 10000011 00000011 00000011*
L0097024 00001111 00000111 00000011 00000011 000000*
L0097062 010000 000000 000000 000000 000000*
L0097092 00000001 00000000 00000010 00000011 00000001*
L0097132 01000010 00000011 00000000 00000000 000000*
L0097170 000011 000000 000000 000000 000000*
L0097200 00000010 00000011 00000001 00000000 00000010*
L0097240 00000001 00000000 00000011 00000011 000000*
L0097278 000000 000000 000000 000000 000000*
L0097308 00000010 00000011 00000001 00000000 00000010*
L0097348 00000001 00000000 00000011 00000011 000000*
L0097386 000000 000000 000000 001000 000000*
L0097416 00000011 00000011 00000011 00000011 00000011*
L0097456 00000011 00000011 00000011 00000011 000000*
L0097494 000000 000000 000000 000000 000000*
L0097524 00000011 00000011 00000011 00000011 00000011*
L0097564 00000011 00000011 00000011 00000011 000000*
L0097602 001000 000000 000000 000000 000000*
L0097632 00000011 00000011 00000001 00000011 00000011*
L0097672 00000011 00000011 00000011 00000011 000000*
L0097710 000000 000000 000000 000000 000000*
L0097740 00000011 00000011 00000011 00000011 00000011*
L0097780 00000011 00000010 00000011 00000011 000000*
L0097818 000000 001000 000000 000000 000000*
L0097848 00000010 00000011 00000011 00000000 00000010*
L0097888 00000001 00000001 00000011 00000011 000000*
L0097926 000000 000000 000000 000000 000000*
L0097956 00000011 00000011 00000011 00000011 00000011*
L0097996 00000011 00000011 00000111 00000111 000000*
L0098034 000001 000001 000001 000001 000001*
L0098064 00000001 00000000 00000010 00000011 00000001*
L0098104 00000010 00000011 00000001 00000001 000000*
L0098142 000000 000000 000000 000000 000000*
L0098172 00000010 00000011 00000001 00000000 00000010*
L0098212 00000001 00000000 00000010 00000010 000000*
L0098250 000000 000000 001000 000000 000000*
L0098280 00000011 00000011 00000011 00000011 00000011*
L0098320 00000011 00000011 00000011 00000011 000000*
L0098358 000000 000000 000000 000000 000000*
L0098388 00000011 00010011 00000011 00000011 00000011*
L0098428 00000011 00000011 00000011 00000011 000000*
L0098466 000000 000000 000000 000000 000000*
L0098496 00000011 00000011 00000011 00000011 00000011*
L0098536 00000011 00000011 00000011 00000011 000000*
L0098574 000000 000000 000000 000000 000000*
L0098604 00000011 00000010 00000010 00000011 00000001*
L0098644 00000010 00000011 00000001 00000001 000000*
L0098682 000000 000000 000000 000000 001000*
L0098712 00000000 00000010 00000000 00000000 00000000*
L0098752 00010000 00000000 00000000 00000000 000000*
L0098790 000000 000000 000000 000000 000000*
L0098820 00000000 00000011 00000011 00000000 00000010*
L0098860 00000001 00000000 00000000 00000000 000000*
L0098898 000000 000000 000000 000000 000000*
L0098928 00000000 00000011 00000011 00000011 00000011*
L0098968 00000011 00000011 00000000 00000000 000000*
L0099006 000000 000000 000000 000000 000000*
L0099036 00000011 00000011 00010011 00000011 00000011*
L0099076 00000011 00000011 00000010 00000000 000000*
L0099114 000000 000000 000000 000000 000000*
L0099144 11111011 00000011 10000011 00000011 00000011*
L0099184 00001011 00000111 00000011 00000000 000000*
L0099222 010000 000000 000000 000000 000001*
L0099252 00000101 10000011 00000011 00000001 00000010*
L0099292 00000010 00000001 00000011 00000011 000000*
L0099330 000000 000000 000000 000001 000000*
L0099360 00000001 00000011 00000001 00000010 00000011*
L0099400 00000011 00000000 00000011 00000011 000000*
L0099438 000000 000000 000000 000000 000000*
L0099468 00000001 00000001 00000011 00000000 00000011*
L0099508 00000010 00000001 00000001 00000001 000000*
L0099546 000000 010000 000000 000000 000000*
L0099576 00000011 00000011 00000011 00000010 00000001*
L0099616 00000011 00000001 00000011 00000011 000000*
L0099654 000000 000000 000000 000000 000000*
L0099684 00000001 00000011 00000011 00000011 00000011*
L0099724 00000011 00100000 00000001 00000001 000000*
L0099762 000000 000000 000000 000000 000000*
L0099792 10000101 10000011 10000011 00000011 00000011*
L0099832 00001010 00000010 00000001 00000001 000000*
L0099870 000010 000000 000000 000000 000000*
L0099900 01111001 00000011 00000011 00000010 00000011*
L0099940 01000011 00000001 00000011 00000011 000000*
L0099978 010000 000001 000000 000000 000000*
L0100008 00000001 00000011 00000011 00000001 00000011*
L0100048 00000010 00000000 00000011 00000011 000000*
L0100086 000000 000000 000000 000000 000000*
L0100116 00000000 00000011 00010011 00000011 00000011*
L0100156 00000010 00000010 00000001 00000011 000000*
L0100194 000000 000000 000000 000000 000000*
L0100224 00000010 00000011 00000011 00000001 00000011*
L0100264 00000011 00000010 00000011 00000011 000000*
L0100302 000000 000000 000000 000000 000000*
L0100332 00000011 00000011 00000001 00000000 00000011*
L0100372 00010011 00000001 00000011 00000011 000000*
L0100410 000000 000000 000000 000000 000000*
L0100440 00000011 00000011 00000001 00000001 00000011*
L0100480 00000010 00000000 00000011 00000011 000000*
L0100518 000000 000000 000000 000000 000000*
L0100548 00000001 00000001 00000011 00000011 00000011*
L0100588 00000011 00000011 00000011 00000011 000000*
L0100626 100000 000000 000000 000000 000000*
L0100656 00000011 00000011 00000011 00000011 00000011*
L0100696 00000011 00000001 00000011 00000011 000000*
L0100734 000000 000000 000000 000000 000000*
L0100764 00000011 00000011 00000011 00000011 00000011*
L0100804 00000011 00000011 00000011 00000011 000000*
L0100842 000100 000000 000000 000000 000000*
L0100872 00000011 00000011 00000011 00000011 00000011*
L0100912 00000011 00000011 00000011 00000011 000000*
L0100950 000100 000000 000000 000000 000000*
L0100980 00000011 00000011 00000011 00000011 00000011*
L0101020 00000011 00000011 00000011 00000011 000000*
L0101058 000000 000000 000000 000000 000000*
L0101088 11000111 0101110 1101010 1110111 0110010*
L0101124 11000111 0101110 1101010 1110111 0110010*
L0101160 11000111 0101110 1101010 1110111 0110010*
L0101196 11000111 0101110 1101010 1110111 0110010*
L0101232 11000111 0101110 1101010 1110111 0110010*
L0101268 11000111 0101110 1101010 1110111 0110010*
L0101304 11000111 0101110 1101010 1110111 0110010*
L0101340 11000111 0101110 1101010 1110111 0110010*
L0101376 11000111 0101110 1101010 1110111 0110010*
L0101412 11000111 0101110 1101010 1110111 1110010*
L0101448 11000111 0101110 1101010 1110111 0110010*
L0101484 11000111 0101110 1101010 1110111 0110010*
L0101520 11000111 0101110 1101010 1110111 0110010*
L0101556 11000111 0101110 1101010 1110111 0110010*
L0101592 11000111 0101110 1101010 1110111 0110010*
L0101628 11000111 0101110 1101010 1110111 0110010*
L0101664 11000111 0101110 1101010 1110111 0110010*
L0101700 11000111 0101110 1101010 1110111 0110010*
L0101736 11000111 0101110 1101010 1110111 0110010*
L0101772 11000111 0101110 1101010 1110111 0110010*
L0101808 11000111 0101110 1101010 1110111 0110010*
L0101844 11000111 0101110 1101010 1110111 0110010*
L0101880 11000111 0101110 1101010 1110111 0110010*
L0101916 11000111 0101110 1101010 1110111 0110010*
L0101952 11000111 0101110 1101010 1110111 0110010*
L0101988 11000111 0101110 1101010 1110111 0110010*
L0102024 11000111 0101110 1101010 1110111 0110010*
L0102060 11000111 0101110 1101010 1110111 0110010*
L0102096 11000111 0101110 1101010 1110111 0110010*
L0102132 11000111 0101110 1101010 1110111 0110010*
L0102168 11000111 0101110 1101010 1110111 0110010*
L0102204 11000111 0101110 1101010 1110111 0110010*
L0102240 11000111 0101110 1101010 1110111 0110010*
L0102276 11000111 0101110 1101010 1110111 0110010*
L0102312 11000111 0101110 1101010 1110111 0110010*
L0102348 11000111 0101110 1101010 1110111 0110010*
L0102384 11000111 0101110 1101010 1110111 0110010*
L0102420 11000111 0101110 1101010 1110111 0110010*
L0102456 11000111 0101110 1101010 1110111 0110010*
L0102492 11000111 0101110 1101010 1110111 0110010*
L0102528 11000111 0101110 1101010 1110111 0110010*
L0102564 11000111 0101110 1101010 1110111 0110010*
L0102600 11000111 0101110 1101010 1110111 0110010*
L0102636 11000111 0101110 1101010 1110111 0110010*
L0102672 11000111 0101110 1101010 1110111 0110010*
L0102708 11000111 0101110 1101010 1110111 0110010*
L0102744 11000111 0101110 1101010 1110111 0110010*
L0102780 11000111 0101110 1101010 1110111 0110010*
L0102816 11000111 0101110 1101010 1110111 0110010*
L0102852 11000111 0101110 1101010 1110111 0110010*
L0102888 11000111 0101110 1101010 1110111 0110010*
L0102924 11000111 0101110 1101010 1110111 0110010*
L0102960 11000111 0101110 1101010 1110111 0110010*
L0102996 11000111 0101110 1101010 1110111 0110010*
L0103032 11000111 0101110 1101010 1110111 0110010*
L0103068 11000111 0101110 1101010 1110111 0110010*
L0103104 11000111 0101110 1101010 1110111 0110010*
L0103140 11000111 0101110 1101010 1110111 0110010*
L0103176 11000111 0101110 1101010 1110111 0110010*
L0103212 11000111 0101110 1101010 1110111 0110010*
L0103248 11000111 0101110 1101010 1110111 0110010*
L0103284 11000111 0101110 1111010 1110111 0110010*
L0103320 11000111 0101110 1101010 1111111 0110010*
L0103356 11000111 0101110 1101110 1110111 0110010*
L0103392 11000111 0111110 1101010 1110111 0110010*
L0103428 11000111 0101110 1101010 1110111 0110010*
L0103464 11000111 0101110 1101010 1110111 0110010*
L0103500 11000111 0101110 1101010 1110111 0110010*
L0103536 11000111 0101110 1101010 1110111 0110010*
L0103572 11000111 0101110 1101010 1110111 0110010*
L0103608 11000111 0101110 1101010 1110111 0110010*
L0103644 11000111 0101110 1101010 1110111 0110010*
L0103680 11000111 0101110 1101010 1110111 0110010*
L0103716 11000111 0101110 1101010 1110111 0110010*
L0103752 11000111 0101110 1101010 1110111 0110010*
L0103788 11000111 0101110 1101010 1110111 0110010*
L0103824 11000111 0101110 1101010 1110111 0110010*
L0103860 11000111 0101110 1101010 1110111 0110010*
L0103896 11000111 0101111 1101010 1110111 0110010*
L0103932 11000111 0101110 1101010 1110111 0110110*
L0103968 11000111 0101110 1101010 1110111 0110010*
L0104004 11000111 0101110 1101010 1110111 0110010*
L0104040 11000111 0101110 1101010 1110111 0110010*
L0104076 11000111 0101110 1101010 1110111 0110010*
L0104112 11000111 0101110 1101010 1110111 0110010*
L0104148 11000111 0101110 1101010 1110111 0110010*
L0104184 11000111 0101110 1101010 1110111 0110010*
L0104220 11000111 0101110 1101010 1110111 0110010*
L0104256 11000111 0101110 1101010 1110111 0110010*
L0104292 11000111 0101110 1101010 1110111 0110010*
L0104328 11000111 0101110 1101010 1110111 0110010*
L0104364 11000111 0101110 1101010 1110111 0110010*
L0104400 11000111 0101110 1101010 1110111 0110010*
L0104436 11000111 0101110 1101010 1110111 0111010*
L0104472 11000111 0101110 1101010 1110111 0110010*
L0104508 11000111 0101110 1101010 1110111 0110010*
L0104544 11001111 0101110 1101010 1110111 0110010*
L0104580 11000111 0101110 1101010 1110111 0110010*
L0104616 11000111 0101110 1101010 1110111 0110010*
L0104652 11000111 0101110 1101010 1110111 0110010*
L0104688 11000111 0101110 1101010 1110111 0110010*
L0104724 11000111 0101110 1101010 1110111 0110010*
L0104760 11000111 0101110 1101010 1110111 0110010*
L0104796 11000111 0101110 1101010 1110111 0110010*
L0104832 11001111 0101110 1101010 1110111 0110010*
L0104868 11000111 0101110 1101010 1110111 0111010*
L0104904 11000111 0101110 1101010 1110111 0110010*
L0104940 11000111 0101110 1101010 1110111 0110010*
L0104976 11000111 0101110 1101010 1110111 0110010*
L0105012 11000111 0101110 1101010 1110111 0110010*
L0105048 11000111 0101110 1101010 1110111 0110010*
L0105084 11000111 0101110 1101010 1110111 0110010*
L0105120 11000111 0101110 1101010 1110111 0110010*
L0105156 11000111 0101110 1101010 1110111 0110010*
L0105192 11000111 0101110 1101010 1110111 0110010*
L0105228 11000111 0101110 1101010 1110111 0110010*
L0105264 11000111 0101110 1101010 1110111 0110010*
L0105300 11000111 0101110 1101010 1110111 0110010*
L0105336 11000111 0101110 1101010 1110111 0110010*
L0105372 11000111 0101110 1101010 1110111 0110010*
L0105408 11000111 0101110 1101010 1110111 0110010*
L0105444 11000111 0101110 1101010 1110111 0110010*
L0105480 11000111 0101110 1101010 1110111 0110010*
L0105516 11000111 0101110 1101010 1110111 0110010*
L0105552 11000111 0101110 1101010 1110111 0110010*
L0105588 11000111 0101110 1101010 1110111 0110010*
L0105624 11000111 0101110 1101010 1110111 0110010*
L0105660 11000111 0101110 1101010 1110111 0110010*
L0105696 11000111 0101110 1101010 1110111 0110010*
L0105732 11000111 0101110 1101010 1110111 0110010*
L0105768 11000111 0101110 1101010 1110111 0110010*
L0105804 11000111 0101110 1101010 1110111 0110010*
L0105840 11000111 0101110 1101010 1110111 0110010*
L0105876 11000111 0101110 1101010 1110111 0110010*
L0105912 11000111 0101110 1101010 1110111 0110010*
L0105948 11000111 0101110 1101010 1110111 0110010*
L0105984 11000111 0101110 1101010 1110111 0110010*
L0106020 11000111 0101110 1101010 1110111 0110010*
L0106056 11000111 0101110 1101010 1110111 0110010*
L0106092 11000111 0101110 1101010 1110111 0110010*
L0106128 11000111 0101110 1101010 1110111 0110010*
L0106164 11000111 0101110 1101010 1110111 0110010*
L0106200 11000111 0101110 1101010 1110111 0110010*
L0106236 11010111 0101110 1101010 1110111 0110010*
L0106272 11000111 0101110 1101010 1110111 0110010*
L0106308 11000111 0101110 1101010 1110111 0110010*
L0106344 11000111 0101110 1101010 1110111 0110010*
L0106380 11000111 0101110 1101010 1110111 0110010*
L0106416 11000111 0101110 1101010 1110111 0110010*
L0106452 11000111 0101110 1101010 1110111 0110010*
L0106488 11000111 0101110 1101010 1110111 0110010*
L0106524 11000111 0101110 1101010 1110111 0110010*
L0106560 11000111 0101110 1101010 1110111 0110010*
L0106596 11000111 0101110 1101010 1110111 0110010*
L0106632 11000111 0101110 1101010 1110111 0110010*
L0106668 11000111 0101110 1101010 1110111 0110010*
L0106704 11000111 0101110 1101010 1110111 0110010*
L0106740 11000111 0101110 1101010 1110111 0110010*
L0106776 11000111 0101110 1101010 1110111 0110010*
L0106812 11000111 0101110 1101010 1110111 0110010*
L0106848 11000111 0101110 1101010 1110111 0110010*
L0106884 11000111 0101110 1101010 1110111 0110010*
L0106920 11000111 0101110 1101010 1110111 0110010*
L0106956 11000111 0101110 1101010 1110111 0110010*
L0106992 11000111 0101110 1101010 1110111 0110010*
L0107028 11000111 0101110 1101010 1110111 0110010*
L0107064 11000111 0101110 1101010 1110111 0110010*
L0107100 11000111 0101110 1101010 1110111 0110010*
L0107136 11000111 0101110 1101010 1110111 0110010*
L0107172 11000111 0101110 1101010 1110111 0110010*
L0107208 11000111 0101110 1101010 1110111 0110010*
L0107244 11000111 0101110 1101010 1110111 0110010*
L0107280 11000111 0101110 1101010 1110111 0110010*
L0107316 11000111 0101110 1101010 1110111 0110010*
L0107352 11000111 0101110 1101110 1110111 0110010*
L0107388 11000111 0101110 1101010 1110111 0110010*
L0107424 11000111 0101110 1101010 1110111 0110010*
L0107460 11000111 0101110 1101010 1110111 0110010*
L0107496 11000111 0101110 1101010 1110111 0110010*
L0107532 11000111 0101110 1101010 1110111 0110010*
L0107568 11000111 0101110 1101010 1110111 0110010*
L0107604 11000111 0101110 1101010 1110111 0110010*
L0107640 11000111 0101110 1101010 1110111 0110010*
L0107676 11000111 0101110 1101010 1110111 0110010*
L0107712 11000111 0101110 1101010 1110111 0110010*
L0107748 11000111 0101110 1101010 1110111 0110010*
L0107784 11000111 0101110 1101010 1110111 0110010*
L0107820 11000111 0101110 1101010 1110111 0110010*
L0107856 11000111 0101110 1101010 1110111 0110010*
L0107892 11000111 0101110 1101010 1110111 0110010*
L0107928 11000111 0101110 1101010 1110111 0110010*
L0107964 11000111 0101110 1101010 1110111 0110010*
L0108000 11000111 0101110 1101010 1110111 0110010*
L0108036 11000111 0101110 1101010 1110111 0110010*
L0108072 11000111 0101110 1101010 1110111 0110010*
L0108108 11000111 0101110 1101010 1110111 0110010*
L0108144 11000111 0101110 1101010 1110111 0110010*
L0108180 11000111 0101110 1101010 1110111 0110010*
L0108216 11000111 0101110 1101010 1110111 0110010*
L0108252 11000111 0101110 1101010 1110111 0110010*
L0108288 11000111 0101110 1101010 1110111 0110010*
L0108324 11000111 0101110 1101010 1110111 0110010*
L0108360 11000111 0101110 1101010 1110111 0110010*
L0108396 11000111 0101110 1101010 1110111 0110010*
L0108432 11100111 0101110 1101010 1110111 0110010*
L0108468 11000111 0101110 1101010 1110111 0110010*
L0108504 11000111 0101110 1101010 1110111 0110010*
L0108540 11000111 0101110 1101011 1110111 0110010*
L0108576 11000111 0101110 1101010 1110111 0110010*
L0108612 11000111 0101110 1101010 1110111 0110010*
L0108648 11000111 0101110 1101010 1110111 0110011*
L0108684 11000111 0101110 1101010 1110111 0110010*
L0108720 11000111 0101110 1101010 1110111 0110010*
L0108756 11000111 1101110 1101010 1110111 0110010*
L0108792 11000111 0101110 1101010 1110111 0110010*
L0108828 11000111 0101110 1101010 1110111 0110010*
L0108864 00000011 00000011 00000011 00000011 00000011*
L0108904 00000011 00000011 00000011 00000011 000000*
L0108942 000000 000000 000000 000000 000000*
L0108972 00000011 01000011 00000011 00000011 00000011*
L0109012 00000011 00000011 00000011 00000011 000000*
L0109050 000000 000000 000000 000000 000000*
L0109080 00000011 00000011 00000011 00000011 00000011*
L0109120 00000011 00000011 00000011 10000011 000000*
L0109158 000000 000000 000000 000000 000000*
L0109188 00000011 00000011 00000011 00000011 00000011*
L0109228 10000011 00000011 00000011 00000011 000000*
L0109266 000000 000000 000000 000000 000000*
L0109296 01111011 00000011 00000011 00000011 00000011*
L0109336 00000011 00000011 00000011 00000011 000000*
L0109374 000001 000000 000000 000000 000000*
L0109404 00000111 00000011 00000011 00000011 00000011*
L0109444 00001111 00000011 00000011 00000011 000000*
L0109482 111110 000000 000000 000000 000000*
L0109512 00000011 00000011 00000011 00000011 00000011*
L0109552 00000011 00000011 00000011 00000011 000000*
L0109590 000000 000000 000000 000000 000000*
L0109620 00000011 00000011 00000011 00000011 00000011*
L0109660 00100011 00000011 00100011 00000011 000000*
L0109698 000000 000000 000000 000000 000000*
L0109728 01111011 00000011 00000011 00000011 00000011*
L0109768 00001111 00000011 00000011 00000011 000000*
L0109806 011110 000000 000000 000000 000000*
L0109836 00000111 00000011 00000011 00000011 00000011*
L0109876 00000011 00000011 00000011 00000011 000000*
L0109914 100001 000000 000000 000000 000000*
L0109944 00000011 00000011 00000011 00000011 00000011*
L0109984 00000011 10000011 00000011 10000011 000000*
L0110022 000000 000000 000000 000000 000000*
L0110052 00000011 00000011 00000011 00000011 00000011*
L0110092 00000011 00000011 10000011 00000011 000000*
L0110130 000000 000000 000000 000000 000000*
L0110160 00000010 00000000 00000000 00000000 00000000*
L0110200 00000000 00000000 00000000 00000000 000000*
L0110238 000000 000000 000000 000000 000000*
L0110268 01111110 00000011 00000000 00000000 00000010*
L0110308 00001100 00000000 00000010 00000000 000000*
L0110346 111111 000000 000000 000000 000000*
L0110376 00000010 00000000 00000000 00000000 00000000*
L0110416 00000000 00000000 00000000 00000000 000000*
L0110454 000000 100000 000000 000000 000000*
L0110484 00000011 00000000 00000000 00000011 00000000*
L0110524 00000000 00000011 00000000 00000001 000000*
L0110562 000000 000000 000000 000000 000000*
L0110592 00000011 00000000 00000000 00000011 00000000*
L0110632 00000000 00000011 00000000 01000001 000000*
L0110670 000000 000000 000000 000000 000000*
L0110700 00000011 00000011 00000011 00000011 00000011*
L0110740 01000011 00000011 00000011 00000011 000000*
L0110778 000000 000000 000000 000000 000000*
L0110808 00000011 00000000 00000011 00000011 00000001*
L0110848 00000011 00000011 00000001 00000011 000000*
L0110886 000000 000000 000000 000000 000000*
L0110916 00000011 00010011 00000011 00000011 00000011*
L0110956 00000011 00000011 00000011 00000011 000000*
L0110994 000000 000000 100000 000000 000000*
L0111024 00000011 00000011 00000011 00000011 00000011*
L0111064 00000011 00000011 00000011 00000011 000000*
L0111102 000000 000000 000000 000000 000000*
L0111132 00000011 00000011 00000011 00000011 00000011*
L0111172 00010011 00000011 00010011 00000011 000000*
L0111210 000000 000000 000000 000000 000000*
L0111240 00000011 00000011 00000011 00000011 00000011*
L0111280 00000011 01000011 00000011 01000011 000000*
L0111318 000000 000000 000000 000000 000000*
L0111348 00000011 00000011 00000011 00000011 00000011*
L0111388 00000011 00000011 01000011 00000011 000000*
L0111426 000000 000000 000000 000000 000000*
L0111456 00000011 00000011 00000011 00000011 00000011*
L0111496 00000011 00000011 00000011 00000011 000000*
L0111534 000000 000000 000000 000000 000000*
L0111564 00000011 00000011 00000011 00000011 00000011*
L0111604 00000011 00000011 00001011 00000011 000000*
L0111642 000000 000000 000000 000000 000000*
L0111672 00000010 00000000 00000000 00000000 00000000*
L0111712 00000000 00000000 00000000 00000000 000000*
L0111750 000000 000000 000000 000000 000000*
L0111780 00000011 00100000 00000000 00000011 00000000*
L0111820 00000000 00000011 00000000 00000001 000000*
L0111858 000000 000001 000010 000000 000000*
L0111888 00000011 00000011 00000011 00000011 00000011*
L0111928 00000011 00000011 00000011 00000011 000000*
L0111966 000000 000000 000000 000000 000000*
L0111996 00000011 00000011 00000011 00000011 00000011*
L0112036 10000011 00000011 10000011 00000011 000000*
L0112074 000000 000000 000000 000000 000000*
L0112104 00000011 00000011 00000011 00000011 00000011*
L0112144 00000011 00000011 00000011 00000011 000000*
L0112182 000000 000000 000000 000000 000000*
L0112212 00000011 00000011 00000011 00000011 00000011*
L0112252 00000011 00000011 00000011 01000011 000000*
L0112290 000000 000000 000000 000000 000000*
L0112320 00000011 00000011 00000011 00000011 00000011*
L0112360 00000011 00000011 00000011 00000011 000000*
L0112398 000000 000000 000000 000000 000000*
L0112428 00000011 00000011 00000011 00000011 00000011*
L0112468 01000011 00000011 01000011 00000011 000000*
L0112506 000000 000000 000000 000000 000000*
L0112536 00000011 00000011 00000011 00000011 00000011*
L0112576 00000011 00000011 00000011 00000011 000000*
L0112614 000000 010000 000000 000000 000000*
L0112644 00000001 00000000 00000011 00000011 00000001*
L0112684 00000011 00000011 00000001 00000011 000000*
L0112722 000000 000000 000000 000000 000000*
L0112752 00000010 00000011 00000000 00000000 00000010*
L0112792 00000000 00000000 00000010 00000000 000000*
L0112830 000000 000000 000000 000000 000000*
L0112860 00000010 00000011 00000000 00000000 00000010*
L0112900 00000000 00000000 00000110 00000000 000000*
L0112938 000000 000000 000000 000000 000000*
L0112968 00000011 00000011 00000011 00000011 00000011*
L0113008 00000011 00000011 00000011 00100011 000000*
L0113046 000000 000000 000000 000000 000000*
L0113076 00000011 00000011 00000011 00000011 00000011*
L0113116 00100011 00000011 00000011 00000011 000000*
L0113154 000000 000000 000000 000000 000000*
L0113184 00000011 00000011 00000011 00000011 00000011*
L0113224 00000011 00100011 00000011 00100011 000000*
L0113262 000000 000000 000000 000000 000000*
L0113292 00000011 00000011 00000000 00000011 00000010*
L0113332 00000000 00000010 00100010 00000000 000000*
L0113370 000000 000000 000000 000000 000000*
L0113400 00000010 00000011 00000011 00000000 00000011*
L0113440 00000011 00000001 00000011 00000011 000000*
L0113478 000000 000000 000000 000000 000000*
L0113508 00000011 00000011 00000011 00000011 00000011*
L0113548 00000011 00000011 00000011 00100011 000000*
L0113586 000000 000000 000000 000000 000000*
L0113616 00000001 00000000 00000000 00000011 00000000*
L0113656 00000000 00000010 00000000 00000001 000000*
L0113694 000000 000000 000000 000000 000000*
L0113724 00000010 00000111 00000011 00000000 00000011*
L0113764 00000011 00000001 00000011 00000010 000000*
L0113802 000000 000000 000100 000000 000000*
L0113832 00000011 00000011 00000011 00000011 00000011*
L0113872 00000011 00000011 00000011 00000011 000000*
L0113910 000000 001000 000000 000000 000000*
L0113940 00000011 00000011 00000011 00000011 00000011*
L0113980 00000011 00000011 00000011 00000011 000000*
L0114018 000000 000000 000000 000000 000000*
L0114048 00000011 00000011 00000011 00000011 00000011*
L0114088 00000011 00000011 00000011 00000011 000000*
L0114126 000000 000000 000000 000000 000000*
L0114156 00000011 00000000 00000000 00000011 00000000*
L0114196 00000000 00000011 00000000 10000001 000000*
L0114234 000000 000000 000000 000000 000000*
L0114264 00000010 00000000 00000000 00000000 00000000*
L0114304 00000000 00000000 00000000 00010000 000000*
L0114342 000000 000000 000000 000000 000000*
L0114372 00000010 00000000 00000000 00000000 00000000*
L0114412 00010000 00000000 00000000 00000000 000000*
L0114450 000000 000000 000000 000000 000000*
L0114480 01111111 00000000 00000000 00000011 00000000*
L0114520 00001100 00000011 00000000 00000001 000000*
L0114558 111111 000000 000000 000000 000000*
L0114588 00000011 00000000 00000011 00000011 00000001*
L0114628 00000011 00000011 00000001 00000011 000000*
L0114666 000000 000000 000000 000000 000000*
L0114696 00000011 00000011 00000011 00000011 00000011*
L0114736 00000011 00010011 00000011 00010011 000000*
L0114774 000000 000000 000000 000000 000000*
L0114804 00000001 00000001 00000001 00000011 00000011*
L0114844 00000011 00000000 00010011 00000011 000000*
L0114882 000000 000000 000000 000000 000000*
L0114912 00000010 00000011 00000011 00000000 00000011*
L0114952 00000011 00000001 00000001 00000011 000000*
L0114990 000000 000000 000000 000000 000000*
L0115020 00000001 00000011 00000011 00000010 00000011*
L0115060 00000011 00000001 00000011 00010011 000000*
L0115098 000000 000000 000000 000000 000000*
L0115128 00000010 00000001 00000001 00000010 00000011*
L0115168 00000011 00000001 00000011 00000001 000000*
L0115206 000000 000100 000000 000000 000000*
L0115236 00000000 00000011 00000011 00000001 00000010*
L0115276 00000010 00000000 00000011 00000001 000000*
L0115314 000000 000000 000000 000000 000000*
L0115344 00000001 00000011 00000011 00000010 00000011*
L0115384 00000011 00001001 00000001 00000001 000000*
L0115422 000000 000000 000000 000000 000000*
L0115452 00000011 00000001 00000001 00000010 00000011*
L0115492 00000011 00000001 00000011 00000011 000000*
L0115530 000000 000000 000000 000000 000000*
L0115560 00000001 00000011 00000011 00000010 00000011*
L0115600 00000011 00000001 00000001 00000011 000000*
L0115638 000000 000010 000000 000000 000000*
L0115668 00000011 00000001 00000011 00000010 00000010*
L0115708 00000011 00000001 00000011 00000011 000000*
L0115746 000000 000000 000000 000000 000000*
L0115776 00000001 00000011 00000011 00000010 00000011*
L0115816 00000011 00000001 00000011 00000011 000000*
L0115854 000000 000000 000000 000000 000000*
L0115884 00000001 00001011 00000011 00000010 00000010*
L0115924 00000010 00000001 00000011 00000011 000000*
L0115962 000000 000000 010000 000000 000000*
L0115992 00000000 00000011 00000011 00000010 00000010*
L0116032 00000011 00000111 00000001 00000011 000000*
L0116070 000000 000000 000000 000000 000000*
L0116100 00000001 00000011 00000011 00000011 00000011*
L0116140 00000011 00000011 00000011 00000011 000000*
L0116178 000000 000000 000000 000000 000000*
L0116208 00000111 00000011 00000011 00000011 00000011*
L0116248 00001111 00000001 00000011 00000011 000000*
L0116286 111111 000000 000000 000000 000000*
L0116316 01111011 00000011 00000011 00000011 00000011*
L0116356 00000011 00000011 00000011 00000011 000000*
L0116394 000000 000000 000000 000000 000000*
L0116424 00000011 00000011 00000011 00000011 00000011*
L0116464 00000011 00000011 00000011 00000011 000000*
L0116502 000000 000000 000000 000000 000000*
L0116532 00000011 00000011 00000011 00000011 00000011*
L0116572 00000011 00000011 00000011 00000011 000000*
L0116610 000000 000000 001000 000000 000000*
L0116640 10100001 0001010 1010101 1011000 1110101*
L0116676 10100001 0001010 1010101 1011000 1110101*
L0116712 10100001 0001010 1010101 1011000 1110101*
L0116748 10100001 0001010 1010101 1011000 1110101*
L0116784 10100001 0001010 1010101 1011000 1110101*
L0116820 10100001 0001010 1010101 1011000 1110101*
L0116856 10100001 0001110 1010101 1011000 1110101*
L0116892 10100001 0001010 1010101 1011000 1110101*
L0116928 10100001 0001010 1010101 1011000 1110101*
L0116964 10100001 0101010 1010101 1011000 1110101*
L0117000 10100001 0001010 1010101 1011000 1110101*
L0117036 10100001 0001010 1010101 1011000 1110101*
L0117072 10100001 0001010 1010101 1011000 1110101*
L0117108 10100001 0001010 1010101 1011000 1110101*
L0117144 10100001 0001010 1010101 1011000 1110101*
L0117180 10100001 0001010 1010101 1011000 1110101*
L0117216 10100001 0001010 1010101 1011000 1110101*
L0117252 10100001 0001010 1010101 1011000 1110101*
L0117288 10100001 0001010 1010101 1011000 1110101*
L0117324 10100001 0001010 1010101 1011000 1110101*
L0117360 10100001 0001010 1010101 1011000 1110101*
L0117396 10100001 0001010 1010101 1011000 1110101*
L0117432 10100001 0001010 1010101 1011000 1110101*
L0117468 10100001 0001010 1010101 1011000 1110101*
L0117504 10100001 0001010 1010101 1011000 1110101*
L0117540 10100001 0001010 1010101 1011000 1110101*
L0117576 10100001 0001010 1010101 1011000 1110101*
L0117612 10100001 0001010 1010101 1011000 1110101*
L0117648 10100001 0001010 1010101 1011000 1110101*
L0117684 10100001 0001010 1010101 1011000 1110101*
L0117720 10100001 0001010 1010101 1011000 1110101*
L0117756 10100001 0001010 1010101 1011000 1110101*
L0117792 10100001 0001010 1010101 1011000 1110101*
L0117828 10100001 0001010 1010101 1011000 1110101*
L0117864 10100001 0001010 1010101 1011000 1110101*
L0117900 10100001 0001010 1010101 1011000 1110101*
L0117936 10100001 0001010 1010101 1011000 1110101*
L0117972 10100001 0001010 1010101 1011000 1110101*
L0118008 10100001 0001010 1010101 1011000 1110101*
L0118044 10100001 0001010 1010101 1011000 1110101*
L0118080 10100001 0001010 1010101 1011000 1110101*
L0118116 10100001 0001010 1010101 1011000 1110101*
L0118152 11100001 0001010 1010101 1011000 1110101*
L0118188 10100001 0001010 1010101 1011000 1110101*
L0118224 10100001 0001010 1010101 1011000 1110101*
L0118260 10100001 0001010 1010101 1011000 1110101*
L0118296 10100001 0101010 1010101 1011000 1110101*
L0118332 10100001 0001010 1010101 1011000 1110101*
L0118368 10100001 0001011 1010101 1011000 1110101*
L0118404 10100001 0001010 1010101 1011000 1110101*
L0118440 10100001 0001010 1010101 1011000 1110101*
L0118476 10100001 0001010 1010101 1011000 1110101*
L0118512 10100001 0101010 1010101 1011000 1110101*
L0118548 10100001 0001010 1010101 1011000 1110101*
L0118584 10100001 0001010 1010101 1011000 1110101*
L0118620 10100001 0001010 1010101 1011000 1110101*
L0118656 10100001 0001010 1010101 1011000 1110101*
L0118692 10100001 0001010 1010101 1011000 1110101*
L0118728 10100001 0001010 1110101 1011000 1110101*
L0118764 10100001 0011010 1010101 1011000 1110101*
L0118800 10110001 0001010 1010101 1011000 1110101*
L0118836 10100001 0001010 1010101 1011000 1110101*
L0118872 10100001 0001010 1010101 1011000 1110101*
L0118908 10100001 0001010 1010101 1011000 1110101*
L0118944 10100001 0001010 1010101 1011000 1110101*
L0118980 10100001 0001010 1010101 1011001 1110101*
L0119016 10100001 0001010 1010101 1011000 1110101*
L0119052 10100001 0001010 1010101 1011000 1110101*
L0119088 10100001 0001010 1010101 1011000 1110101*
L0119124 10100001 0001010 1010101 1011000 1110101*
L0119160 10100001 0001010 1010101 1011000 1110101*
L0119196 10100001 0001010 1010101 1011000 1110101*
L0119232 10100001 0001010 1010101 1011000 1110101*
L0119268 10100001 0101010 1010101 1011000 1110101*
L0119304 10100001 0001010 1010101 1011000 1110101*
L0119340 10100001 0001010 1010101 1011000 1110101*
L0119376 10100001 0001010 1010101 1011000 1110101*
L0119412 10100001 0001010 1010101 1011000 1110101*
L0119448 10100001 0001010 1010101 1011000 1110101*
L0119484 10100001 0001010 1010101 1011000 1110101*
L0119520 10100001 0001010 1010101 1011000 1110101*
L0119556 10100011 0001010 1010101 1011000 1110101*
L0119592 10100001 0001010 1010101 1011000 1110101*
L0119628 10100001 0001010 1010101 1011000 1110101*
L0119664 10100001 0001010 1010101 1011000 1110101*
L0119700 10100001 0001010 1010101 1011000 1110101*
L0119736 10100001 0001010 1010101 1011000 1110101*
L0119772 10100001 0001010 1010101 1011000 1110111*
L0119808 10100001 0001010 1010101 1011000 1110101*
L0119844 10100001 0001010 1010101 1011000 1110101*
L0119880 10100001 0001010 1010101 1011000 1110101*
L0119916 10100001 0001010 1010101 1011000 1110101*
L0119952 10100001 0001010 1010101 1011000 1110101*
L0119988 10100001 0001010 1010101 1011000 1110101*
L0120024 10100001 0001010 1010101 1011000 1110101*
L0120060 10100001 0001010 1010101 1011000 1110101*
L0120096 10100001 0001010 1010101 1011000 1110101*
L0120132 10100001 0001010 1010101 1011000 1110101*
L0120168 10100001 0001010 1010101 1011000 1110101*
L0120204 10100001 0001010 1010101 1011000 1110101*
L0120240 10100001 0001010 1010101 1011000 1110101*
L0120276 10100001 0001010 1010101 1011000 1110101*
L0120312 10100001 0001010 1010101 1011000 1110101*
L0120348 10100001 0001010 1010101 1011000 1110101*
L0120384 10100001 0001010 1010101 1011000 1110101*
L0120420 10100001 0001010 1010101 1011000 1110101*
L0120456 10100001 0001010 1010101 1011000 1110101*
L0120492 10100001 0001010 1010101 1011000 1110101*
L0120528 10100001 0001010 1010101 1011000 1110101*
L0120564 10100001 0001010 1010101 1011000 1110101*
L0120600 10100001 0001010 1010101 1011000 1110101*
L0120636 10100001 0001010 1010101 1011000 1110101*
L0120672 10100001 0001010 1010101 1011000 1110101*
L0120708 10100001 0001010 1010101 1011000 1110101*
L0120744 10100001 0001010 1010101 1011000 1110101*
L0120780 10100001 0001010 1010101 1011000 1110101*
L0120816 10100001 0001010 1010101 1011000 1110101*
L0120852 10100001 0001010 1010101 1011000 1110101*
L0120888 10100001 0001010 1010101 1011000 1110101*
L0120924 10100001 0001010 1010101 1011000 1110101*
L0120960 10100001 0001010 1010101 1011000 1110101*
L0120996 10100001 0001010 1010101 1011000 1110101*
L0121032 10100001 0001010 1010101 1011000 1110101*
L0121068 10100001 0001010 1010101 1011000 1111101*
L0121104 10100001 0001010 1010101 1011000 1110101*
L0121140 10100001 0001010 1010101 1011000 1110101*
L0121176 10100001 0001010 1010101 1011000 1110101*
L0121212 10100001 0001010 1010101 1011000 1110101*
L0121248 10100001 0001010 1010101 1011000 1110101*
L0121284 10100001 0001010 1010101 1011000 1110101*
L0121320 10100001 0001010 1010101 1011000 1110101*
L0121356 10100001 0001010 1010101 1011000 1110101*
L0121392 10100001 0001010 1010101 1011000 1110101*
L0121428 10100001 0001010 1010101 1011000 1110101*
L0121464 10100001 0001010 1010101 1011000 1110101*
L0121500 10100001 0001010 1010101 1011000 1110101*
L0121536 10100001 0001010 1010101 1011000 1110101*
L0121572 10100001 0001010 1010101 1011000 1110101*
L0121608 10100001 0001010 1010101 1011000 1110101*
L0121644 10100001 0001010 1010101 1011000 1110101*
L0121680 10100001 0001010 1010101 1011000 1110101*
L0121716 10100001 0001010 1010101 1011000 1110101*
L0121752 10100001 0001010 1010101 1011000 1110101*
L0121788 10100001 0001010 1010101 1011000 1110101*
L0121824 10100001 0001010 1010101 1011000 1110101*
L0121860 10100001 0001010 1010101 1011000 1110101*
L0121896 10101001 0001010 1010101 1011000 1110101*
L0121932 10100001 0001010 1010101 1011000 1110101*
L0121968 10100001 0001010 1011101 1011000 1110101*
L0122004 10100001 0001010 1010101 1011000 1110101*
L0122040 10100001 0001010 1010101 1011000 1110101*
L0122076 10100001 0001010 1010101 1011000 1110101*
L0122112 10100001 0001010 1010101 1011000 1110101*
L0122148 10100001 0001010 1010101 1011000 1110101*
L0122184 10100001 0001010 1010101 1011000 1110101*
L0122220 10100001 0001010 1010101 1011000 1110101*
L0122256 10100001 0001010 1010101 1011000 1110101*
L0122292 10100001 0001010 1010101 1011000 1110101*
L0122328 10100001 0001010 1010101 1011000 1110101*
L0122364 10100001 0001010 1010101 1011000 1110101*
L0122400 10100001 0001010 1010101 1011000 1110101*
L0122436 10100001 0001010 1010101 1011000 1110101*
L0122472 10100001 0001010 1010101 1011000 1110101*
L0122508 10100001 0001010 1010101 1011000 1110101*
L0122544 10100001 0001010 1010101 1011000 1110101*
L0122580 10100001 0001010 1010111 1011000 1110101*
L0122616 10100001 0001010 1010101 1011000 1110101*
L0122652 10100001 0001010 1010101 1011000 1110101*
L0122688 10100001 0001010 1010101 1011100 1110101*
L0122724 10100001 0001010 1010101 1011000 1110101*
L0122760 10100001 0001010 1010101 1011000 1110101*
L0122796 10100001 0001010 1010101 1011010 1110101*
L0122832 10100001 0001010 1010101 1011000 1110101*
L0122868 10100001 0001010 1010101 1011000 1110101*
L0122904 10100001 0001010 1010101 1011000 1110101*
L0122940 10100001 0001010 1010101 1011000 1110101*
L0122976 10100001 0001010 1010101 1011000 1110101*
L0123012 10100001 0001010 1010101 1011000 1110101*
L0123048 10100001 0001010 1010101 1011000 1110101*
L0123084 10100001 0001010 1010101 1011000 1110101*
L0123120 10100001 0001010 1010101 1011000 1110101*
L0123156 10100001 0001010 1010101 1011000 1110101*
L0123192 10100001 0001010 1010101 1011000 1110101*
L0123228 10100001 0001010 1010101 1011000 1110101*
L0123264 10100001 0001010 1010101 1011000 1110101*
L0123300 10100001 0001010 1010101 1011000 1110101*
L0123336 10100001 0001010 1010101 1011000 1110101*
L0123372 10100001 0001010 1010101 1011000 1110101*
L0123408 10100001 0001010 1010101 1011000 1110101*
L0123444 10100001 0001010 1010101 1011000 1110101*
L0123480 10100001 0001010 1010101 1011000 1110101*
L0123516 10100001 0001010 1010101 1011000 1110101*
L0123552 10100001 0001010 1010101 1011000 1110101*
L0123588 10100001 0001010 1010101 1011000 1110101*
L0123624 10100001 0001010 1010101 1011000 1110101*
L0123660 10100001 0001010 1010101 1011000 1110101*
L0123696 10100001 0001010 1010101 1011000 1110101*
L0123732 10100001 0001010 1010101 1011000 1110101*
L0123768 10100001 0001010 1010101 1011000 1110101*
L0123804 10100001 0001010 1010101 1011000 1110101*
L0123840 10100001 0001010 1010101 1011000 1110101*
L0123876 10100001 0001010 1010101 1011000 1110101*
L0123912 10100001 0001010 1010101 1011000 1110101*
L0123948 10100001 0001010 1010101 1011000 1110101*
L0123984 10100001 0001010 1010101 1111000 1110101*
L0124020 10100001 0001010 1010101 1011000 1110101*
L0124056 10100001 0001010 1010101 1011000 1110101*
L0124092 10100001 1001010 1010101 1011000 1110101*
L0124128 10100001 0001010 1010101 1011000 1110101*
L0124164 10100001 0001010 1010101 1011000 1110101*
L0124200 10100101 0001010 1010101 1011000 1110101*
L0124236 10100001 0001010 1010101 1011000 1110101*
L0124272 10100001 0001010 1010101 1011000 1110101*
L0124308 10100001 0001010 1010101 1011000 1110101*
L0124344 10100001 0001010 1010101 1011000 1110101*
L0124380 10100001 0001010 1010101 1011000 1110101*
L0124416 00000011 00000011 00000011 00000011 00000011*
L0124456 11111111 10000011 11111111 01111111 000000*
L0124494 101111 000000 000000 000000 000000*
L0124524 00000011 00000011 00000011 00000011 00000011*
L0124564 00000011 00000011 00000011 00000011 000000*
L0124602 000000 000000 010000 101111 000000*
L0124632 00000011 00000011 00000011 00000011 00000011*
L0124672 00000011 00000011 00000011 00000011 000000*
L0124710 000000 000000 000000 000000 000000*
L0124740 00000011 11111111 11111111 11111111 11111111*
L0124780 00000011 00000011 00000011 10000011 011111*
L0124818 000000 010000 111111 111111 101111*
L0124848 00000011 00000011 00000011 00000011 00000011*
L0124888 00000011 10000011 00000011 00000011 000000*
L0124926 000000 000000 000000 000000 000000*
L0124956 00000011 00111111 00111111 00111111 00111111*
L0124996 00000011 00000011 10000011 00000011 001111*
L0125034 000000 010000 011110 011110 001110*
L0125064 00000011 00000011 00000011 00000011 00000011*
L0125104 00000011 00000011 01000011 00000011 000000*
L0125142 000000 000000 000000 000000 000000*
L0125172 00000011 10111111 10111111 10111111 10111111*
L0125212 00000011 00000011 00000011 11000011 001111*
L0125250 000000 010000 011111 011111 001111*
L0125280 00000011 00000011 00000011 00000011 00000011*
L0125320 00000011 00000011 00000011 00000011 000000*
L0125358 000000 000000 000000 000000 000000*
L0125388 00000011 11111111 11111111 11111111 11111111*
L0125428 00000011 00000011 00000011 10000011 011111*
L0125466 000000 010000 111111 111111 101111*
L0125496 00000011 00000011 00000011 00000011 00000011*
L0125536 00111111 10000011 11111111 01111111 000000*
L0125574 001111 000000 000000 000000 000000*
L0125604 00000011 00000011 00000011 00000011 11111111*
L0125644 01000011 00000011 00000011 00000011 000000*
L0125682 100000 000000 000000 000000 000000*
L0125712 00000000 00000000 00000000 00000000 00000000*
L0125752 00000000 00000000 00100000 00000000 000000*
L0125790 000000 000000 000000 000000 000000*
L0125820 00000000 00000010 00000000 00000000 00000000*
L0125860 00000010 00000000 00000000 00100000 000000*
L0125898 000000 000000 000000 000000 000000*
L0125928 00000000 00000010 00000000 00000000 00000000*
L0125968 00000010 00000000 00000000 00000000 000000*
L0126006 000001 000000 000000 010000 101111*
L0126036 00000011 00000001 00000011 00000011 00000011*
L0126076 11111101 10000011 11111111 01111111 000000*
L0126114 101110 000000 000000 000000 000000*
L0126144 00000000 00000011 00000011 00000000 00000011*
L0126184 01111111 10000000 11111111 01111111 000000*
L0126222 101111 000000 000000 000000 000000*
L0126252 00000011 11111100 00000000 00000011 00000000*
L0126292 10000000 00000011 00000000 00000000 000000*
L0126330 000000 000000 000000 000000 000000*
L0126360 00000000 00000011 00000011 00000000 00000011*
L0126400 00000011 00000000 00000011 00000011 000000*
L0126438 000000 000000 000000 000000 000000*
L0126468 00000011 11111100 11111100 11111111 11111100*
L0126508 00000000 00000011 00000000 10000000 011111*
L0126546 000000 010000 111111 111111 101111*
L0126576 00000000 00000011 00000011 00000000 00000011*
L0126616 00000011 00000000 00000011 00000011 000000*
L0126654 000000 000000 000000 000000 000000*
L0126684 00000011 11111110 11111100 11111111 11111100*
L0126724 00000010 00000011 00000000 10000000 011111*
L0126762 000000 010000 111111 111111 101111*
L0126792 00000011 00000001 00000011 00000011 00000011*
L0126832 00000001 00000011 00000011 00000011 000000*
L0126870 000000 000000 000000 000000 000000*
L0126900 00000000 11111111 11111111 11111100 11111111*
L0126940 00000011 00000000 00000011 10000011 011111*
L0126978 000000 010000 111111 111111 101111*
L0127008 00000000 00000011 00000011 00000000 00000011*
L0127048 00000011 00000000 00001011 00000011 000000*
L0127086 000000 000000 000000 000000 000000*
L0127116 00000011 00110000 00110011 00110011 00110000*
L0127156 00000011 00000011 00000000 00001011 001100*
L0127194 000000 010000 011000 011000 001000*
L0127224 00000000 00000000 00000000 00000000 00000000*
L0127264 00000000 00000000 00000000 00000000 000000*
L0127302 000000 000000 000000 000000 000000*
L0127332 00000011 11111111 11111111 11111111 11111111*
L0127372 00000011 00000011 00000011 10000011 011111*
L0127410 000000 010000 111111 111111 101111*
L0127440 00000011 00000000 00000010 00000011 00000010*
L0127480 00000000 00000011 10000000 00000001 000000*
L0127518 000000 000000 000000 000000 000000*
L0127548 00000011 00000011 00000011 00000011 00000011*
L0127588 00000011 10001011 00000011 00000011 000000*
L0127626 000000 000001 000000 000000 000000*
L0127656 00000011 00000011 00000011 00000011 00000011*
L0127696 00000011 00000011 00010011 00000011 000000*
L0127734 000000 000000 000000 000000 000000*
L0127764 00000011 00100011 00100011 00100011 00100011*
L0127804 00000011 00000011 00000011 00010011 001000*
L0127842 000000 010000 010000 010000 000000*
L0127872 00000011 00000011 00000011 00000011 00000011*
L0127912 00000011 00000011 00000011 00000011 000000*
L0127950 000000 000000 000000 000000 000000*
L0127980 00000011 00000011 00000011 00000011 00000011*
L0128020 00000011 00000011 00000011 00000011 000000*
L0128058 000000 000100 000000 000000 000000*
L0128088 00000011 00000011 00000011 00000011 00000011*
L0128128 00000011 00000011 00000011 00000011 000000*
L0128166 000000 000000 000000 000000 000000*
L0128196 00000011 11111101 11111111 11111111 11111111*
L0128236 00000001 00000011 00000011 10000011 011111*
L0128274 000000 010000 111111 111111 101111*
L0128304 00000000 00000010 00000000 00000000 00000000*
L0128344 00000010 00000000 00000000 00000000 000000*
L0128382 000000 000000 000000 000000 000000*
L0128412 00000000 11111110 11111100 11111100 11111100*
L0128452 00000010 00000000 00000000 10000000 011111*
L0128490 000000 010000 111111 111111 101111*
L0128520 00000011 00000011 00000011 00000011 00000011*
L0128560 00000011 00000011 00000011 00000011 000000*
L0128598 000000 000000 000000 000000 000000*
L0128628 00000011 11111111 11111111 11111111 11111111*
L0128668 00000011 00000011 00000011 10000011 011111*
L0128706 000000 010000 111111 111111 101111*
L0128736 00000000 00000011 00000011 00000000 00000011*
L0128776 00000011 00000000 00000011 00000011 000000*
L0128814 000000 000000 000000 000000 000000*
L0128844 00000000 10111110 10111110 10111100 10111110*
L0128884 00000010 00000000 00000000 10000001 001111*
L0128922 000000 010000 011111 011111 001111*
L0128952 00000011 00000011 00000001 00000011 00000001*
L0128992 00000011 00000011 00000011 00000010 000000*
L0129030 000000 000000 000000 000000 000000*
L0129060 11111111 00000011 00000011 00000011 00000011*
L0129100 00000011 00000011 00000011 00000011 000000*
L0129138 000000 000000 000000 000000 000000*
L0129168 00000011 00000000 00000010 00000011 00000010*
L0129208 00000000 00000011 00000000 10000001 011111*
L0129246 000000 000000 000000 000000 000000*
L0129276 00000000 00000011 00000001 00000000 00000001*
L0129316 01111111 10000000 11111111 01111110 000000*
L0129354 101111 000000 000000 000000 000000*
L0129384 00000011 00000011 00000011 00000011 00000011*
L0129424 00000011 00000011 00000011 00001011 000000*
L0129462 000000 000000 000000 000000 000000*
L0129492 00000011 00000011 00000011 00000011 00000011*
L0129532 00000011 00010011 00001011 00000011 000000*
L0129570 000000 000000 000000 000000 000000*
L0129600 00000011 00000011 00000011 00000011 00000011*
L0129640 00000011 00000011 00000111 00000011 000000*
L0129678 000000 000000 000000 000000 000000*
L0129708 00000011 00111000 00111010 00111011 00111010*
L0129748 00000000 00000011 00000000 00000101 001110*
L0129786 000000 010000 011100 011100 001100*
L0129816 00000000 00000000 00000000 00000000 00000000*
L0129856 00000000 00000000 00000000 00000000 000000*
L0129894 000000 000000 000000 000000 000000*
L0129924 00000000 00110000 00110000 00110000 00110000*
L0129964 00000000 00000000 00000000 00000000 001100*
L0130002 000000 010000 011000 011000 001000*
L0130032 00000000 00000000 00000000 00000000 00000000*
L0130072 11111100 10000000 11111100 01111100 000000*
L0130110 101111 000000 000000 000000 000000*
L0130140 00000000 00000000 00000000 00000000 00000000*
L0130180 00000000 00000000 00000000 00000000 000000*
L0130218 010000 010000 101111 000000 000000*
L0130248 00000000 00000010 00000000 00000000 00000000*
L0130288 01000010 10000000 11111100 01111100 000000*
L0130326 100001 000000 000000 000000 000000*
L0130356 00000001 00000011 00000001 11111111 00000010*
L0130396 00111111 00000001 00000011 00000011 000000*
L0130434 001110 000000 000000 000000 000000*
L0130464 00000011 00000011 00000001 00000010 00000011*
L0130504 00000011 00000000 00000011 01000011 000000*
L0130542 000000 000000 000000 000000 000000*
L0130572 00000010 00000011 00000001 00000011 00000010*
L0130612 00000010 00000100 01000001 00000001 000000*
L0130650 000000 000000 000000 000000 000000*
L0130680 00000001 00000011 00000011 00000010 00000011*
L0130720 00000011 00000001 00000011 00000111 000000*
L0130758 000000 000000 000000 000000 000000*
L0130788 00000011 00000011 00000001 00000010 00000010*
L0130828 00000011 00000000 00000111 00000011 000000*
L0130866 000000 000010 000000 000000 000000*
L0130896 00000011 00000001 00000011 00000010 00000011*
L0130936 00000011 00000011 00000001 00000001 000000*
L0130974 010000 000000 000000 000000 000000*
L0131004 00000001 00000011 00000011 00000010 00000011*
L0131044 00000011 00000001 00000011 00000011 000000*
L0131082 000000 000000 000000 000000 000000*
L0131112 00000001 00000011 00000011 00000011 00000011*
L0131152 00000010 00000000 00000011 00000011 000000*
L0131190 000000 000000 000000 000000 000000*
L0131220 00000011 00000001 00000011 00000010 00000010*
L0131260 00000011 00000001 00000011 00000011 000000*
L0131298 000000 000000 000000 000000 000000*
L0131328 00000010 00000011 00000011 00000000 00000010*
L0131368 00000011 00000011 00000011 00100011 000000*
L0131406 000000 000000 000000 000000 000000*
L0131436 00000001 00000011 00000001 00000010 00000010*
L0131476 00000010 01000011 00100011 00000011 000000*
L0131514 000000 001000 000000 000000 000000*
L0131544 00000010 00000011 00000011 00000010 00000010*
L0131584 00000011 00000010 00000001 00000011 000000*
L0131622 000000 000000 000000 000000 000000*
L0131652 00000001 00000001 00000011 00000011 00000011*
L0131692 00000011 00000011 00000011 00000011 000000*
L0131730 000000 000000 000000 000000 000000*
L0131760 00000011 00000011 11111111 00000011 00000011*
L0131800 11111111 00000001 00000011 00000011 000000*
L0131838 101110 000000 000000 000000 000000*
L0131868 00000011 00000011 00000011 00000011 00000011*
L0131908 00000011 10000011 11111111 01111111 000000*
L0131946 000001 000000 000000 000000 000000*
L0131976 00000011 00000011 00000011 00000011 00000011*
L0132016 00000011 00000011 00000011 00010011 000000*
L0132054 000000 000000 000000 000000 000000*
L0132084 00000011 00000011 00000011 00000011 00000011*
L0132124 00000011 00100011 00010011 00000011 000000*
L0132162 000000 100000 000000 000000 000000*
L0132192 11010011 0101011 1110011 1100111 0010111*
L0132228 11010011 0101011 1110011 1100111 0010111*
L0132264 11010011 0101011 1110011 1100111 0010111*
L0132300 11010011 0101011 1110011 1100111 0010111*
L0132336 11010011 0101011 1110011 1100111 0010111*
L0132372 11010011 0101011 1110011 1100111 0010111*
L0132408 11010011 0101011 1110011 1100111 0010111*
L0132444 11010011 0101011 1110011 1100111 0010111*
L0132480 11010011 0101011 1110011 1100111 0010111*
L0132516 11010011 0101011 1110111 1100111 0010111*
L0132552 11010011 0101011 1110011 1100111 0010111*
L0132588 11010011 0101011 1110011 1100111 0010111*
L0132624 11010011 1101011 1110011 1100111 0010111*
L0132660 11010011 0101011 1110011 1100111 0010111*
L0132696 11010011 0101011 1110011 1100111 0010111*
L0132732 11010011 0101011 1110011 1100111 0010111*
L0132768 11010011 0101011 1110011 1100111 0010111*
L0132804 11010011 0101011 1110011 1100111 0010111*
L0132840 11010011 0101011 1110011 1100111 0010111*
L0132876 11010011 0101011 1110011 1100111 0010111*
L0132912 11010011 0101011 1110011 1100111 0010111*
L0132948 11010011 0101011 1110011 1100111 0010111*
L0132984 11010011 0101011 1110011 1100111 0010111*
L0133020 11010011 0101011 1110011 1100111 0010111*
L0133056 11010011 0101011 1110011 1100111 0010111*
L0133092 11010011 0101011 1110011 1100111 0010111*
L0133128 11010011 0101011 1110011 1100111 0010111*
L0133164 11010011 0101011 1110011 1100111 0010111*
L0133200 11010011 0101011 1110011 1100111 0010111*
L0133236 11010011 0101011 1110011 1100111 0010111*
L0133272 11010011 0101011 1110011 1100111 0010111*
L0133308 11010011 0101011 1110011 1100111 0010111*
L0133344 11010011 0101011 1110011 1100111 0010111*
L0133380 11010011 0101011 1110011 1100111 0010111*
L0133416 11010011 0101011 1110011 1100111 0010111*
L0133452 11010011 0101011 1110011 1100111 0010111*
L0133488 11010011 0101011 1110011 1100111 0010111*
L0133524 11010011 0101011 1110011 1100111 0010111*
L0133560 11010011 0101011 1110011 1100111 0010111*
L0133596 11010011 0101011 1110011 1100111 0010111*
L0133632 11010011 0101011 1110011 1100111 0010111*
L0133668 11010011 0101011 1110011 1100111 0010111*
L0133704 11010011 0101011 1110011 1100111 0010111*
L0133740 11010011 0101011 1110011 1100111 0010111*
L0133776 11010011 0101011 1110011 1100111 0010111*
L0133812 11010011 0101011 1110011 1100111 0010111*
L0133848 11010011 0101011 1110011 1100111 0010111*
L0133884 11010011 0101011 1110011 1100111 0010111*
L0133920 11010011 0101011 1110011 1100111 0010111*
L0133956 11010011 0101011 1110011 1100111 0010111*
L0133992 11010011 0101011 1110011 1100111 0010111*
L0134028 11010011 0101011 1110011 1100111 0010111*
L0134064 11010011 0101011 1110011 1100111 0010111*
L0134100 11010011 0101011 1110011 1100111 0010111*
L0134136 11010011 0101011 1110011 1100111 0010111*
L0134172 11010011 0101011 1110011 1100111 0010111*
L0134208 11010011 0101011 1110011 1100111 0010111*
L0134244 11010011 0101011 1110011 1100111 0010111*
L0134280 11010011 0101011 1110011 1100111 0010111*
L0134316 11010011 0101011 1110011 1100111 0010111*
L0134352 11010011 0101011 1110011 1100111 0010111*
L0134388 11010011 0101011 1110011 1100111 0010111*
L0134424 11010011 0101011 1110011 1100111 0010111*
L0134460 11010011 0101011 1110011 1100111 0010111*
L0134496 11010011 0101011 1110011 1100111 0010111*
L0134532 11010011 0101011 1110011 1100111 0010111*
L0134568 11010011 0101011 1110011 1100111 0010111*
L0134604 11010011 0101011 1110011 1100111 0010111*
L0134640 11010011 0101011 1110011 1100111 0010111*
L0134676 11010011 0101011 1110011 1100111 0010111*
L0134712 11010011 0101011 1110011 1100111 0010111*
L0134748 11010011 0101011 1110011 1100111 0010111*
L0134784 11010011 0101011 1110011 1100111 0010111*
L0134820 11010011 0101011 1110011 1100111 0010111*
L0134856 11010011 0101011 1110011 1100111 0010111*
L0134892 11010011 0101011 1110011 1100111 0010111*
L0134928 11010011 0101011 1110011 1100111 0010111*
L0134964 11010011 0101011 1110011 1100111 0010111*
L0135000 11010011 0101011 1110011 1100111 0010111*
L0135036 11010011 0101011 1110011 1100111 0010111*
L0135072 11010011 0101011 1110011 1100111 0010111*
L0135108 11010011 0101011 1110011 1100111 0010111*
L0135144 11010011 0101011 1110011 1100111 0010111*
L0135180 11010011 0101011 1110011 1100111 0010111*
L0135216 11010011 0101011 1110011 1100111 0010111*
L0135252 11010011 0101011 1110011 1100111 0010111*
L0135288 11010011 0111011 1110011 1100111 0010111*
L0135324 11010011 0101011 1110011 1100111 0010111*
L0135360 11010011 0101011 1110011 1100111 0010111*
L0135396 11110011 0101011 1110011 1100111 0010111*
L0135432 11010011 0101011 1110011 1100111 0010111*
L0135468 11010011 0101011 1110011 1100111 0010111*
L0135504 11010011 0101011 1110011 1100111 0010111*
L0135540 11010011 0101011 1110011 1100111 0010111*
L0135576 11010011 0101011 1110011 1100111 0010111*
L0135612 11010011 0101011 1110011 1100111 0010111*
L0135648 11010011 0101011 1110011 1100111 0010111*
L0135684 11010011 0101011 1110011 1100111 0010111*
L0135720 11010011 0101011 1110011 1100111 0010111*
L0135756 11010011 0101011 1110011 1100111 0010111*
L0135792 11010011 0101011 1110011 1100111 0010111*
L0135828 11010011 0101011 1110011 1100111 0010111*
L0135864 11010011 0101011 1110011 1100111 0010111*
L0135900 11010011 0101011 1110011 1100111 0010111*
L0135936 11010011 0101011 1110011 1100111 0010111*
L0135972 11010011 0101011 1110011 1100111 0010111*
L0136008 11010011 0101011 1110011 1100111 0010111*
L0136044 11010011 0101011 1110011 1100111 0010111*
L0136080 11010011 0101011 1110011 1100111 0010111*
L0136116 11010011 0101011 1110011 1100111 0010111*
L0136152 11010011 0101011 1110011 1100111 0010111*
L0136188 11010011 0101011 1110011 1100111 0010111*
L0136224 11010011 0101011 1110011 1100111 0010111*
L0136260 11010011 0101011 1110011 1100111 0010111*
L0136296 11010011 0101011 1110011 1100111 0010111*
L0136332 11010011 0101011 1110011 1100111 0010111*
L0136368 11010011 0101011 1110011 1100111 0010111*
L0136404 11010011 0101011 1110011 1100111 0010111*
L0136440 11010011 0101011 1110011 1100111 0010111*
L0136476 11010011 0101011 1110011 1100111 0010111*
L0136512 11010011 0101011 1110011 1100111 0010111*
L0136548 11010011 0101011 1110011 1100111 0010111*
L0136584 11010011 0101011 1110011 1100111 0010111*
L0136620 11010011 0101011 1110011 1100111 0010111*
L0136656 11010011 0101011 1110011 1100111 0010111*
L0136692 11010011 0101011 1110011 1100111 0010111*
L0136728 11010011 0101011 1110011 1100111 0010111*
L0136764 11010011 0101011 1110011 1100111 0010111*
L0136800 11010011 0101011 1110011 1100111 0010111*
L0136836 11010011 0101011 1110011 1100111 0010111*
L0136872 11010011 0101011 1110011 1100111 0010111*
L0136908 11010011 0101011 1110011 1100111 0010111*
L0136944 11010011 0101011 1110011 1100111 0010111*
L0136980 11010011 0101011 1110011 1100111 0010111*
L0137016 11010011 0101011 1110011 1100111 0010111*
L0137052 11010011 0101011 1110011 1100111 0010111*
L0137088 11010011 0101011 1110011 1100111 0010111*
L0137124 11010011 0101011 1110011 1100111 0010111*
L0137160 11010011 0101011 1110011 1100111 0010111*
L0137196 11010011 0101011 1110011 1100111 0010111*
L0137232 11010011 0101011 1110011 1100111 0010111*
L0137268 11010011 0101011 1110011 1100111 0010111*
L0137304 11010011 0101011 1110011 1100111 0010111*
L0137340 11010011 0101011 1110011 1100111 0010111*
L0137376 11010011 0101011 1110011 1100111 0010111*
L0137412 11010011 0101011 1110011 1100111 0010111*
L0137448 11010011 0101011 1110011 1100111 0010111*
L0137484 11010011 0101011 1110011 1100111 0010111*
L0137520 11010011 0101011 1110011 1100111 0010111*
L0137556 11010011 0101011 1110011 1100111 0010111*
L0137592 11010011 0101011 1110011 1100111 0010111*
L0137628 11010011 0101011 1110011 1100111 0010111*
L0137664 11010011 0101011 1110011 1100111 0010111*
L0137700 11010011 0101011 1110011 1100111 0010111*
L0137736 11010011 0101011 1110011 1100111 0010111*
L0137772 11010011 0101011 1110011 1100111 0010111*
L0137808 11010011 0101011 1110011 1100111 0010111*
L0137844 11010011 0101011 1110011 1100111 0010111*
L0137880 11010011 0101011 1110011 1100111 0010111*
L0137916 11010011 0101011 1110011 1100111 0010111*
L0137952 11010011 0101011 1110011 1100111 0010111*
L0137988 11010011 0101011 1110011 1100111 0010111*
L0138024 11010011 0101011 1110011 1100111 1010111*
L0138060 11010011 0101011 1110011 1100111 0010111*
L0138096 11010011 0101011 1110011 1100111 0010111*
L0138132 11010011 0101011 1110011 1100111 0010111*
L0138168 11010011 0101011 1110011 1100111 0010111*
L0138204 11010011 0101011 1110011 1100111 0010111*
L0138240 11010011 0101011 1110011 1100111 0010111*
L0138276 11010011 0101011 1110011 1100111 0010111*
L0138312 11010011 0101011 1110011 1100111 0010111*
L0138348 11010011 0101011 1110011 1100111 0010111*
L0138384 11010011 0101011 1110011 1100111 0010111*
L0138420 11010011 0101011 1110011 1100111 0010111*
L0138456 11010011 0101011 1110011 1100111 0010111*
L0138492 11010011 0101011 1110011 1100111 0010111*
L0138528 11010011 0101011 1110011 1100111 0010111*
L0138564 11010011 0101011 1110011 1100111 0110111*
L0138600 11010011 0101011 1110011 1100111 0010111*
L0138636 11010011 0101011 1110011 1100111 0010111*
L0138672 11010011 0101011 1110011 1100111 0010111*
L0138708 11010011 0101011 1110011 1100111 0010111*
L0138744 11010011 0101011 1110011 1100111 0010111*
L0138780 11011011 0101011 1110011 1100111 0010111*
L0138816 11010011 0101011 1110011 1100111 0010111*
L0138852 11010011 0101011 1110011 1100111 0010111*
L0138888 11010011 0101011 1110011 1100111 0011111*
L0138924 11010011 0101011 1110011 1100111 0010111*
L0138960 11010011 0101011 1110011 1100111 0010111*
L0138996 11010011 0101011 1110011 1101111 0010111*
L0139032 11010011 0101011 1110011 1100111 0010111*
L0139068 11010011 0101011 1110011 1100111 0010111*
L0139104 11010011 0101011 1111011 1100111 0010111*
L0139140 11010011 0101011 1110011 1100111 0010111*
L0139176 11010011 0101011 1110011 1100111 0010111*
L0139212 11010011 0101011 1110011 1110111 0010111*
L0139248 11010011 0101011 1110011 1100111 0010111*
L0139284 11010111 0101011 1110011 1100111 0010111*
L0139320 11010011 0101011 1110011 1100111 0010111*
L0139356 11010011 0101011 1110011 1100111 0010111*
L0139392 11010011 0101011 1110011 1100111 0010111*
L0139428 11010011 0101011 1110011 1100111 0010111*
L0139464 11010011 0101011 1110011 1100111 0010111*
L0139500 11010011 0101011 1110011 1100111 0010111*
L0139536 11010011 0101011 1110011 1100111 0010111*
L0139572 11010011 0101011 1110011 1100111 0010111*
L0139608 11010011 0101011 1110011 1100111 0010111*
L0139644 11010011 0101011 1110011 1100111 0010111*
L0139680 11010011 0101011 1110011 1100111 0010111*
L0139716 11010011 0101011 1110011 1100111 0010111*
L0139752 11010011 0101011 1110011 1100111 0010111*
L0139788 11010011 0101011 1110011 1100111 0010111*
L0139824 11010011 0101011 1110011 1100111 0010111*
L0139860 11010011 0101011 1110011 1100111 0010111*
L0139896 11010011 0101011 1110011 1100111 0010111*
L0139932 11010011 0101111 1110011 1100111 0010111*
L0139968 00000011 00000011 00000011 00000011 00000011*
L0140008 00000011 00000011 00000011 00000011 000000*
L0140046 000000 000000 000000 000000 000001*
L0140076 00000011 00000111 00000111 00001111 00000111*
L0140116 00000011 00000011 00000011 10000011 000000*
L0140154 000000 000000 000000 000010 000010*
L0140184 00000011 00000011 00000011 00000011 00000011*
L0140224 00000011 00000011 00000011 00000011 000000*
L0140262 000000 000000 000000 000000 000000*
L0140292 00000011 10000111 10000111 10000111 10000111*
L0140332 00000011 00000011 00000011 00000011 000000*
L0140370 000000 000000 000001 000011 000010*
L0140400 00011011 00000011 00000011 10000111 00000011*
L0140440 00001111 00000011 00000011 00000011 000000*
L0140478 000010 000000 000000 000000 000000*
L0140508 01100011 00000011 00000011 00000011 00000011*
L0140548 11110011 00000011 00000011 10000111 000001*
L0140586 111100 000000 000000 000000 000001*
L0140616 01111011 00000011 00000011 00000011 00000011*
L0140656 11111111 00000011 00000011 10000111 000001*
L0140694 111110 000000 000000 000000 000001*
L0140724 00000011 10000111 00000011 00000011 00000011*
L0140764 00000011 00000011 00000011 00000011 000000*
L0140802 000000 000000 000000 000000 000000*
L0140832 00000011 00000011 00000011 00000011 00000011*
L0140872 00000011 00000011 00000011 00000011 000001*
L0140910 000000 000000 000000 000000 000000*
L0140940 00000011 01010011 00000011 00000011 00000011*
L0140980 00000011 00000011 00000011 00000111 000000*
L0141018 000000 000000 000100 000000 000000*
L0141048 00001011 00000011 00000011 00000011 00000011*
L0141088 11110011 00000011 00000011 10000111 000001*
L0141126 111100 000000 000000 000000 000001*
L0141156 01110011 00000011 00000011 00000011 00000011*
L0141196 00001111 00000011 00000011 00000011 000000*
L0141234 000010 000000 000001 000010 000000*
L0141264 00000000 00000000 00000000 00000000 00000000*
L0141304 00000000 00000000 00000000 00000000 000000*
L0141342 000000 000000 000000 000000 000000*
L0141372 00000000 00000000 00000000 00000000 00000000*
L0141412 00000000 00000000 10000000 00000000 000000*
L0141450 000000 000000 000000 000000 000000*
L0141480 00000000 00000000 00000000 00000000 00000000*
L0141520 00000000 00000000 00000000 00000000 000000*
L0141558 000000 000000 000000 000000 000000*
L0141588 10000111 00000000 00000000 00000011 00000000*
L0141628 00000000 00000011 00000000 00000001 000000*
L0141666 000000 000000 000000 000000 000000*
L0141696 00000001 00000000 00000000 00000011 00000000*
L0141736 00000000 00000010 00000000 00000001 000000*
L0141774 000000 000000 000000 000001 000010*
L0141804 01111011 00000011 00000011 00000011 00000011*
L0141844 11111111 00000011 00000011 10000110 000001*
L0141882 111110 000000 000000 000000 000001*
L0141912 00000001 00000011 00000011 00000010 00000011*
L0141952 00000011 10000010 00000011 00000011 000000*
L0141990 000000 000000 000000 000000 000000*
L0142020 00000011 00000001 00000011 00000010 00000011*
L0142060 00000010 00000011 00000010 00000010 000000*
L0142098 000000 000000 000000 000000 000000*
L0142128 00000001 00000011 00000011 00000011 00000011*
L0142168 00000011 00000010 00000011 00000011 000000*
L0142206 000000 100000 000000 000000 000000*
L0142236 00000011 00000011 00000011 00000011 00000011*
L0142276 00000010 00000011 00000010 00000010 000000*
L0142314 000000 000000 000000 000000 000000*
L0142344 00000011 00000011 00000011 00000011 00000011*
L0142384 00000011 01000011 00000011 00000011 000000*
L0142422 000000 000000 000000 000000 000000*
L0142452 00000001 00000011 00000011 00000011 00000011*
L0142492 00000011 00000010 00000011 00000011 000000*
L0142530 000000 000000 000000 000000 000000*
L0142560 00000001 00000011 00000011 00000011 00000011*
L0142600 00000011 00000010 00000011 00000011 000000*
L0142638 000000 000000 000000 000000 000000*
L0142668 00000011 00000001 00000011 00000011 00000011*
L0142708 00000011 00000011 00001010 00000011 000000*
L0142746 000000 000000 010000 000000 000000*
L0142776 00000000 00000000 00000000 00000000 00000000*
L0142816 00000000 00000000 00000000 00000000 000000*
L0142854 000000 000000 000000 000000 000000*
L0142884 00000011 00000000 00000000 00000011 00000000*
L0142924 00000000 00000011 01000000 00000001 000000*
L0142962 000000 000000 000010 000000 000000*
L0142992 00000011 00000011 00000011 00000011 00000011*
L0143032 00000011 00000011 00000011 00000011 000000*
L0143070 000000 010000 000000 000000 000000*
L0143100 00000011 00000011 00000011 00000011 00000011*
L0143140 00000011 00000011 00000011 00000011 000000*
L0143178 000000 000000 000000 000000 000000*
L0143208 00000011 00000011 00000011 00000011 00000011*
L0143248 00000011 00000011 00000011 00000111 000000*
L0143286 000000 000000 000000 000000 000000*
L0143316 00000011 00000011 00000011 00001011 00000011*
L0143356 00000011 00000011 00000011 00000011 000001*
L0143394 000000 000000 000000 000000 000000*
L0143424 00000011 00000011 00000011 00000011 00000011*
L0143464 00000011 00100011 00000011 00000011 000000*
L0143502 000000 000000 000000 000000 000000*
L0143532 00000011 00000011 00000011 00000011 00000011*
L0143572 00000011 00000011 00000011 00000011 000000*
L0143610 000000 000000 000000 000000 000000*
L0143640 00000011 00000011 00000011 00000011 00000011*
L0143680 00000011 00000011 00000011 00000011 000000*
L0143718 000000 001000 000000 000000 000000*
L0143748 00000011 00000011 00000011 00000011 00000011*
L0143788 00000011 00000011 00000011 00000011 000000*
L0143826 000000 000000 000000 000000 000000*
L0143856 00000000 00000000 00000000 00000000 00000000*
L0143896 00000000 00000000 00000000 00000000 000000*
L0143934 000000 000000 000000 000000 000000*
L0143964 00000000 00000000 00000000 00000000 00000000*
L0144004 00000000 00000000 00000000 00000000 000000*
L0144042 000000 000000 100000 000000 000000*
L0144072 00000011 00000011 00000011 00000011 00000011*
L0144112 00000011 00010011 00000011 00000011 000000*
L0144150 000000 000000 000000 000000 000000*
L0144180 00000011 00000011 00000011 00000011 00000011*
L0144220 00000011 00000011 00000011 00000011 000000*
L0144258 000000 000000 000000 000000 000000*
L0144288 00000001 00000011 00000011 00000011 00000011*
L0144328 00000011 00000010 00000011 00000010 000000*
L0144366 000000 000000 000000 000000 000000*
L0144396 00000000 00001000 00000000 00000010 00000000*
L0144436 00000000 00000010 00000000 00000001 000000*
L0144474 000000 000000 000000 000000 000000*
L0144504 00000011 00000011 00000011 00000001 00000011*
L0144544 00000011 00000001 00000011 00000011 000000*
L0144582 000000 000100 000000 000000 000000*
L0144612 00000011 00000011 00000011 00000011 00000011*
L0144652 00000011 00000011 00000011 00000011 000000*
L0144690 000000 000000 000000 000000 000000*
L0144720 00000011 00000000 00000000 00000011 00000000*
L0144760 00000000 00000011 00000000 00000001 000000*
L0144798 000000 000000 000000 000000 000000*
L0144828 00000000 00000011 00000011 00001000 00000011*
L0144868 00000011 00000000 00000011 00000010 000000*
L0144906 000000 000000 000000 000000 000000*
L0144936 00000011 00000011 00000011 00000011 00000011*
L0144976 00000011 00001011 00000011 00000011 000000*
L0145014 000000 000000 000000 000000 000000*
L0145044 00000011 00000011 00000011 00000011 00000011*
L0145084 00000011 00000011 00000011 00000011 000000*
L0145122 000000 000000 000000 000000 000000*
L0145152 01111011 00000011 00000011 00000011 00000011*
L0145192 11110011 00000011 00000011 10000111 000001*
L0145230 111100 000000 000000 000000 000001*
L0145260 00000011 00000000 00000000 00000011 10000100*
L0145300 00001100 00000011 00000000 00000001 000000*
L0145338 000010 000000 000000 000000 000000*
L0145368 00000000 00000000 00000000 00000000 00000000*
L0145408 00000000 00000000 00000000 00000000 000000*
L0145446 000000 000010 000000 000000 000000*
L0145476 00000000 00000000 00000000 00000000 00000000*
L0145516 00000000 00000000 00000000 00000000 000000*
L0145554 000000 000000 000000 000000 000000*
L0145584 00000001 00000000 00000000 00000011 00000000*
L0145624 00000000 00000110 00000000 00000000 000000*
L0145662 000000 000000 000000 000000 000000*
L0145692 00000001 00000001 00000011 00000010 00000011*
L0145732 00000010 00000010 00000010 00000010 000000*
L0145770 000000 000000 000000 000000 000000*
L0145800 00000001 00000011 00000011 00000011 00000011*
L0145840 00000010 00000010 00000010 00000010 000000*
L0145878 000000 000000 000000 000000 000000*
L0145908 00000011 00000001 00000011 00000011 00000010*
L0145948 00000010 00000000 00000011 00000011 000000*
L0145986 000000 000001 000000 000000 000000*
L0146016 00000001 00000011 00000001 00000010 00000011*
L0146056 00000011 00000010 00000001 00000001 000000*
L0146094 000000 000000 000000 000000 000000*
L0146124 00000011 00000011 00000001 00000000 00000011*
L0146164 00000011 00000001 00000011 00000011 000000*
L0146202 000000 000000 000000 000000 000000*
L0146232 00000001 00000011 00000011 00000010 00000011*
L0146272 00000011 00000001 00000011 00000011 000000*
L0146310 000000 000000 000000 000000 000000*
L0146340 00000000 00000001 00000001 00000010 00000011*
L0146380 00000011 00000001 00000011 00000001 000000*
L0146418 000000 000000 000000 000000 000000*
L0146448 01111011 00000011 10000101 00000010 00000011*
L0146488 11111111 00000001 00000011 00000011 000000*
L0146526 111110 000000 000000 000000 000000*
L0146556 00000001 00000011 00000011 00000001 00000010*
L0146596 00000011 00000001 00000011 10000111 000001*
L0146634 000000 000000 000000 000000 000001*
L0146664 00000001 00000011 00000011 00000010 00000011*
L0146704 00000011 00000001 00000011 00000011 000000*
L0146742 000000 000000 000000 000000 000000*
L0146772 00000001 00000011 00000011 00000000 00000011*
L0146812 00000011 00000001 00000011 00000011 000000*
L0146850 000001 000000 000000 000000 000000*
L0146880 00000001 00000011 00000011 00000011 00000011*
L0146920 00000011 00000011 00000011 00000011 000000*
L0146958 000000 000000 000000 000000 000000*
L0146988 00000011 00000011 00000001 00000000 00000011*
L0147028 00000010 00000011 00000101 00000011 000000*
L0147066 000000 000000 001000 000000 000000*
L0147096 00000011 00000011 00000011 00000011 00000010*
L0147136 00000011 00000001 00000001 00000011 000000*
L0147174 000000 000000 000000 000000 000000*
L0147204 00000001 00000001 00000011 00000011 00000011*
L0147244 00000011 00000011 00000011 00000011 000000*
L0147282 000000 000000 000000 000000 000000*
L0147312 00000011 00000011 00000011 00000011 00000011*
L0147352 00000011 00000001 00000011 10000011 000000*
L0147390 000000 000000 000000 000000 000000*
L0147420 00000011 00101011 00000011 00000011 00000011*
L0147460 00000011 00000011 00010011 00000011 000000*
L0147498 000000 000000 000000 000000 000001*
L0147528 00000011 00000011 00000011 00000011 00000011*
L0147568 00000011 00000011 00000011 00000011 000000*
L0147606 000000 000000 000000 000000 000000*
L0147636 00000011 00000011 00000011 00000011 00000011*
L0147676 00000011 00000011 00100011 00000011 000000*
L0147714 000000 000000 000000 000000 000000*
L0147744 11011011 0100001 1010001 1011011 1000111*
L0147780 11011011 0100001 1010001 1011011 1000111*
L0147816 11011011 0100001 1010001 1011011 1000111*
L0147852 11011011 0100001 1010011 1011011 1000111*
L0147888 11011011 0100001 1010001 1011011 1000111*
L0147924 11011011 0100001 1010001 1011011 1000111*
L0147960 11011011 0100001 1010001 1011011 1000111*
L0147996 11011011 0100001 1010001 1011011 1000111*
L0148032 11011011 0100001 1010001 1011011 1000111*
L0148068 11011011 0100001 1010001 1111011 1000111*
L0148104 11011011 0100001 1010001 1011011 1000111*
L0148140 11011011 0100001 1010001 1011011 1000111*
L0148176 11011011 1100001 1010001 1011011 1000111*
L0148212 11011011 0100001 1010001 1011011 1000111*
L0148248 11011011 0100001 1010001 1011011 1000111*
L0148284 11011011 0100001 1010001 1011011 1000111*
L0148320 11011011 0100001 1010001 1011011 1000111*
L0148356 11011011 0100001 1010001 1011011 1000111*
L0148392 11011011 0100001 1010001 1011011 1000111*
L0148428 11011011 0100001 1010001 1011011 1000111*
L0148464 11011011 0100001 1010001 1011011 1000111*
L0148500 11011011 0100001 1010001 1011011 1000111*
L0148536 11011011 0100001 1010001 1011011 1000111*
L0148572 11011011 0100001 1010001 1011011 1000111*
L0148608 11011011 0100001 1010001 1011011 1000111*
L0148644 11011011 0100001 1010001 1011011 1000111*
L0148680 11011011 0100001 1010001 1011011 1000111*
L0148716 11011011 0100001 1010001 1011011 1000111*
L0148752 11011011 0100001 1010001 1011011 1000111*
L0148788 11011011 0100001 1010001 1011011 1000111*
L0148824 11011011 0100001 1010001 1011011 1000111*
L0148860 11011011 0100001 1010001 1011011 1000111*
L0148896 11011011 0100001 1010001 1011011 1000111*
L0148932 11011011 0100001 1010001 1011011 1000111*
L0148968 11011011 0100001 1010001 1011011 1000111*
L0149004 11011011 0100001 1010001 1011011 1000111*
L0149040 11011011 0100001 1010001 1011011 1000111*
L0149076 11011011 0100001 1010001 1011011 1000111*
L0149112 11011011 0100001 1010001 1011011 1000111*
L0149148 11011011 0100011 1010001 1011011 1000111*
L0149184 11011011 0100001 1010001 1011011 1000111*
L0149220 11011011 0100001 1010001 1011011 1000111*
L0149256 11011011 0100001 1010001 1011011 1000111*
L0149292 11011011 0100001 1010001 1011011 1000111*
L0149328 11011011 0100001 1010001 1011011 1000111*
L0149364 11011011 0100001 1010011 1011011 1000111*
L0149400 11011011 0100001 1010001 1011011 1000111*
L0149436 11011011 0100001 1010001 1011011 1000111*
L0149472 11011011 0100001 1010001 1011011 1000111*
L0149508 11011011 0100001 1010001 1011011 1000111*
L0149544 11011011 0100001 1010001 1011011 1000111*
L0149580 11011011 0100001 1010001 1011011 1000111*
L0149616 11011011 0100001 1010001 1111011 1000111*
L0149652 11011011 0100001 1010001 1011011 1000111*
L0149688 11011011 0100001 1010001 1011011 1000111*
L0149724 11011011 0100001 1010011 1011011 1000111*
L0149760 11011011 0100001 1010001 1011011 1001111*
L0149796 11011011 0100001 1010001 1011111 1000111*
L0149832 11011011 0100001 1010001 1011011 1000111*
L0149868 11011011 0100001 1010001 1011011 1000111*
L0149904 11011011 0100001 1010001 1011011 1000111*
L0149940 11011011 0100001 1010001 1011011 1000111*
L0149976 11011011 0100001 1010001 1011011 1000111*
L0150012 11011011 0100001 1010001 1011011 1000111*
L0150048 11011011 0100001 1010001 1011011 1000111*
L0150084 11011011 0100001 1010001 1011011 1000111*
L0150120 11011011 0100001 1010001 1011011 1000111*
L0150156 11011011 0100001 1010001 1011011 1000111*
L0150192 11011011 0100001 1010001 1011011 1000111*
L0150228 11011011 0100001 1010001 1011011 1000111*
L0150264 11011011 0100001 1010001 1011011 1000111*
L0150300 11011011 0100001 1010001 1011011 1000111*
L0150336 11011011 0100001 1010001 1011011 1010111*
L0150372 11011011 0100001 1010001 1111011 1000111*
L0150408 11011011 0100001 1010001 1011011 1000111*
L0150444 11011011 0100001 1011001 1011011 1000111*
L0150480 11011011 0100001 1010001 1011011 1000111*
L0150516 11011011 0100001 1010001 1011011 1000111*
L0150552 11011011 0100001 1010001 1011011 1000111*
L0150588 11011011 0100001 1010001 1011011 1000111*
L0150624 11011011 0100001 1010001 1011011 1000111*
L0150660 11011011 0100001 1010001 1011011 1000111*
L0150696 11011011 0100001 1010001 1011011 1000111*
L0150732 11011011 0100001 1010001 1011011 1000111*
L0150768 11011011 0100001 1010001 1011011 1000111*
L0150804 11011011 0100001 1010001 1011011 1000111*
L0150840 11011011 0100001 1010101 1011011 1000111*
L0150876 11011011 0100001 1010001 1011011 1000111*
L0150912 11011011 0100001 1010001 1011011 1000111*
L0150948 11011011 0100001 1010101 1011011 1000111*
L0150984 11011011 0101001 1010001 1011011 1000111*
L0151020 11011011 0100001 1010001 1011011 1000111*
L0151056 11011011 0100001 1010001 1011011 1000111*
L0151092 11011011 0100001 1010001 1011011 1000111*
L0151128 11011011 0100001 1010001 1011011 1000111*
L0151164 11011011 0100001 1010001 1011011 1000111*
L0151200 11011011 0100001 1010001 1011011 1000111*
L0151236 11011011 0100001 1010001 1011011 1000111*
L0151272 11011011 0100001 1010001 1011011 1000111*
L0151308 11011011 0100001 1010001 1011011 1000111*
L0151344 11011011 0100001 1010001 1011011 1000111*
L0151380 11011011 0100001 1010001 1011011 1000111*
L0151416 11011011 0100001 1010001 1011011 1000111*
L0151452 11011011 0100001 1010001 1011011 1000111*
L0151488 11011011 0100001 1010001 1011011 1000111*
L0151524 11011011 0100001 1010001 1011011 1000111*
L0151560 11011011 0100001 1010001 1011011 1000111*
L0151596 11011011 0100001 1010001 1011011 1000111*
L0151632 11011011 0100001 1010001 1011011 1000111*
L0151668 11011011 0100001 1010001 1011011 1000111*
L0151704 11011011 0100001 1010001 1011011 1000111*
L0151740 11011011 0100001 1010001 1011011 1000111*
L0151776 11011011 0100001 1010001 1011011 1000111*
L0151812 11011011 0100001 1010001 1011011 1000111*
L0151848 11011011 0100001 1010001 1011011 1000111*
L0151884 11011011 0100001 1010001 1011011 1000111*
L0151920 11011011 0100001 1010001 1011011 1000111*
L0151956 11011011 0100001 1010001 1011011 1000111*
L0151992 11011011 0100001 1010001 1011011 1000111*
L0152028 11011011 0100001 1010001 1011011 1000111*
L0152064 11011011 0100001 1010001 1011011 1000111*
L0152100 11011011 0100001 1010001 1011011 1000111*
L0152136 11011011 0100001 1010001 1011011 1000111*
L0152172 11011011 0100001 1010001 1011011 1000111*
L0152208 11011011 0100001 1010001 1011011 1000111*
L0152244 11011011 0100001 1010001 1011011 1000111*
L0152280 11011011 0100001 1010001 1011011 1000111*
L0152316 11011011 0100001 1010001 1011011 1000111*
L0152352 11011011 0100001 1010001 1011011 1000111*
L0152388 11111011 0100001 1010001 1011011 1000111*
L0152424 11011011 0100001 1010001 1011011 1000111*
L0152460 11011011 0100001 1010001 1011011 1000111*
L0152496 11011011 0110001 1010001 1011011 1000111*
L0152532 11011011 0100001 1010001 1011011 1000111*
L0152568 11011011 0100001 1010001 1011011 1000111*
L0152604 11011011 0100101 1010001 1011011 1000111*
L0152640 11011011 0100001 1010001 1011011 1000111*
L0152676 11011011 0100001 1010001 1011011 1000111*
L0152712 11011011 0100001 1010001 1011011 1000111*
L0152748 11011011 0100001 1010001 1011011 1000111*
L0152784 11011011 0100001 1010001 1011011 1000111*
L0152820 11011011 0100001 1010001 1011011 1000111*
L0152856 11011011 0100001 1010001 1011011 1000111*
L0152892 11011011 0100001 1010001 1011011 1000111*
L0152928 11011011 0100001 1010101 1011011 1000111*
L0152964 11011011 0100001 1010001 1011011 1000111*
L0153000 11011011 0100001 1010001 1011011 1000111*
L0153036 11011011 0100001 1010101 1011011 1000111*
L0153072 11011011 0100001 1010001 1011011 1000111*
L0153108 11011011 0100001 1010001 1011011 1000111*
L0153144 11011011 0100001 1010101 1011011 1000111*
L0153180 11011011 0100001 1010001 1011011 1000111*
L0153216 11011011 0100001 1010001 1011011 1000111*
L0153252 11011011 0100001 1010101 1011011 1000111*
L0153288 11011011 0100001 1010001 1011011 1000111*
L0153324 11011011 0100001 1010001 1011011 1000111*
L0153360 11011011 0100001 1010101 1011011 1000111*
L0153396 11011011 0100001 1010001 1011011 1000111*
L0153432 11011011 0100001 1010001 1011011 1000111*
L0153468 11011011 0100001 1010101 1011011 1000111*
L0153504 11011011 0100001 1010001 1011011 1000111*
L0153540 11011011 0100001 1010001 1011011 1000111*
L0153576 11011011 0100001 1010001 1011011 1000111*
L0153612 11011011 0100001 1010001 1011011 1000111*
L0153648 11011011 0100001 1010001 1011011 1000111*
L0153684 11011011 0100001 1010001 1011011 1000111*
L0153720 11011011 0100001 1010001 1011011 1000111*
L0153756 11011011 0100001 1010001 1011011 1000111*
L0153792 11011011 0100001 1010001 1011011 1000111*
L0153828 11011011 0100001 1010001 1011011 1000111*
L0153864 11011011 0100001 1010001 1011011 1000111*
L0153900 11011011 0100001 1010001 1011011 1000111*
L0153936 11011011 0100001 1010001 1011011 1000111*
L0153972 11011011 0100001 1010001 1011011 1000111*
L0154008 11011011 0100001 1010001 1011011 1000111*
L0154044 11011011 0100001 1010001 1011011 1000111*
L0154080 11011011 0100001 1010001 1011011 1000111*
L0154116 11011011 0100001 1010001 1011011 1000111*
L0154152 11011011 0100001 1010001 1011011 1000111*
L0154188 11011011 0100001 1010001 1011011 1000111*
L0154224 11011011 0100001 1010001 1011011 1100111*
L0154260 11011011 0100001 1010001 1011011 1000111*
L0154296 11011011 0100001 1010001 1011011 1000111*
L0154332 11011011 0100001 1010101 1011011 1000111*
L0154368 11011011 0100001 1010001 1011011 1000111*
L0154404 11011011 0100001 1010001 1011011 1000111*
L0154440 11011011 0100001 1010101 1011011 1000111*
L0154476 11011011 0100001 1010001 1011011 1000111*
L0154512 11011011 0100001 1010001 1011011 1000111*
L0154548 11011011 0100001 1010101 1011011 1000111*
L0154584 11011011 0100001 1010001 1011011 1000111*
L0154620 11011011 0100001 1010001 1011011 1000111*
L0154656 11011011 0100001 1010101 1011011 1000111*
L0154692 11011011 0100001 1010001 1011011 1000111*
L0154728 11011011 0100001 1010001 1011011 1000111*
L0154764 11011011 0100001 1010101 1011011 1000111*
L0154800 11011011 0100001 1010001 1011011 1000111*
L0154836 11011011 0100001 1010101 1011011 1000111*
L0154872 11011111 0100001 1010001 1011011 1000111*
L0154908 11011011 0100001 1010001 1011011 1000111*
L0154944 11011011 0100001 1010001 1011011 1000111*
L0154980 11011011 0100001 1010001 1011011 1000111*
L0155016 11011011 0100001 1010001 1011011 1000111*
L0155052 11011011 0100001 1010001 1011011 1000111*
L0155088 11011011 0100001 1010001 1011011 1000111*
L0155124 11011011 0100001 1010001 1011011 1000111*
L0155160 11011011 0100001 1010001 1011011 1000111*
L0155196 11011011 0100001 1010001 1011011 1000111*
L0155232 11011011 0100001 1010001 1011011 1000111*
L0155268 11011011 0100001 1010001 1011011 1000111*
L0155304 11011011 0100001 1010001 1011011 1000111*
L0155340 11011011 0100001 1010001 1011011 1000111*
L0155376 11011011 0100001 1010001 1011011 1000111*
L0155412 11011011 0100001 1010001 1011011 1000111*
L0155448 11011011 0100001 1010001 1011011 1000111*
L0155484 11011011 0100001 1110001 1011011 1000111*
L0155520 00000011 00000011 00000011 00000011 00000011*
L0155560 00000011 00000011 00100011 00000011 000000*
L0155598 000000 000000 000000 000000 000000*
L0155628 00000011 00000011 00000011 00000011 00000011*
L0155668 00000011 01000011 00000011 00000011 000000*
L0155706 000000 000000 000000 010000 000000*
L0155736 00000011 00000011 00000011 00000011 00000011*
L0155776 00000011 00000011 00010011 00000011 000000*
L0155814 000000 000000 000000 000000 000000*
L0155844 00000011 10000011 00000011 00000011 00000011*
L0155884 00000011 00000011 00000011 00000011 000000*
L0155922 000000 100000 000000 001000 000000*
L0155952 10000011 00000011 00000011 00111111 00000011*
L0155992 00000111 00000011 00000011 00000111 000000*
L0156030 000010 000000 100000 000000 000000*
L0156060 00000011 00000011 01000011 01000011 00000011*
L0156100 11110011 00001011 00110011 00000011 000000*
L0156138 111100 000001 000001 011110 000010*
L0156168 10000011 00000011 01000011 01000011 00000011*
L0156208 11110111 00001011 00110011 00000011 000000*
L0156246 111110 000001 000001 011110 000010*
L0156276 00000011 01111111 00000011 00000011 00000011*
L0156316 00000011 00000011 00000011 00000011 000000*
L0156354 000000 000000 000000 000001 000000*
L0156384 10000011 00000011 01000011 01000011 00000011*
L0156424 00000011 00001011 00110011 00000011 000000*
L0156462 000000 000001 000001 011110 000010*
L0156492 00000011 00000011 00000011 00000011 00111111*
L0156532 11110111 00000011 00000011 00000011 000001*
L0156570 111110 000000 000000 100000 000000*
L0156600 00000011 00000011 00000011 00000011 00000011*
L0156640 00000011 00000011 00000011 00000011 000000*
L0156678 000000 000000 000000 000000 000000*
L0156708 00000011 00000011 10000011 00000011 00000011*
L0156748 00000011 00000011 00000011 00000111 000001*
L0156786 000000 000000 000000 000001 000001*
L0156816 00000000 00000000 00000000 01000000 00000000*
L0156856 00000000 00000000 00000000 00000000 000000*
L0156894 000000 000000 000000 000000 000000*
L0156924 00000000 00000000 11000000 00000000 00000001*
L0156964 00000000 00000000 00000000 00000100 000001*
L0157002 000000 000000 000000 000001 000001*
L0157032 00000000 00000000 01000000 00000000 00000001*
L0157072 00000000 00000000 00000000 00000000 000000*
L0157110 000000 000000 000000 000000 000000*
L0157140 00000011 00000011 00000011 01000011 00000010*
L0157180 00000011 10000011 00000010 00000011 000000*
L0157218 000000 000010 000000 000000 000000*
L0157248 00000010 00000011 10000011 00000000 00000011*
L0157288 00000011 00000000 01000010 00000010 000000*
L0157326 000000 000000 011110 000000 000000*
L0157356 10000001 00000010 01000000 01000011 00000001*
L0157396 11110100 00001011 00110001 00000001 000000*
L0157434 111110 000001 000001 011110 000010*
L0157464 00000010 00000011 00000011 00000000 00000011*
L0157504 00000011 00000000 00000011 00000010 000000*
L0157542 000000 000000 000000 001000 000000*
L0157572 00000011 01100011 10100000 00100011 01100011*
L0157612 00000000 00000011 01010010 00000101 000001*
L0157650 000000 000000 110000 100001 000001*
L0157680 00000010 00000011 00000011 00000000 00000011*
L0157720 00000011 00000000 00000011 00000010 000000*
L0157758 000000 000000 000000 000000 000000*
L0157788 00000011 01000011 10000011 00000011 01000011*
L0157828 00000010 00000011 01000010 00000111 000001*
L0157866 000000 000000 100000 100001 000001*
L0157896 00000011 00000011 00000011 00000011 00000011*
L0157936 00000011 00000011 00000011 00000011 000000*
L0157974 000000 000000 000000 010000 000000*
L0158004 00000010 01000011 10000011 00000000 01000011*
L0158044 00000011 00000000 01100011 00000110 000001*
L0158082 000000 000000 100000 100001 000001*
L0158112 00000010 00000011 00000011 00000000 00000011*
L0158152 00000011 00001001 00000011 00000010 000000*
L0158190 000000 000000 000000 000000 000000*
L0158220 00000001 00000010 00000011 00000011 00000000*
L0158260 00000011 00100011 00000001 00000011 000000*
L0158298 000000 000000 000000 000100 000000*
L0158328 00000000 00000000 00000000 00000000 00000000*
L0158368 00000000 00000000 00000000 00000000 000000*
L0158406 000000 000000 000000 000010 000000*
L0158436 00000011 00000011 00000011 00000011 00000011*
L0158476 00000011 00000011 00000010 00000011 000000*
L0158514 000000 010000 000000 000000 000010*
L0158544 00000011 00000000 00111100 00000011 01000000*
L0158584 11110100 00000011 00000001 00000001 000000*
L0158622 111110 000000 000000 000000 000001*
L0158652 10000011 00000011 01000011 01000011 00000011*
L0158692 00000011 00001011 00110011 00000011 000000*
L0158730 000000 000001 000001 011110 000010*
L0158760 00000011 00000011 00000011 00000011 00000011*
L0158800 00000011 00000011 00000011 00000011 000000*
L0158838 000000 000000 000000 000000 000000*
L0158868 00000011 01111111 10111111 00111111 01111111*
L0158908 00000011 00000011 01000011 00000111 000001*
L0158946 000000 000000 111110 100001 000001*
L0158976 00000011 00000011 00000011 00000011 00000011*
L0159016 00000011 00000011 00000011 00000011 000000*
L0159054 000000 000000 000000 000000 000000*
L0159084 01111111 00000011 00000011 00000011 00000011*
L0159124 00000011 00000011 00000011 00000011 000000*
L0159162 000001 000000 000000 000000 000000*
L0159192 00000011 00000011 00000011 00000011 00000011*
L0159232 00000011 00000011 00000011 00000011 000000*
L0159270 000000 000001 000000 000000 000000*
L0159300 00000011 00000011 00000011 00000011 00000010*
L0159340 00000011 00000011 00000011 00000011 000000*
L0159378 000000 000000 000001 000000 000000*
L0159408 00000000 00000000 00000000 00000000 00000001*
L0159448 00000000 00000000 00000000 00000000 000000*
L0159486 000000 000000 000000 000000 000000*
L0159516 00000000 00000000 00000000 00000000 00000001*
L0159556 00000000 00000000 00000000 00000000 000000*
L0159594 000000 000000 000000 000000 000000*
L0159624 00000011 00000011 00000011 00000011 00000011*
L0159664 00000011 00000011 00000111 00000011 000000*
L0159702 000000 000000 000000 000000 000000*
L0159732 00000011 00000011 00000011 00000011 00000011*
L0159772 00000011 00000011 00000011 00000011 000000*
L0159810 000000 000000 000000 000000 000000*
L0159840 00000010 00000011 00000011 00000000 00000011*
L0159880 00000011 00000000 00000011 00000010 000000*
L0159918 000000 000000 000000 000100 000000*
L0159948 00000010 01110000 10110000 00110000 01110001*
L0159988 00000000 00001000 01000001 00000100 000001*
L0160026 000000 000000 111000 100001 000001*
L0160056 00000001 00000011 00000011 00000011 00000011*
L0160096 00000011 00000011 00000010 00000011 000000*
L0160134 000000 000000 000000 000000 000000*
L0160164 00000011 00000011 00000011 00000011 00000011*
L0160204 00000011 00000011 00000010 00000011 000000*
L0160242 000000 000000 000000 000000 000000*
L0160272 00000011 00000000 00000000 00000011 00000000*
L0160312 00000000 00000011 00000000 00000001 000000*
L0160350 000000 000000 000000 000000 000000*
L0160380 00000000 00000011 00000011 00000000 00000011*
L0160420 00000011 00000000 00000011 00000010 000000*
L0160458 000000 000000 000000 000000 000000*
L0160488 00000011 00000011 00000011 00000011 00000011*
L0160528 00000011 00000011 00000011 00000011 000000*
L0160566 000000 000000 000000 000000 000000*
L0160596 00000011 00000011 00000011 00000011 00000011*
L0160636 00000011 00000011 00000011 00000011 000000*
L0160674 000000 000000 000000 000000 000000*
L0160704 00000011 00000011 00000011 00000011 00000011*
L0160744 00000011 00000011 00000011 00000011 000000*
L0160782 000000 000000 000000 000000 000010*
L0160812 00000011 01111000 10111000 00111011 01111001*
L0160852 00000000 00000011 01000000 00000101 000001*
L0160890 000000 000000 111100 100011 000001*
L0160920 00000000 00000000 00000000 00000000 00000000*
L0160960 00000000 00000000 00000000 00000000 000000*
L0160998 000000 000000 000000 000000 000000*
L0161028 00000000 00000000 00000000 00000000 00000000*
L0161068 00001000 00000000 00000000 00000000 000000*
L0161106 000000 000000 000000 000000 000000*
L0161136 00000000 00000010 00000000 00000000 00000001*
L0161176 00000000 00000100 00000000 00000000 000000*
L0161214 000000 000000 000000 000000 000000*
L0161244 00000010 00000011 00000000 00000000 00000011*
L0161284 00000000 00000000 00000010 00000000 000000*
L0161322 000000 000000 000000 000000 000000*
L0161352 00000010 00000011 00000011 00000000 00000011*
L0161392 00000010 00000000 00000010 00000010 000000*
L0161430 000000 000000 000001 000000 000000*
L0161460 00000000 00000001 00000001 00000011 00000010*
L0161500 00000010 00000010 00000001 00000011 000000*
L0161538 000000 000001 000000 000000 000000*
L0161568 00000000 00000011 00000001 00000010 00000011*
L0161608 00000011 00000001 00000001 00000011 000000*
L0161646 000000 000000 000000 000000 000000*
L0161676 00000010 00000001 00000011 00000010 00000011*
L0161716 00000011 00000011 00000001 00000011 000000*
L0161754 000000 000000 000000 000000 000000*
L0161784 00000011 00000011 00000001 00000011 00000010*
L0161824 00000011 00000001 00000011 00000011 000000*
L0161862 000000 000000 000000 000000 000000*
L0161892 00000000 00000001 00000001 00000010 00000010*
L0161932 00000010 00000000 00000011 00000001 000000*
L0161970 000000 000000 000000 000000 000000*
L0162000 00000001 00000011 00000011 00000011 00000011*
L0162040 00000010 00000001 00000011 00000011 000000*
L0162078 000000 000000 000000 000000 000000*
L0162108 00000010 00000011 00000011 00000011 00000010*
L0162148 00000011 00000011 00000001 00000011 000000*
L0162186 000000 000000 000000 000000 000000*
L0162216 00000011 00000011 00000011 00000011 00000011*
L0162256 00000011 00000011 00000011 00000011 000000*
L0162294 000000 000000 000000 000000 000000*
L0162324 00000010 00000001 00000011 00000011 00000010*
L0162364 00000011 00000001 00000001 00000011 000000*
L0162402 000000 000000 000000 000000 000000*
L0162432 00000001 00000011 00000001 00000011 00000011*
L0162472 00000011 00000011 00000011 00000011 000000*
L0162510 000000 000000 000000 000000 000000*
L0162540 00000011 00000011 00000011 00000010 00000011*
L0162580 00000010 00010011 00000011 00000011 000000*
L0162618 000000 000000 000000 000000 000000*
L0162648 00000011 00000011 00000011 00000011 00000010*
L0162688 00000011 00000001 00000001 00000011 000000*
L0162726 000000 000000 000000 000000 000000*
L0162756 00000001 00000001 00000011 00000011 00000011*
L0162796 00000011 00000011 00000011 00000011 000000*
L0162834 000000 000000 000000 000000 000000*
L0162864 00000011 00000011 00000011 00000011 00000011*
L0162904 00000011 00000001 00000011 00000011 000000*
L0162942 000000 000000 000000 000000 000000*
L0162972 00000011 00000011 00000011 00000011 00000011*
L0163012 00000011 00000011 00000011 00000011 000000*
L0163050 000000 000100 000000 000000 000000*
L0163080 00000011 00000011 00000011 00000011 00000011*
L0163120 00000011 00000011 00000011 00000011 000000*
L0163158 000000 000000 000000 000000 000000*
L0163188 00000011 00000011 00000011 00000011 00000011*
L0163228 00000011 00000011 00000011 00000011 000000*
L0163266 000000 001000 000000 000000 000000*
L0163296 10001111 1110111 1111111 1011111 1111111*
L0163332 10001111 1110111 1111111 1011111 1111111*
L0163368 10001111 1110111 1111111 1011111 1111111*
L0163404 10001111 1110111 1111111 1011111 1111111*
L0163440 10001111 1110111 1111111 1011111 1111111*
L0163476 10001111 1110111 1111111 1011111 1111111*
L0163512 10001111 1110111 1111111 1011111 1111111*
L0163548 10001111 1110111 1111111 1011111 1111111*
L0163584 10001111 1110111 1111111 1011111 1111111*
L0163620 10001111 1110111 1111111 1111111 1111111*
L0163656 10001111 1110111 1111111 1011111 1111111*
L0163692 10001111 1110111 1111111 1011111 1111111*
L0163728 10011111 1110111 1111111 1011111 1111111*
L0163764 10001111 1110111 1111111 1011111 1111111*
L0163800 10001111 1110111 1111111 1011111 1111111*
L0163836 10001111 1110111 1111111 1011111 1111111*
L0163872 10001111 1110111 1111111 1011111 1111111*
L0163908 10001111 1110111 1111111 1011111 1111111*
L0163944 10001111 1110111 1111111 1011111 1111111*
L0163980 10001111 1110111 1111111 1011111 1111111*
L0164016 10001111 1110111 1111111 1011111 1111111*
L0164052 10001111 1110111 1111111 1011111 1111111*
L0164088 10001111 1110111 1111111 1011111 1111111*
L0164124 10001111 1110111 1111111 1011111 1111111*
L0164160 10001111 1110111 1111111 1011111 1111111*
L0164196 10001111 1110111 1111111 1011111 1111111*
L0164232 10001111 1110111 1111111 1011111 1111111*
L0164268 10001111 1110111 1111111 1011111 1111111*
L0164304 10001111 1110111 1111111 1011111 1111111*
L0164340 10001111 1110111 1111111 1011111 1111111*
L0164376 10001111 1110111 1111111 1011111 1111111*
L0164412 10001111 1110111 1111111 1011111 1111111*
L0164448 10001111 1110111 1111111 1011111 1111111*
L0164484 10001111 1110111 1111111 1011111 1111111*
L0164520 10001111 1110111 1111111 1011111 1111111*
L0164556 10001111 1110111 1111111 1011111 1111111*
L0164592 10001111 1110111 1111111 1011111 1111111*
L0164628 10001111 1110111 1111111 1011111 1111111*
L0164664 10001111 1110111 1111111 1011111 1111111*
L0164700 10001111 1110111 1111111 1011111 1111111*
L0164736 10001111 1110111 1111111 1011111 1111111*
L0164772 10001111 1110111 1111111 1011111 1111111*
L0164808 10001111 1110111 1111111 1011111 1111111*
L0164844 10001111 1110111 1111111 1011111 1111111*
L0164880 10001111 1110111 1111111 1111111 1111111*
L0164916 10001111 1110111 1111111 1011111 1111111*
L0164952 10001111 1110111 1111111 1011111 1111111*
L0164988 10001111 1110111 1111111 1011111 1111111*
L0165024 10001111 1110111 1111111 1011111 1111111*
L0165060 10001111 1110111 1111111 1011111 1111111*
L0165096 10001111 1110111 1111111 1011111 1111111*
L0165132 10001111 1110111 1111111 1011111 1111111*
L0165168 10001111 1110111 1111111 1111111 1111111*
L0165204 10001111 1110111 1111111 1011111 1111111*
L0165240 10001111 1110111 1111111 1011111 1111111*
L0165276 10001111 1110111 1111111 1011111 1111111*
L0165312 10001111 1110111 1111111 1011111 1111111*
L0165348 10001111 1110111 1111111 1011111 1111111*
L0165384 10001111 1110111 1111111 1011111 1111111*
L0165420 10001111 1110111 1111111 1011111 1111111*
L0165456 10001111 1110111 1111111 1011111 1111111*
L0165492 10001111 1110111 1111111 1011111 1111111*
L0165528 10001111 1110111 1111111 1011111 1111111*
L0165564 10001111 1110111 1111111 1011111 1111111*
L0165600 10001111 1110111 1111111 1011111 1111111*
L0165636 10001111 1110111 1111111 1011111 1111111*
L0165672 10001111 1110111 1111111 1011111 1111111*
L0165708 10001111 1110111 1111111 1011111 1111111*
L0165744 10001111 1110111 1111111 1011111 1111111*
L0165780 10001111 1110111 1111111 1011111 1111111*
L0165816 10001111 1110111 1111111 1011111 1111111*
L0165852 10001111 1110111 1111111 1011111 1111111*
L0165888 10001111 1110111 1111111 1011111 1111111*
L0165924 10001111 1110111 1111111 1111111 1111111*
L0165960 10001111 1110111 1111111 1011111 1111111*
L0165996 10001111 1110111 1111111 1011111 1111111*
L0166032 10001111 1110111 1111111 1011111 1111111*
L0166068 10001111 1110111 1111111 1011111 1111111*
L0166104 10001111 1110111 1111111 1011111 1111111*
L0166140 10001111 1110111 1111111 1011111 1111111*
L0166176 10001111 1110111 1111111 1011111 1111111*
L0166212 10001111 1110111 1111111 1011111 1111111*
L0166248 10001111 1110111 1111111 1011111 1111111*
L0166284 10001111 1110111 1111111 1011111 1111111*
L0166320 10001111 1110111 1111111 1011111 1111111*
L0166356 10001111 1110111 1111111 1011111 1111111*
L0166392 10011111 1110111 1111111 1011111 1111111*
L0166428 10001111 1110111 1111111 1011111 1111111*
L0166464 10001111 1110111 1111111 1011111 1111111*
L0166500 10011111 1110111 1111111 1011111 1111111*
L0166536 10001111 1110111 1111111 1011111 1111111*
L0166572 10001111 1110111 1111111 1011111 1111111*
L0166608 10001111 1110111 1111111 1011111 1111111*
L0166644 10001111 1110111 1111111 1011111 1111111*
L0166680 10001111 1110111 1111111 1011111 1111111*
L0166716 10001111 1110111 1111111 1011111 1111111*
L0166752 10001111 1110111 1111111 1011111 1111111*
L0166788 10001111 1110111 1111111 1011111 1111111*
L0166824 10001111 1110111 1111111 1011111 1111111*
L0166860 10001111 1110111 1111111 1011111 1111111*
L0166896 10001111 1110111 1111111 1011111 1111111*
L0166932 10001111 1110111 1111111 1011111 1111111*
L0166968 10001111 1110111 1111111 1011111 1111111*
L0167004 10001111 1110111 1111111 1011111 1111111*
L0167040 10001111 1110111 1111111 1011111 1111111*
L0167076 10001111 1110111 1111111 1011111 1111111*
L0167112 10001111 1110111 1111111 1011111 1111111*
L0167148 10001111 1110111 1111111 1011111 1111111*
L0167184 10001111 1110111 1111111 1011111 1111111*
L0167220 10001111 1110111 1111111 1011111 1111111*
L0167256 10001111 1110111 1111111 1011111 1111111*
L0167292 10001111 1110111 1111111 1011111 1111111*
L0167328 10001111 1110111 1111111 1011111 1111111*
L0167364 10001111 1110111 1111111 1011111 1111111*
L0167400 10001111 1110111 1111111 1011111 1111111*
L0167436 10001111 1110111 1111111 1011111 1111111*
L0167472 10001111 1110111 1111111 1011111 1111111*
L0167508 10001111 1110111 1111111 1011111 1111111*
L0167544 10001111 1110111 1111111 1011111 1111111*
L0167580 10001111 1110111 1111111 1011111 1111111*
L0167616 10001111 1110111 1111111 1011111 1111111*
L0167652 10001111 1110111 1111111 1011111 1111111*
L0167688 10001111 1110111 1111111 1011111 1111111*
L0167724 10001111 1110111 1111111 1011111 1111111*
L0167760 10001111 1110111 1111111 1011111 1111111*
L0167796 10001111 1110111 1111111 1011111 1111111*
L0167832 10001111 1110111 1111111 1011111 1111111*
L0167868 10001111 1110111 1111111 1011111 1111111*
L0167904 10001111 1110111 1111111 1011111 1111111*
L0167940 10001111 1110111 1111111 1011111 1111111*
L0167976 10001111 1110111 1111111 1011111 1111111*
L0168012 10001111 1110111 1111111 1011111 1111111*
L0168048 10001111 1110111 1111111 1011111 1111111*
L0168084 10001111 1110111 1111111 1011111 1111111*
L0168120 10001111 1110111 1111111 1011111 1111111*
L0168156 10001111 1110111 1111111 1011111 1111111*
L0168192 10001111 1110111 1111111 1011111 1111111*
L0168228 10001111 1110111 1111111 1011111 1111111*
L0168264 10001111 1110111 1111111 1011111 1111111*
L0168300 10001111 1110111 1111111 1011111 1111111*
L0168336 10001111 1110111 1111111 1011111 1111111*
L0168372 10001111 1110111 1111111 1011111 1111111*
L0168408 10001111 1110111 1111111 1011111 1111111*
L0168444 10001111 1110111 1111111 1011111 1111111*
L0168480 11001111 1110111 1111111 1011111 1111111*
L0168516 10001111 1110111 1111111 1011111 1111111*
L0168552 10001111 1110111 1111111 1011111 1111111*
L0168588 10101111 1110111 1111111 1011111 1111111*
L0168624 10001111 1110111 1111111 1011111 1111111*
L0168660 10001111 1110111 1111111 1011111 1111111*
L0168696 10001111 1110111 1111111 1011111 1111111*
L0168732 10001111 1110111 1111111 1011111 1111111*
L0168768 10001111 1110111 1111111 1011111 1111111*
L0168804 10001111 1110111 1111111 1011111 1111111*
L0168840 10001111 1110111 1111111 1011111 1111111*
L0168876 10001111 1110111 1111111 1011111 1111111*
L0168912 11001111 1110111 1111111 1011111 1111111*
L0168948 10001111 1110111 1111111 1011111 1111111*
L0168984 10001111 1110111 1111111 1011111 1111111*
L0169020 11001111 1110111 1111111 1011111 1111111*
L0169056 10001111 1110111 1111111 1011111 1111111*
L0169092 10001111 1110111 1111111 1011111 1111111*
L0169128 10011111 1110111 1111111 1011111 1111111*
L0169164 10001111 1110111 1111111 1011111 1111111*
L0169200 10001111 1110111 1111111 1011111 1111111*
L0169236 10001111 1110111 1111111 1011111 1111111*
L0169272 10001111 1110111 1111111 1011111 1111111*
L0169308 10001111 1110111 1111111 1011111 1111111*
L0169344 10001111 1110111 1111111 1011111 1111111*
L0169380 10001111 1110111 1111111 1011111 1111111*
L0169416 10001111 1110111 1111111 1011111 1111111*
L0169452 10001111 1110111 1111111 1011111 1111111*
L0169488 10001111 1110111 1111111 1011111 1111111*
L0169524 10001111 1110111 1111111 1011111 1111111*
L0169560 10001111 1110111 1111111 1011111 1111111*
L0169596 10001111 1110111 1111111 1011111 1111111*
L0169632 10001111 1110111 1111111 1011111 1111111*
L0169668 10011111 1110111 1111111 1011111 1111111*
L0169704 10001111 1110111 1111111 1011111 1111111*
L0169740 10001111 1110111 1111111 1011111 1111111*
L0169776 10001111 1110111 1111111 1011111 1111111*
L0169812 10001111 1110111 1111111 1011111 1111111*
L0169848 10001111 1110111 1111111 1011111 1111111*
L0169884 10001111 1110111 1111111 1011111 1111111*
L0169920 10001111 1110111 1111111 1011111 1111111*
L0169956 10001111 1110111 1111111 1011111 1111111*
L0169992 10001111 1110111 1111111 1011111 1111111*
L0170028 10001111 1110111 1111111 1011111 1111111*
L0170064 10001111 1110111 1111111 1011111 1111111*
L0170100 10001111 1110111 1111111 1011111 1111111*
L0170136 10001111 1110111 1111111 1011111 1111111*
L0170172 10001111 1110111 1111111 1011111 1111111*
L0170208 10001111 1110111 1111111 1011111 1111111*
L0170244 10001111 1110111 1111111 1011111 1111111*
L0170280 10001111 1110111 1111111 1011111 1111111*
L0170316 10001111 1110111 1111111 1011111 1111111*
L0170352 10001111 1110111 1111111 1011111 1111111*
L0170388 10001111 1110111 1111111 1011111 1111111*
L0170424 10001111 1110111 1111111 1011111 1111111*
L0170460 10001111 1110111 1111111 1011111 1111111*
L0170496 10001111 1110111 1111111 1011111 1111111*
L0170532 10001111 1110111 1111111 1011111 1111111*
L0170568 10001111 1110111 1111111 1011111 1111111*
L0170604 10001111 1110111 1111111 1011111 1111111*
L0170640 10001111 1110111 1111111 1011111 1111111*
L0170676 10001111 1110111 1111111 1011111 1111111*
L0170712 10001111 1110111 1111111 1011111 1111111*
L0170748 10001111 1110111 1111111 1011111 1111111*
L0170784 10001111 1110111 1111111 1011111 1111111*
L0170820 10001111 1110111 1111111 1011111 1111111*
L0170856 10001111 1110111 1111111 1011111 1111111*
L0170892 10001111 1110111 1111111 1011111 1111111*
L0170928 10001111 1110111 1111111 1011111 1111111*
L0170964 10001111 1110111 1111111 1011111 1111111*
L0171000 10001111 1110111 1111111 1011111 1111111*
L0171036 10001111 1111111 1111111 1011111 1111111*
L0171072 00000011 00000011 00000011 00000011 00000011*
L0171112 00000011 00000011 00000011 00000011 000000*
L0171150 000000 000000 000000 000000 000000*
L0171180 11111111 00000011 10000011 00000011 00000011*
L0171220 11111111 00000011 00000011 00000011 000000*
L0171258 111110 000000 000000 000000 000000*
L0171288 00000011 00000011 00000011 00000011 00000011*
L0171328 00000011 00000011 00000011 00000011 000000*
L0171366 000000 010000 000000 000000 000000*
L0171396 00000011 00000011 00000011 00000011 00000011*
L0171436 00000011 00000011 00000011 00000011 000000*
L0171474 000000 000000 000000 000000 000000*
L0171504 11111111 00000011 10000011 00000011 00000011*
L0171544 11111111 00000011 00000011 00000011 000000*
L0171582 111110 000000 000000 000000 000000*
L0171612 00000011 00000011 00000011 00000011 00000011*
L0171652 00000011 00000011 00000011 00000011 000000*
L0171690 000000 000000 000001 000000 000000*
L0171720 11111111 00000011 10000011 00000011 00000011*
L0171760 11111111 00000011 00000011 00000011 000000*
L0171798 111110 000000 000000 000000 000000*
L0171828 00000011 00000011 00000011 00000011 00000011*
L0171868 00000011 00000011 00000011 00000011 000000*
L0171906 000001 000000 000000 000000 000000*
L0171936 00000011 00000011 00000011 00000011 00000011*
L0171976 00000011 00000011 00000011 00000011 000000*
L0172014 000000 000000 000000 000000 000000*
L0172044 00000011 00000111 00000011 00000011 00000011*
L0172084 00000011 01000011 00000011 00000011 000000*
L0172122 000000 000000 000000 000000 000000*
L0172152 00111111 00000011 10000011 00000011 00000011*
L0172192 01111111 00000011 00000011 00000011 000000*
L0172230 011110 000000 000000 000000 000000*
L0172260 11000011 00000011 00000011 00000011 00000011*
L0172300 10000011 00000011 00000011 00000011 000000*
L0172338 100000 000000 000000 000000 000001*
L0172368 00000000 00000000 00000000 00000000 00000000*
L0172408 00000000 00100000 00000000 00000000 000000*
L0172446 000000 000000 000000 000000 000000*
L0172476 00000000 00000000 00000000 00000000 00000000*
L0172516 00000000 00000000 00000000 00000001 000000*
L0172554 000000 000000 000000 000000 000000*
L0172584 00111100 00000000 00000000 00000000 00000000*
L0172624 00000000 00000000 00000000 00000000 000001*
L0172662 000000 000000 000000 000000 000000*
L0172692 11000011 00000010 10000010 00000011 00000010*
L0172732 11111100 00000011 00000000 00000001 000000*
L0172770 111110 000000 000000 000000 000000*
L0172800 00000011 00000010 00000010 00000011 00000010*
L0172840 00000000 00000011 00000000 00000000 000000*
L0172878 000000 000000 000000 000000 000000*
L0172908 00000001 00010011 00000011 00000011 00000011*
L0172948 00000011 00000011 00001011 00000011 000000*
L0172986 000000 100000 000000 000000 000000*
L0173016 00000011 00000011 00000011 00000011 00000011*
L0173056 00000011 00000010 00000011 00000010 000000*
L0173094 000000 001000 000000 000000 000000*
L0173124 00000011 00000011 00000011 00000011 00000011*
L0173164 00000011 00000010 00000010 00000011 000000*
L0173202 000000 000000 000000 000000 000000*
L0173232 00000011 00000011 00000011 00000011 00000011*
L0173272 00000011 00010011 00000011 00000010 000000*
L0173310 000000 000000 000000 000000 000000*
L0173340 00000011 00000011 00000011 00000011 00000011*
L0173380 00000011 00000011 00000010 00000011 000000*
L0173418 000000 000000 000000 000000 000000*
L0173448 00000011 00000011 00000011 00000011 00000011*
L0173488 00000011 00000011 00000011 00000011 000000*
L0173526 000000 000100 000000 000000 000000*
L0173556 00000011 00000011 00000011 00000011 00000011*
L0173596 00000011 00000011 00000011 00000010 000000*
L0173634 000000 000000 000000 000000 000000*
L0173664 00000011 00000011 00000011 00000011 00000011*
L0173704 00000011 00001011 00000011 00000010 000000*
L0173742 000000 000000 000000 000000 000000*
L0173772 00000001 00000011 00000011 00000011 00000011*
L0173812 00000011 00000011 00000011 00000011 000000*
L0173850 000000 000000 000000 000000 000000*
L0173880 00000000 00000000 00000000 00000000 00000000*
L0173920 00000000 00000000 00000000 00000000 000000*
L0173958 000000 000000 000000 000000 000000*
L0173988 00000011 10000010 00000010 00000011 00000010*
L0174028 00000000 00000011 00000000 00000001 000000*
L0174066 000000 000000 000000 000000 000000*
L0174096 00000011 00000011 00000011 00000011 00000001*
L0174136 00000011 00000011 00000011 00000011 000000*
L0174174 000000 000000 000000 000000 000000*
L0174204 00000011 00000011 00000011 00000011 00000011*
L0174244 00000011 00000011 00000111 00000011 000000*
L0174282 000000 000000 000000 000000 000000*
L0174312 00000011 00000011 00000011 00000011 00000011*
L0174352 00000011 00000011 00000011 00000011 000000*
L0174390 000000 000000 000000 000000 000000*
L0174420 00000011 00000111 00000011 00000011 00000011*
L0174460 00000011 00000011 00000011 00000011 000000*
L0174498 000000 000000 000000 000000 000000*
L0174528 00000011 00000011 00000011 00000011 00000011*
L0174568 00000011 00000011 00000011 00000011 000000*
L0174606 000000 000010 000000 000000 000000*
L0174636 00000011 00000011 00000011 00000011 00000011*
L0174676 00000011 00000011 00000011 00000011 000000*
L0174714 000000 000000 000000 000000 000000*
L0174744 11111111 00000011 10000011 00000011 00000011*
L0174784 11111111 00000011 00000011 00000011 000000*
L0174822 111110 000000 000000 000000 000000*
L0174852 00000011 00000011 00000011 00000011 00000011*
L0174892 00000011 00000011 00000011 00000010 000000*
L0174930 000000 000001 000000 000000 000000*
L0174960 00000000 00000000 00000000 00000000 00000000*
L0175000 00000000 00000000 00000000 00000001 000000*
L0175038 000000 000000 000000 000000 000000*
L0175068 00000000 00000000 00000000 00000100 00000000*
L0175108 00000000 00000000 00000000 00000001 000000*
L0175146 000000 000000 000000 000000 000000*
L0175176 00000011 00000011 00000011 00000011 00000011*
L0175216 00000011 00000011 00000011 00000011 000000*
L0175254 000000 000000 000000 000000 000000*
L0175284 00000011 00000011 00000011 00000011 00000011*
L0175324 00000011 00000011 00100011 00000011 000000*
L0175362 000000 000000 000000 000000 000000*
L0175392 00000011 00000011 00000011 00000011 00000011*
L0175432 00000011 00000111 00000011 00000011 000000*
L0175470 000000 000000 000000 000000 000000*
L0175500 00000010 00000010 00000010 00000010 00000000*
L0175540 00000000 00000000 00000000 00000001 000000*
L0175578 000000 000000 000000 000000 000000*
L0175608 00000001 00000001 00000001 00000001 00000011*
L0175648 00000011 00000011 00000011 00000011 000000*
L0175686 000000 000000 000000 000000 000000*
L0175716 00000011 00000011 00000011 00000011 00000011*
L0175756 00000011 00000011 00000011 00000111 000001*
L0175794 000001 000001 000001 000001 000001*
L0175824 00000011 00000010 00000010 00000011 00000000*
L0175864 00000000 00000011 00000000 00000001 000000*
L0175902 000000 000000 000000 000000 000000*
L0175932 00000000 00000001 00000001 00000000 00000011*
L0175972 00000011 00000000 00000011 00000010 000000*
L0176010 000000 000000 000000 000000 000000*
L0176040 00000011 00000011 00000011 00000011 00000011*
L0176080 00000011 00000011 00000011 00000011 000000*
L0176118 000000 000000 000000 000000 000000*
L0176148 00000011 00100011 00000011 00000011 00000011*
L0176188 00000011 10000011 00000011 00000011 000000*
L0176226 000000 000000 001000 000000 000000*
L0176256 01000111 00000011 10000011 00000011 00000011*
L0176296 10111111 00000011 00000011 00000011 000000*
L0176334 111110 000000 000000 000000 000000*
L0176364 10111011 00000010 00000010 00000011 00000000*
L0176404 01000000 00000011 00000000 00000001 000000*
L0176442 000000 000000 000000 000001 000000*
L0176472 00000000 00000000 00000000 00000000 00000000*
L0176512 00000000 00000000 00000000 00000000 000000*
L0176550 000000 000000 000000 000000 000000*
L0176580 00000000 00000000 00000000 00000000 00000000*
L0176620 00000000 00000000 00000000 00000000 000000*
L0176658 000000 000000 000000 000000 000000*
L0176688 00000001 00000010 00000010 00000011 00000010*
L0176728 00000000 00000011 00000000 00000000 000000*
L0176766 000000 000000 000000 000000 000000*
L0176796 00000011 00000011 00000011 00000011 00000011*
L0176836 00000011 00000010 00000010 00000010 000000*
L0176874 000000 000000 000000 000000 000000*
L0176904 00000011 00000011 00000011 00000011 00000011*
L0176944 00000011 00000011 00000010 00000010 000000*
L0176982 000000 000000 000000 000000 000000*
L0177012 00000001 00000011 00000011 00000011 00000010*
L0177052 00000010 00000001 00010011 00000011 000000*
L0177090 000000 000000 000000 000000 000000*
L0177120 00000001 00000011 00000001 00000010 00000011*
L0177160 00000011 00000010 00000001 00000001 000000*
L0177198 000000 000000 000000 000000 000000*
L0177228 00000000 00000011 00000011 00000010 00000011*
L0177268 00000010 00000001 00000001 00000001 000000*
L0177306 000000 000000 000010 000000 000000*
L0177336 00000001 00000011 00000011 00000010 00000011*
L0177376 00000011 00000001 00000011 00000011 000000*
L0177414 000000 000000 000000 000000 000000*
L0177444 00000000 00000011 00000011 00000011 00000011*
L0177484 00000011 00000000 00000011 00000001 000000*
L0177522 000000 000000 000000 000000 000000*
L0177552 11111111 00000011 00000001 00000011 00000011*
L0177592 11111110 00000000 00000011 00000111 000000*
L0177630 111110 000000 000000 000000 000000*
L0177660 00000000 00000011 10000011 00000010 00000011*
L0177700 00000011 00000011 00000001 00000011 000000*
L0177738 000000 000000 000000 000000 000000*
L0177768 00000001 00000011 00000011 00000011 00000011*
L0177808 00000010 00000010 00000011 00000011 000000*
L0177846 000000 000000 000000 000000 000000*
L0177876 00000001 00000011 00000011 00000001 00000011*
L0177916 00000011 00000011 00000011 00000011 000000*
L0177954 000000 000000 000000 000000 000000*
L0177984 00000000 00000011 00000001 00000011 00000011*
L0178024 00000011 00000011 00000011 00000011 000000*
L0178062 000000 000000 000000 000000 000000*
L0178092 00000011 00000011 00000001 00000001 00000011*
L0178132 00000011 00000011 00000011 00000011 000000*
L0178170 000000 000000 000000 000000 000000*
L0178200 00000010 00000011 00000011 00000010 00000010*
L0178240 00000011 00000010 00000011 00000011 000000*
L0178278 000000 000000 000000 000000 000000*
L0178308 00000001 00000001 00000011 00000011 00000011*
L0178348 00000011 00000011 00000011 00000011 000000*
L0178386 000000 000000 000000 000000 000000*
L0178416 00000011 00000011 00000011 00000011 00000011*
L0178456 00000011 00000001 00000011 00000011 000000*
L0178494 000000 000000 000000 000000 000000*
L0178524 00000011 01001011 00000011 00000011 00000011*
L0178564 00000011 00000011 00000011 00000011 000000*
L0178602 000000 000000 000100 000000 000000*
L0178632 00000011 00000011 00000011 00000011 00000011*
L0178672 00000011 00000011 00000011 00000011 000000*
L0178710 000000 000000 000000 000000 000000*
L0178740 00000011 00000011 00000011 00000011 00000011*
L0178780 00000011 00000011 00000011 00000011 000000*
L0178818 000000 000000 010000 000000 000000*
L0178848 01010111 1000011 1101111 1110111 1011111*
L0178884 01010111 0000011 1101111 1110111 1011111*
L0178920 01010111 0000011 1101111 1110111 1011111*
L0178956 01010111 0000011 1101111 1110111 1011111*
L0178992 01010111 0000011 1101111 1110111 1011111*
L0179028 01010111 0000011 1101111 1110111 1011111*
L0179064 01010111 0000011 1101111 1110111 1011111*
L0179100 01010111 0000011 1101111 1110111 1011111*
L0179136 01010111 0000011 1101111 1110111 1011111*
L0179172 11010111 0000011 1101111 1110111 1011111*
L0179208 01010111 0000011 1101111 1110111 1011111*
L0179244 01010111 0000011 1101111 1110111 1011111*
L0179280 01010111 0000011 1101111 1110111 1011111*
L0179316 01010111 0000011 1101111 1110111 1011111*
L0179352 01010111 0000011 1101111 1110111 1011111*
L0179388 01010111 0000011 1101111 1110111 1011111*
L0179424 01010111 0000011 1101111 1110111 1011111*
L0179460 01010111 0000011 1101111 1110111 1011111*
L0179496 01010111 0000011 1101111 1110111 1011111*
L0179532 01010111 0000011 1101111 1110111 1011111*
L0179568 01010111 0000011 1101111 1110111 1011111*
L0179604 01010111 0000011 1101111 1110111 1011111*
L0179640 01010111 0000011 1101111 1110111 1011111*
L0179676 01010111 0000011 1101111 1110111 1011111*
L0179712 01010111 0000011 1101111 1110111 1011111*
L0179748 01010111 0000011 1101111 1110111 1011111*
L0179784 01010111 0000011 1101111 1110111 1011111*
L0179820 01010111 0000011 1101111 1110111 1011111*
L0179856 01010111 0000011 1101111 1110111 1011111*
L0179892 01010111 0000011 1101111 1110111 1011111*
L0179928 01010111 0000011 1101111 1110111 1011111*
L0179964 01010111 0000011 1101111 1110111 1011111*
L0180000 01010111 0000011 1101111 1110111 1011111*
L0180036 01010111 0000011 1101111 1110111 1011111*
L0180072 01010111 0000011 1101111 1110111 1011111*
L0180108 01010111 0000011 1101111 1110111 1011111*
L0180144 01010111 0000011 1101111 1110111 1011111*
L0180180 01010111 0000011 1101111 1110111 1011111*
L0180216 01010111 0000011 1101111 1110111 1011111*
L0180252 01010111 0000011 1101111 1110111 1011111*
L0180288 01010111 0000011 1101111 1110111 1011111*
L0180324 01010111 0000011 1101111 1110111 1011111*
L0180360 01010111 0000011 1101111 1110111 1011111*
L0180396 01010111 0000011 1101111 1110111 1011111*
L0180432 01010111 0000011 1101111 1110111 1011111*
L0180468 01010111 0000011 1101111 1110111 1011111*
L0180504 01010111 0000011 1101111 1110111 1011111*
L0180540 01010111 0000011 1101111 1110111 1011111*
L0180576 01010111 0000011 1101111 1110111 1011111*
L0180612 01010111 0000011 1101111 1110111 1011111*
L0180648 01010111 0000011 1101111 1110111 1011111*
L0180684 01010111 0000011 1101111 1111111 1011111*
L0180720 01010111 0000011 1101111 1110111 1011111*
L0180756 01010111 0000011 1101111 1110111 1011111*
L0180792 01010111 0000011 1101111 1110111 1011111*
L0180828 01010111 0000011 1101111 1110111 1011111*
L0180864 01010111 0000011 1101111 1110111 1011111*
L0180900 01010111 0000011 1101111 1110111 1011111*
L0180936 01010111 0000011 1101111 1110111 1011111*
L0180972 01010111 0000011 1101111 1110111 1011111*
L0181008 01010111 0000011 1101111 1110111 1011111*
L0181044 01010111 0000011 1101111 1110111 1011111*
L0181080 01010111 0000011 1101111 1110111 1011111*
L0181116 01010111 0000011 1101111 1110111 1011111*
L0181152 01010111 0000011 1101111 1110111 1011111*
L0181188 01010111 0000011 1101111 1110111 1011111*
L0181224 01010111 0000111 1101111 1110111 1011111*
L0181260 01010111 0000011 1101111 1110111 1011111*
L0181296 01010111 0000011 1101111 1110111 1011111*
L0181332 01010111 0000011 1101111 1110111 1011111*
L0181368 01010111 0000011 1101111 1110111 1011111*
L0181404 01010111 0000011 1101111 1110111 1011111*
L0181440 01010111 0000011 1101111 1110111 1011111*
L0181476 01010111 0000011 1101111 1110111 1011111*
L0181512 01010111 0000011 1101111 1110111 1011111*
L0181548 01010111 0000011 1101111 1110111 1011111*
L0181584 01010111 0000011 1101111 1110111 1011111*
L0181620 01010111 0000011 1101111 1110111 1011111*
L0181656 01010111 0000011 1101111 1110111 1011111*
L0181692 01010111 0000011 1101111 1110111 1011111*
L0181728 01010111 0000011 1101111 1110111 1011111*
L0181764 01010111 0000011 1101111 1110111 1011111*
L0181800 01010111 0000011 1101111 1110111 1011111*
L0181836 01010111 0000011 1101111 1110111 1011111*
L0181872 01010111 0000011 1101111 1110111 1011111*
L0181908 01010111 0000011 1101111 1110111 1011111*
L0181944 01010111 0000011 1101111 1110111 1011111*
L0181980 01010111 0000011 1101111 1110111 1011111*
L0182016 01010111 0000011 1101111 1110111 1011111*
L0182052 01010111 0000011 1101111 1110111 1011111*
L0182088 01010111 0000011 1101111 1110111 1011111*
L0182124 01010111 0000011 1101111 1110111 1011111*
L0182160 01010111 0000011 1101111 1110111 1011111*
L0182196 01010111 0000011 1101111 1110111 1011111*
L0182232 01010111 0000011 1101111 1110111 1011111*
L0182268 01010111 0000011 1101111 1110111 1011111*
L0182304 01010111 0000011 1101111 1110111 1011111*
L0182340 01010111 0000011 1101111 1110111 1011111*
L0182376 01010111 0000011 1101111 1110111 1011111*
L0182412 01010111 0000011 1101111 1110111 1011111*
L0182448 01010111 0000011 1101111 1110111 1011111*
L0182484 01010111 0000011 1101111 1110111 1011111*
L0182520 01010111 0000011 1101111 1110111 1011111*
L0182556 01010111 0000011 1101111 1110111 1011111*
L0182592 01010111 0000011 1101111 1110111 1011111*
L0182628 01010111 0000011 1101111 1110111 1011111*
L0182664 01010111 0000011 1101111 1110111 1011111*
L0182700 01010111 0000011 1101111 1110111 1011111*
L0182736 01010111 0000011 1101111 1110111 1011111*
L0182772 01010111 0000011 1101111 1110111 1011111*
L0182808 01010111 0000011 1101111 1110111 1011111*
L0182844 01011111 0000011 1101111 1110111 1011111*
L0182880 01010111 0000011 1101111 1110111 1011111*
L0182916 01010111 0001011 1101111 1110111 1011111*
L0182952 01110111 0000011 1101111 1110111 1011111*
L0182988 01010111 0000011 1101111 1110111 1011111*
L0183024 01010111 0000011 1101111 1110111 1011111*
L0183060 01010111 0000011 1101111 1110111 1111111*
L0183096 01010111 0000011 1101111 1110111 1011111*
L0183132 01010111 0000011 1101111 1110111 1011111*
L0183168 01010111 0000011 1111111 1110111 1011111*
L0183204 01010111 0000011 1101111 1110111 1011111*
L0183240 01010111 0000011 1101111 1110111 1011111*
L0183276 01010111 0000011 1101111 1110111 1011111*
L0183312 01010111 0000011 1101111 1110111 1011111*
L0183348 01010111 0000011 1101111 1110111 1011111*
L0183384 01010111 0000011 1101111 1110111 1011111*
L0183420 01010111 0000011 1101111 1110111 1011111*
L0183456 01010111 0000011 1101111 1110111 1011111*
L0183492 01010111 0000011 1101111 1110111 1011111*
L0183528 01010111 0000011 1101111 1110111 1011111*
L0183564 01010111 0000011 1101111 1110111 1011111*
L0183600 01010111 0000011 1101111 1110111 1011111*
L0183636 01010111 0000011 1101111 1110111 1011111*
L0183672 01010111 0000011 1101111 1110111 1011111*
L0183708 01010111 0000011 1101111 1110111 1011111*
L0183744 01010111 0000011 1101111 1110111 1011111*
L0183780 01010111 0000011 1101111 1110111 1011111*
L0183816 01010111 0100011 1101111 1110111 1011111*
L0183852 01010111 0000011 1101111 1110111 1011111*
L0183888 01010111 0000011 1101111 1110111 1011111*
L0183924 01010111 0000011 1101111 1110111 1011111*
L0183960 01010111 0000011 1101111 1110111 1011111*
L0183996 01010111 0000011 1101111 1110111 1011111*
L0184032 01010111 0000011 1101111 1110111 1011111*
L0184068 01010111 0000011 1101111 1110111 1011111*
L0184104 01010111 0000011 1101111 1110111 1011111*
L0184140 01010111 0000011 1101111 1110111 1011111*
L0184176 01010111 0000011 1101111 1110111 1011111*
L0184212 01010111 0000011 1101111 1110111 1011111*
L0184248 01010111 0000011 1101111 1110111 1011111*
L0184284 01010111 0000011 1101111 1110111 1011111*
L0184320 01010111 0000011 1101111 1110111 1011111*
L0184356 01010111 0000011 1101111 1110111 1011111*
L0184392 01010111 0000011 1101111 1110111 1011111*
L0184428 01010111 0000011 1101111 1110111 1011111*
L0184464 01010111 0000011 1101111 1110111 1011111*
L0184500 01010111 0000011 1101111 1110111 1011111*
L0184536 01010111 0000011 1101111 1110111 1011111*
L0184572 01010111 0000011 1101111 1110111 1011111*
L0184608 01010111 0000011 1101111 1110111 1011111*
L0184644 01010111 0010011 1101111 1110111 1011111*
L0184680 01010111 0000011 1101111 1110111 1011111*
L0184716 01010111 0000011 1101111 1110111 1011111*
L0184752 01010111 0000011 1101111 1110111 1011111*
L0184788 01010111 0000011 1101111 1110111 1011111*
L0184824 01010111 0000011 1101111 1110111 1011111*
L0184860 01010111 0000011 1101111 1110111 1011111*
L0184896 01010111 0000011 1101111 1110111 1011111*
L0184932 01010111 0000011 1101111 1110111 1011111*
L0184968 01010111 0000011 1101111 1110111 1011111*
L0185004 01010111 0000011 1101111 1110111 1011111*
L0185040 01010111 0000011 1101111 1110111 1011111*
L0185076 01010111 0000011 1101111 1110111 1011111*
L0185112 01010111 0000011 1101111 1110111 1011111*
L0185148 01010111 0000011 1101111 1110111 1011111*
L0185184 01010111 0000011 1101111 1110111 1011111*
L0185220 01010111 0000011 1101111 1110111 1011111*
L0185256 01010111 0000011 1101111 1110111 1011111*
L0185292 01010111 0000011 1101111 1110111 1011111*
L0185328 01010111 0000011 1101111 1110111 1011111*
L0185364 01010111 0000011 1101111 1110111 1011111*
L0185400 01010111 0000011 1101111 1110111 1011111*
L0185436 01010111 0000011 1101111 1110111 1011111*
L0185472 01010111 0000011 1101111 1110111 1011111*
L0185508 01010111 0000011 1101111 1110111 1011111*
L0185544 01010111 0000011 1101111 1110111 1011111*
L0185580 01010111 0000011 1101111 1110111 1011111*
L0185616 01010111 0000011 1101111 1110111 1011111*
L0185652 01010111 0000011 1101111 1110111 1011111*
L0185688 01010111 0000011 1101111 1110111 1011111*
L0185724 01010111 0000011 1101111 1110111 1011111*
L0185760 01010111 0000011 1101111 1110111 1011111*
L0185796 01010111 0000011 1101111 1110111 1011111*
L0185832 01010111 0000011 1101111 1110111 1011111*
L0185868 01010111 0000011 1101111 1110111 1011111*
L0185904 01010111 0000011 1101111 1110111 1011111*
L0185940 01010111 0000011 1101111 1110111 1011111*
L0185976 01010111 0000011 1101111 1110111 1011111*
L0186012 01010111 0000011 1101111 1110111 1011111*
L0186048 01010111 0000011 1101111 1110111 1011111*
L0186084 01010111 0000011 1101111 1110111 1011111*
L0186120 01010111 0000011 1101111 1110111 1011111*
L0186156 01010111 0000011 1101111 1110111 1011111*
L0186192 01010111 0000011 1101111 1110111 1011111*
L0186228 01010111 0000011 1101111 1110111 1011111*
L0186264 01010111 0000011 1101111 1110111 1011111*
L0186300 01010111 0000011 1101111 1110111 1011111*
L0186336 01010111 0000011 1101111 1110111 1011111*
L0186372 01010111 0000011 1101111 1110111 1011111*
L0186408 01010111 0000011 1101111 1110111 1011111*
L0186444 01010111 0000011 1101111 1110111 1011111*
L0186480 01010111 0000011 1101111 1110111 1011111*
L0186516 01010111 0000011 1101111 1110111 1011111*
L0186552 01010111 0000011 1101111 1110111 1011111*
L0186588 01010111 0000011 1101111 1110111 1011111*
CEB91*
E3C3
