Programmer Jedec Bit Map
Date Extracted: Fri Jan 13 13:46:19 2017

QF186624*
QP160*
QV0*
F0*
X0*
J0 0*
N VERSION P.20131013*
N DEVICE XC95216-10-PQ160*
N PPMAP 131 101*
N PPMAP 133 102*
N PPMAP 134 103*
N PPMAP 135 104*
N PPMAP 136 105*
N PPMAP 137 106*
N PPMAP 138 107*
N PPMAP 139 108*
N PPMAP 140 109*
N PPMAP 15 11*
N PPMAP 145 111*
N PPMAP 146 112*
N PPMAP 147 113*
N PPMAP 148 114*
N PPMAP 149 115*
N PPMAP 150 116*
N PPMAP 152 117*
N PPMAP 154 118*
N PPMAP 155 119*
N PPMAP 16 12*
N PPMAP 158 122*
N PPMAP 159 123*
N PPMAP 160 124*
N PPMAP 161 125*
N PPMAP 162 126*
N PPMAP 164 128*
N PPMAP 166 129*
N PPMAP 17 13*
N PPMAP 167 130*
N PPMAP 170 131*
N PPMAP 171 132*
N PPMAP 173 133*
N PPMAP 174 134*
N PPMAP 175 135*
N PPMAP 178 138*
N PPMAP 179 139*
N PPMAP 18 14*
N PPMAP 180 140*
N PPMAP 182 142*
N PPMAP 185 143*
N PPMAP 186 144*
N PPMAP 187 145*
N PPMAP 188 146*
N PPMAP 191 147*
N PPMAP 192 148*
N PPMAP 193 149*
N PPMAP 19 15*
N PPMAP 194 150*
N PPMAP 197 151*
N PPMAP 198 152*
N PPMAP 199 153*
N PPMAP 200 154*
N PPMAP 201 155*
N PPMAP 202 156*
N PPMAP 205 158*
N PPMAP 206 159*
N PPMAP 20 16*
N PPMAP 21 17*
N PPMAP 22 18*
N PPMAP 23 19*
N PPMAP 3 2*
N PPMAP 25 21*
N PPMAP 30 22*
N PPMAP 31 23*
N PPMAP 32 24*
N PPMAP 33 25*
N PPMAP 34 26*
N PPMAP 35 27*
N PPMAP 36 28*
N PPMAP 37 29*
N PPMAP 4 3*
N PPMAP 38 30*
N PPMAP 43 32*
N PPMAP 44 33*
N PPMAP 45 34*
N PPMAP 46 35*
N PPMAP 47 36*
N PPMAP 49 37*
N PPMAP 50 38*
N PPMAP 51 39*
N PPMAP 5 4*
N PPMAP 55 42*
N PPMAP 56 43*
N PPMAP 57 44*
N PPMAP 58 45*
N PPMAP 60 47*
N PPMAP 61 48*
N PPMAP 63 49*
N PPMAP 6 5*
N PPMAP 64 50*
N PPMAP 70 52*
N PPMAP 71 53*
N PPMAP 72 54*
N PPMAP 73 55*
N PPMAP 74 56*
N PPMAP 75 57*
N PPMAP 76 58*
N PPMAP 77 59*
N PPMAP 7 6*
N PPMAP 78 60*
N PPMAP 82 62*
N PPMAP 83 63*
N PPMAP 84 64*
N PPMAP 85 65*
N PPMAP 86 66*
N PPMAP 87 67*
N PPMAP 88 68*
N PPMAP 89 69*
N PPMAP 8 7*
N PPMAP 95 72*
N PPMAP 97 74*
N PPMAP 99 76*
N PPMAP 100 77*
N PPMAP 102 78*
N PPMAP 103 79*
N PPMAP 9 8*
N PPMAP 110 82*
N PPMAP 111 83*
N PPMAP 112 84*
N PPMAP 113 85*
N PPMAP 114 86*
N PPMAP 115 87*
N PPMAP 116 88*
N PPMAP 117 89*
N PPMAP 10 9*
N PPMAP 118 90*
N PPMAP 121 91*
N PPMAP 122 92*
N PPMAP 123 93*
N PPMAP 125 95*
N PPMAP 126 96*
N PPMAP 127 97*
N PPMAP 128 98*
L0000000 00000011 00000011 00000011 00000011 00000011*
L0000040 00000011 00000011 00000011 00000011 000000*
L0000078 000100 000000 000000 000000 000000*
L0000108 00000011 00000011 00000011 00000011 00000011*
L0000148 00000011 00000011 00000011 00000011 000000*
L0000186 000000 000000 000000 000000 000000*
L0000216 00000011 00000011 00000011 00000011 00000011*
L0000256 00000011 00000011 00000011 00000011 000000*
L0000294 000000 000000 000000 000000 000000*
L0000324 00000011 00001011 00000011 00000011 00000011*
L0000364 00000011 00000011 00000011 00000011 000000*
L0000402 000000 000000 000000 000000 000000*
L0000432 00000011 00000011 00000011 00000011 00000011*
L0000472 00000011 00000011 00000111 00000011 000000*
L0000510 000000 000000 000000 000000 000000*
L0000540 00011111 00000011 00000011 00000011 00000011*
L0000580 10100111 00000011 00000011 00000111 000000*
L0000618 010010 000000 000000 000000 000000*
L0000648 00000001 00000010 00000000 00000001 00000001*
L0000688 00000010 00000011 00000001 00000011 000000*
L0000726 000000 000000 000000 000000 000000*
L0000756 00011001 00000010 00000010 00000001 00000001*
L0000796 00100010 00000000 00000010 00000111 000000*
L0000834 000000 000000 000000 000000 000000*
L0000864 00000011 00000011 00000011 00000011 00000011*
L0000904 00000011 00000011 00000011 00000011 000000*
L0000942 000000 000000 000000 000000 000000*
L0000972 00000011 00000011 00000011 00000011 00000011*
L0001012 00000011 00100011 00000011 00000011 000000*
L0001050 000000 000000 000000 000000 000000*
L0001080 00000011 00000011 00000011 00000011 00000011*
L0001120 00000011 00000011 00000011 00000011 000000*
L0001158 000000 000000 000000 000000 000000*
L0001188 00000011 00000011 00000011 00000011 00000011*
L0001228 01000011 00000011 00000011 00000011 000000*
L0001266 000000 000000 000000 000000 000000*
L0001296 00000010 00000000 00000010 00000010 00000000*
L0001336 00000000 00000000 00000000 00000000 000000*
L0001374 000000 000000 000000 000000 000000*
L0001404 00000010 00000011 00000011 00000010 00000010*
L0001444 00000011 00000000 00000001 00000011 000000*
L0001482 001000 000000 000000 000000 000000*
L0001512 00011110 00000010 00000011 00000010 00000011*
L0001552 00100111 00000010 00000001 00000010 000000*
L0001590 000010 000000 000000 000001 000000*
L0001620 00000011 00000011 00000010 00000011 00000011*
L0001660 10000011 00000011 00000010 00000111 000000*
L0001698 010000 000000 000000 000000 000000*
L0001728 00000011 00000010 00000011 00000011 00000010*
L0001768 00000011 00000011 00001011 00000010 000000*
L0001806 000000 000000 000000 000000 000000*
L0001836 00000010 00000011 00000011 00000011 00000010*
L0001876 00000011 00000011 00000010 00000011 000000*
L0001914 000000 000000 000000 000000 000000*
L0001944 00000011 00000010 00000011 00000011 00000011*
L0001984 00001011 00000011 00000011 00000010 000000*
L0002022 000000 000000 000000 000000 000000*
L0002052 00000010 00000011 00000011 00000011 00000011*
L0002092 00000011 00000011 00000010 00000011 000000*
L0002130 000000 000000 000000 000000 000000*
L0002160 00000011 00000010 00000011 00000011 00000011*
L0002200 00000011 00000011 00000011 00000010 000000*
L0002238 000000 000000 000000 000000 000000*
L0002268 00000011 00000011 00010011 00010011 00000011*
L0002308 00010011 00010011 00010011 00010011 000100*
L0002346 000000 000100 000000 000000 000000*
L0002376 00000011 00000001 00000010 00000011 00000010*
L0002416 00000000 00000001 00000010 00000001 000000*
L0002454 000000 000000 000000 000000 000000*
L0002484 00000011 00010010 00000011 00000011 00000011*
L0002524 00000011 00000011 00000011 00000010 000000*
L0002562 000000 000000 000000 000000 000000*
L0002592 00000011 00000010 00000011 00000011 00000011*
L0002632 00000011 00000011 00000011 00000011 000000*
L0002670 000000 000000 000000 000000 000000*
L0002700 00000011 00000011 00000010 00010011 00000011*
L0002740 00000011 00000011 00000011 00000011 000000*
L0002778 000000 000000 000000 000000 000000*
L0002808 00000110 00000000 00000010 00000010 00000000*
L0002848 00000000 00000000 00000000 00000100 000000*
L0002886 000000 000000 000000 000000 000000*
L0002916 00011011 00000011 00000011 00000011 00000011*
L0002956 00100011 00000011 00000011 00000011 000000*
L0002994 000000 000000 000001 000000 000000*
L0003024 00000011 00000000 00000010 00000011 00000011*
L0003064 00000000 00000011 00000010 00000001 000000*
L0003102 000000 000000 000000 000000 000000*
L0003132 00000011 00000011 00000011 00010011 00000011*
L0003172 00000011 00000011 00000011 00000011 000000*
L0003210 000000 000000 000000 000000 000000*
L0003240 00000011 00000011 00000011 00000011 00000011*
L0003280 00000011 00000011 00000011 00000111 000000*
L0003318 000000 000000 000000 000000 000000*
L0003348 00011111 00000011 00000011 00000011 00000011*
L0003388 00100011 00000111 00000011 00000011 000000*
L0003426 000000 000000 000000 000000 000000*
L0003456 00000011 00000011 00000011 00000011 00000011*
L0003496 00000011 00000011 00000011 00000011 000000*
L0003534 000000 000000 000000 000000 000000*
L0003564 00000011 00000011 00000011 00000011 00000011*
L0003604 01000011 00000011 00000011 00000011 000000*
L0003642 000000 000000 000000 000000 000000*
L0003672 00000011 00000011 00000011 00000011 00000011*
L0003712 00000011 00000011 00000011 00000011 000000*
L0003750 000000 000000 000000 000000 000000*
L0003780 00000001 00000000 00010000 00000001 00000001*
L0003820 00000000 00000011 00000010 00000000 000000*
L0003858 000000 000000 000000 000000 000000*
L0003888 00000010 00000011 00000011 00000010 00000010*
L0003928 00000011 00000000 00000001 00000011 000000*
L0003966 000000 000000 000000 000000 000000*
L0003996 00000010 00000011 00010011 00000010 00000010*
L0004036 00000011 00000000 00000001 00000011 000000*
L0004074 000000 000000 000000 000000 000000*
L0004104 00011111 00000011 00000011 00000011 00000011*
L0004144 10101111 00000011 00000011 00000111 000000*
L0004182 010010 000000 000000 000000 000000*
L0004212 00000011 00000011 00000011 00000011 00000011*
L0004252 00000011 00000011 00000011 00000011 000000*
L0004290 000001 000000 000000 000000 000000*
L0004320 00000011 00000011 00000011 00000011 00000010*
L0004360 00000011 00000001 00000011 00000011 000000*
L0004398 000000 000000 000000 000000 000000*
L0004428 00000011 00000011 00000011 00000011 00000011*
L0004468 00000011 00000010 00000011 00000011 000100*
L0004506 000000 000000 000000 000000 000000*
L0004536 00000010 00000011 00000011 00000010 00000011*
L0004576 00000011 00000011 00000001 00000011 000000*
L0004614 000000 000000 000000 000000 000000*
L0004644 00000011 00000011 00000011 00000011 00000011*
L0004684 00010011 00000011 00000011 00000011 000000*
L0004722 000000 000000 000000 000000 000000*
L0004752 00000001 00000000 00000000 00000001 00000001*
L0004792 00000000 00000011 00000010 00000001 000000*
L0004830 000000 000000 000000 000000 000000*
L0004860 00000010 00000011 00000011 00000010 00000010*
L0004900 00000011 00010000 00000001 00000010 000000*
L0004938 000000 000000 000000 000000 000000*
L0004968 00000011 00000011 00000011 00000011 00000011*
L0005008 00000011 00000011 00000011 00000011 000000*
L0005046 000000 000000 000000 000000 000000*
L0005076 00000011 00000011 00000011 00000011 00000011*
L0005116 00000011 00000011 00000011 00010011 000000*
L0005154 000000 000000 000000 000000 000000*
L0005184 00000011 00000011 00000011 00000011 00000011*
L0005224 00000011 00000011 00000011 00000011 000000*
L0005262 000000 000000 000000 000000 000000*
L0005292 00000011 00000000 00000010 00000011 00000011*
L0005332 00000000 00000011 00010010 00000001 000000*
L0005370 000000 000000 000000 000000 000000*
L0005400 00000010 00000000 00000010 00000010 00000000*
L0005440 00000000 00000000 00000000 00000000 000000*
L0005478 000000 000000 000000 000000 000000*
L0005508 00000010 00000010 00000010 00000010 00000011*
L0005548 00000011 00000010 00000000 00000010 000000*
L0005586 000100 000000 000000 000000 000000*
L0005616 00000010 00000010 00000011 00000011 00000010*
L0005656 00000011 00000011 00000010 00000010 000000*
L0005694 000000 000000 000000 000000 000000*
L0005724 00000010 00000010 00000011 00000011 00000011*
L0005764 00000011 00000011 00000010 00000010 000000*
L0005802 000000 000100 000000 000000 000000*
L0005832 00000011 00000010 00000011 00000011 00000011*
L0005872 00000011 00000011 00000011 00000010 000000*
L0005910 000000 000000 000000 000000 000000*
L0005940 00000101 00000011 00000001 00000000 00000011*
L0005980 00000011 00000001 00000001 00000001 000000*
L0006018 000000 000000 000000 000000 000000*
L0006048 00000001 00000011 00000011 00000011 00000010*
L0006088 00000010 00000000 00000001 00000001 000000*
L0006126 001000 000000 000000 000000 000000*
L0006156 00000000 00000011 00000011 00000011 00000010*
L0006196 00000011 00000001 00000011 00000001 000000*
L0006234 000000 000000 000000 000000 000000*
L0006264 00000001 00000011 00000001 00000011 00000011*
L0006304 00000011 00000000 00000011 00000011 000000*
L0006342 000000 000000 000000 000000 000000*
L0006372 00100011 00000011 00000011 00000000 00000011*
L0006412 00000011 00000011 00000011 00000001 000000*
L0006450 000000 000000 000000 000000 000000*
L0006480 00000110 00000001 00000001 00000000 00000011*
L0006520 00000011 00000011 00000011 00000011 000000*
L0006558 010010 000001 000000 000000 000000*
L0006588 00011001 00000001 00000011 00000000 00000011*
L0006628 10100111 00000011 00000011 00000101 000000*
L0006666 000000 000000 000000 000000 000000*
L0006696 00000001 00000011 00000011 00000010 00000011*
L0006736 00000011 00000001 00000011 00000011 000000*
L0006774 000000 000000 000000 000000 000000*
L0006804 00000001 00000111 00000011 00000010 00000011*
L0006844 00000011 00000001 00000011 00000011 000000*
L0006882 000000 000000 000000 000000 000000*
L0006912 00000000 00000011 00000011 00000010 00000011*
L0006952 00000011 00000000 00000001 00000011 000000*
L0006990 000000 000000 000000 000000 000000*
L0007020 00000011 00000001 00000011 00000010 00000011*
L0007060 00000010 00000001 00000011 00000001 000100*
L0007098 000000 000000 000000 000000 000000*
L0007128 00000011 00000011 00000011 00000000 00000010*
L0007168 00000011 00000000 00000011 00000011 000000*
L0007206 000000 000000 000000 000000 000000*
L0007236 00000001 00000001 00000011 00000011 00000011*
L0007276 00000011 00000011 00000011 00000011 000000*
L0007314 000000 000100 000000 000000 000000*
L0007344 00000011 00000011 00000011 00000011 00000011*
L0007384 00000011 00000001 00000011 00000011 000000*
L0007422 000000 000000 000000 000000 000000*
L0007452 00000011 00000011 00000011 00000011 00000011*
L0007492 00000011 00000111 00000111 00000011 000000*
L0007530 000001 000001 000001 000001 000001*
L0007560 00011111 00000011 00000011 00000011 00000011*
L0007600 00100011 00000011 00000011 00000111 000000*
L0007638 000000 000000 000000 000000 000000*
L0007668 00000011 00000011 00000011 00000011 00000011*
L0007708 10000111 00000011 00000011 00000011 000000*
L0007746 010010 000000 000000 000000 000001*
L0007776 11010011 1011001 0110001 0111011 1101010*
L0007812 11010011 1011001 0110001 0111011 1101010*
L0007848 11010011 1011001 0110001 0111011 1101010*
L0007884 11010011 1011001 0110001 0111011 1101010*
L0007920 11010011 1011001 0110001 0111011 1101010*
L0007956 11010011 1011001 0110001 0111011 1101010*
L0007992 11010011 1011001 0110001 0111011 1101010*
L0008028 11010011 1011001 0110001 0111011 1101010*
L0008064 11010011 1011001 0110001 0111011 1101010*
L0008100 11010011 1011001 0110001 0111011 1101010*
L0008136 11010011 1011001 0110001 0111011 1101010*
L0008172 11010011 1011001 0110001 0111011 1101010*
L0008208 11010011 1011001 0110001 0111011 1101010*
L0008244 11010011 1011001 0110001 0111011 1101010*
L0008280 11010011 1011001 0110001 0111011 1101010*
L0008316 11010011 1011001 0110001 0111011 1101010*
L0008352 11010011 1011001 0110001 0111011 1101010*
L0008388 11010011 1011001 0110001 0111011 1101010*
L0008424 11010011 1011001 0110001 0111011 1101010*
L0008460 11010011 1011001 0110001 0111011 1101010*
L0008496 11010011 1011001 0110001 0111011 1101010*
L0008532 11010011 1011001 0110001 0111011 1101010*
L0008568 11010011 1011001 0110001 0111011 1101010*
L0008604 11010011 1011001 0110001 0111011 1101010*
L0008640 11010011 1011001 0110001 0111011 1101010*
L0008676 11010011 1011001 0110001 0111011 1101010*
L0008712 11010011 1011001 0110001 0111011 1101010*
L0008748 11010011 1011001 0110001 0111011 1101010*
L0008784 11010011 1011001 0110001 0111011 1101010*
L0008820 11010011 1011001 0110001 0111011 1101010*
L0008856 11010011 1011001 0110001 0111011 1101010*
L0008892 11010011 1011001 0110001 0111011 1101010*
L0008928 11010011 1011001 0110001 0111011 1101010*
L0008964 11010011 1011001 0110001 0111011 1101010*
L0009000 11010011 1011001 0110001 0111011 1101010*
L0009036 11010011 1011001 0110001 0111011 1101010*
L0009072 11010011 1011001 0110001 0111011 1101010*
L0009108 11010011 1011011 0110001 0111011 1101010*
L0009144 11010011 1011001 0110001 0111011 1101110*
L0009180 11010011 1011001 0110001 0111011 1101010*
L0009216 11010011 1011001 0110001 0111011 1101010*
L0009252 11010011 1011001 0110001 0111011 1101010*
L0009288 11010011 1011001 0110001 0111011 1101010*
L0009324 11010011 1011001 0110001 0111011 1101010*
L0009360 11010011 1011001 0110001 0111011 1101010*
L0009396 11010011 1011001 0110001 0111011 1101010*
L0009432 11010011 1011001 0110001 0111011 1101010*
L0009468 11010011 1011001 0110001 0111011 1101010*
L0009504 11010011 1011001 0110001 0111011 1101010*
L0009540 11010011 1011001 0110001 0111011 1101010*
L0009576 11010011 1011001 0110001 0111011 1101010*
L0009612 11010011 1011001 0110001 0111011 1101010*
L0009648 11010011 1011001 0110001 0111011 1101010*
L0009684 11010011 1011001 0110001 0111011 1101010*
L0009720 11010011 1011001 0110001 0111011 1101010*
L0009756 11010011 1011001 0110001 0111011 1101010*
L0009792 11010011 1011001 0110001 0111011 1101010*
L0009828 11010011 1011001 0110001 0111011 1101010*
L0009864 11010011 1011001 0110001 0111011 1101010*
L0009900 11010011 1011001 0110001 0111011 1101010*
L0009936 11010011 1011001 0110001 0111011 1101010*
L0009972 11010011 1011001 0110001 0111011 1101010*
L0010008 11010011 1011001 0110001 0111011 1101010*
L0010044 11010011 1011001 0110001 0111011 1101010*
L0010080 11010011 1011001 0110001 0111011 1101010*
L0010116 11010011 1011001 0110001 0111011 1101010*
L0010152 11010011 1011001 0110001 0111011 1101010*
L0010188 11010011 1011001 1110001 0111011 1101010*
L0010224 11010011 1011001 1110001 0111011 1101010*
L0010260 11010011 1011001 0110001 0111011 1101010*
L0010296 11010011 1011001 0110001 0111011 1101010*
L0010332 11010011 1011001 0110001 0111011 1101010*
L0010368 11010011 1011001 0110001 0111011 1101010*
L0010404 11010011 1011001 0110001 0111011 1101010*
L0010440 11010011 1011001 0110001 0111011 1101010*
L0010476 11010011 1011001 0110001 0111011 1111010*
L0010512 11010011 1011001 0110001 0111011 1101010*
L0010548 11010011 1011001 0110001 0111011 1101010*
L0010584 11010011 1011001 0110001 0111011 1101010*
L0010620 11010011 1011001 0110001 0111011 1101010*
L0010656 11010011 1011001 0110001 0111011 1101010*
L0010692 11010011 1011001 0110001 0111011 1101010*
L0010728 11010011 1011001 0110001 0111011 1101010*
L0010764 11010011 1011001 0110001 0111011 1101010*
L0010800 11010011 1011001 0110001 0111011 1101010*
L0010836 11010011 1011001 0110001 0111011 1101010*
L0010872 11010011 1011001 0110001 0111011 1101010*
L0010908 11010011 1011001 0110001 0111011 1101010*
L0010944 11010011 1011001 0110001 0111011 1101010*
L0010980 11010011 1011001 0110001 0111011 1101010*
L0011016 11010011 1011001 0110001 0111011 1101010*
L0011052 11010011 1011001 0110001 0111011 1101010*
L0011088 11010011 1011001 0110001 0111011 1101010*
L0011124 11010011 1011001 0110001 0111011 1101010*
L0011160 11010011 1011001 0110001 0111011 1101010*
L0011196 11010011 1011001 0110001 0111011 1101010*
L0011232 11010011 1011001 0110001 0111011 1101010*
L0011268 11010011 1011001 0110001 0111011 1101010*
L0011304 11010011 1011001 0110001 0111011 1101010*
L0011340 11010011 1011001 0110001 0111011 1101010*
L0011376 11010011 1011001 0110001 0111011 1101010*
L0011412 11010011 1011001 0110001 0111011 1101010*
L0011448 11010011 1011001 0110001 0111011 1101010*
L0011484 11010011 1011001 0110001 0111011 1101010*
L0011520 11010011 1011001 0110001 0111011 1101010*
L0011556 11010011 1011001 0110001 0111011 1101110*
L0011592 11010011 1011001 0110001 0111011 1101010*
L0011628 11010011 1011001 0110001 0111011 1101010*
L0011664 11010011 1011101 0110001 0111011 1101010*
L0011700 11010011 1011001 0110001 0111011 1101010*
L0011736 11010011 1011001 0110001 0111011 1101010*
L0011772 11010011 1011001 0110001 0111011 1101010*
L0011808 11010011 1011001 0110001 0111011 1101010*
L0011844 11010011 1011001 0110001 0111011 1101010*
L0011880 11010011 1011001 0110001 0111011 1101010*
L0011916 11010011 1011001 0110001 0111011 1101010*
L0011952 11010011 1011001 0110001 0111011 1101010*
L0011988 11010011 1011001 0110011 0111011 1101010*
L0012024 11010011 1011001 1110001 0111011 1101010*
L0012060 11010011 1011001 1110001 0111011 1101010*
L0012096 11010011 1011001 0110001 1111011 1101010*
L0012132 11010011 1011001 0110001 0111011 1101010*
L0012168 11010011 1011001 0110001 0111011 1101010*
L0012204 11010011 1011001 0110001 0111011 1101010*
L0012240 11010011 1011001 0110001 0111011 1101010*
L0012276 11010011 1011001 0110001 0111011 1101010*
L0012312 11010011 1011001 0110001 0111011 1101010*
L0012348 11010011 1011001 0110001 0111011 1101010*
L0012384 11010011 1011001 0110001 0111011 1101010*
L0012420 11010011 1011001 0110001 0111011 1101010*
L0012456 11010011 1011001 0110001 0111011 1101010*
L0012492 11010011 1011001 0110001 0111011 1101010*
L0012528 11010011 1011001 0110001 0111011 1101010*
L0012564 11010011 1011001 0110001 0111011 1101010*
L0012600 11010011 1011001 0110001 0111011 1101010*
L0012636 11010011 1011001 0111001 0111011 1101010*
L0012672 11010011 1011001 0110001 0111011 1101010*
L0012708 11010011 1011001 0110001 0111011 1101010*
L0012744 11010011 1011001 0110001 0111011 1101010*
L0012780 11010011 1011001 0110001 0111011 1101010*
L0012816 11010011 1011001 0110001 0111011 1101010*
L0012852 11010011 1011001 0110001 0111011 1101010*
L0012888 11010011 1011001 0110001 0111011 1101010*
L0012924 11010011 1011001 0110001 0111011 1101010*
L0012960 11010011 1011001 0110001 0111011 1101010*
L0012996 11010011 1011001 0110001 0111011 1101010*
L0013032 11010011 1011001 0110001 0111011 1101010*
L0013068 11010011 1011101 0110001 0111011 1101010*
L0013104 11010011 1011001 0110001 0111011 1101010*
L0013140 11010011 1011001 0110001 0111011 1101010*
L0013176 11010011 1011001 0110001 0111011 1101010*
L0013212 11010011 1011001 0110001 0111011 1101010*
L0013248 11010011 1011001 0110001 0111011 1101010*
L0013284 11010011 1011001 0110101 0111011 1101010*
L0013320 11010011 1011001 0110001 0111011 1101010*
L0013356 11010011 1011001 0110001 0111011 1101010*
L0013392 11010011 1011001 0110001 0111011 1101010*
L0013428 11010011 1011001 0110001 0111011 1101010*
L0013464 11010011 1011001 0110001 0111011 1101010*
L0013500 11010011 1011001 0110001 0111011 1101010*
L0013536 11010011 1011001 0110001 0111011 1101010*
L0013572 11010011 1011001 0110001 0111111 1101010*
L0013608 11010011 1011001 0110001 0111011 1101010*
L0013644 11010011 1011001 0110001 0111011 1101010*
L0013680 11010011 1011001 0110001 0111011 1101010*
L0013716 11010011 1011001 0110001 0111011 1101010*
L0013752 11010011 1011001 0110001 0111011 1101010*
L0013788 11010011 1011001 0110001 0111011 1101010*
L0013824 11010011 1011001 0110001 0111011 1101010*
L0013860 11010011 1011001 0110001 0111011 1101010*
L0013896 11010011 1011001 0110001 0111011 1101010*
L0013932 11010011 1011001 0110001 0111011 1101010*
L0013968 11010011 1011001 0110001 0111011 1101010*
L0014004 11010011 1011001 0110001 0111011 1101010*
L0014040 11010011 1011001 0110001 0111011 1101011*
L0014076 11010011 1011001 0110001 0111011 1101010*
L0014112 11010011 1011001 0110001 0111011 1101010*
L0014148 11010011 1011001 0110001 0111011 1101010*
L0014184 11010011 1011001 0110001 0111011 1101010*
L0014220 11010011 1011001 0110001 0111011 1101010*
L0014256 11110011 1011001 0110001 0111011 1101010*
L0014292 11010011 1011001 0110001 0111011 1101010*
L0014328 11010011 1011001 0110001 0111011 1101010*
L0014364 11010011 1011001 0110001 0111011 1101010*
L0014400 11010011 1011001 0110001 0111011 1101010*
L0014436 11010011 1011001 0110001 0111011 1101010*
L0014472 11010011 1011001 0110001 0111011 1101010*
L0014508 11010011 1011001 0110001 0111011 1101010*
L0014544 11010011 1011001 0110001 0111011 1101010*
L0014580 11010011 1011001 0110001 0111011 1101010*
L0014616 11010011 1011001 0110001 0111011 1101010*
L0014652 11010011 1011001 0110001 0111011 1101010*
L0014688 11010011 1011001 0110001 0111011 1101010*
L0014724 11010011 1011001 0110001 0111011 1101010*
L0014760 11010011 1011001 0110001 0111011 1101010*
L0014796 11010011 1011001 0110001 0111011 1101010*
L0014832 11010011 1011001 0110001 0111011 1101010*
L0014868 11010011 1011001 0110101 0111011 1101010*
L0014904 11010011 1011001 0110001 0111011 1101010*
L0014940 11010011 1011001 0110001 0111011 1101010*
L0014976 11010011 1011001 0110001 0111011 1101010*
L0015012 11010011 1011001 0110001 0111011 1101010*
L0015048 11010011 1011001 0110001 0111011 1101010*
L0015084 11010011 1011001 0110001 0111011 1101010*
L0015120 11010011 1011001 0110001 0111111 1101010*
L0015156 11010011 1011001 0110001 0111011 1101010*
L0015192 11010011 1011001 0110001 0111011 1101010*
L0015228 11010011 1111001 0110001 0111011 1101010*
L0015264 11010111 1011001 0110001 0111011 1101010*
L0015300 11010011 1011001 0110001 0111011 1101010*
L0015336 11010011 1011001 0110001 0111011 1101010*
L0015372 11010011 1011001 0110001 0111011 1101010*
L0015408 11010011 1011001 0110001 0111011 1101010*
L0015444 11010011 1011001 0110001 0111011 1101010*
L0015480 11010011 1011001 0110001 0111011 1101010*
L0015516 11011011 1011001 0110001 0111011 1101010*
L0015552 00000011 00000011 00000011 00000011 00000011*
L0015592 00000011 00000011 00000011 00000011 000000*
L0015630 000000 000000 000000 000000 000000*
L0015660 00000011 00000011 00000011 00000011 00000011*
L0015700 00000011 00000011 00000011 00000011 000000*
L0015738 000000 000010 000000 000000 000000*
L0015768 00000011 00010011 10000011 00000011 00000011*
L0015808 00100011 00100011 01000011 00100011 000000*
L0015846 000000 000000 000000 000000 000000*
L0015876 00010011 00000011 00000011 00000011 00000011*
L0015916 01000011 01000111 00000011 00000011 000000*
L0015954 000000 100000 000000 010000 000000*
L0015984 00000011 00000011 00000011 00000011 00000011*
L0016024 00000011 00000011 00000011 00000011 000000*
L0016062 000000 001000 000000 000000 000000*
L0016092 00000011 00000011 00000011 00000011 00000011*
L0016132 00000011 00000011 00000011 00000011 000000*
L0016170 001000 000000 000000 000000 000000*
L0016200 00010011 00010011 10000011 00000011 01100011*
L0016240 00000011 00000111 01100111 00100011 000000*
L0016278 000000 100000 100000 010000 000001*
L0016308 10001011 11100011 01110011 11110011 10000011*
L0016348 01110111 01100011 00000011 01000011 011000*
L0016386 110100 010001 010001 100001 100000*
L0016416 00000011 00000011 00000011 00000011 00000011*
L0016456 00000011 00000011 00000011 00000011 000000*
L0016494 000000 000000 000000 000000 000000*
L0016524 00000011 00000011 00000011 00000011 00000011*
L0016564 00000011 00000011 00000011 00000011 000000*
L0016602 000010 000000 000000 000000 000000*
L0016632 00000011 00000011 00000011 00000011 00000011*
L0016672 00000011 00000011 00000011 00000011 000000*
L0016710 000000 000000 000000 000000 000000*
L0016740 01000011 01000011 01000011 01000011 01000011*
L0016780 00000011 00000011 00000011 00000011 000000*
L0016818 100000 100000 100000 100000 100000*
L0016848 00100010 00100010 00100010 00100000 00100000*
L0016888 00000010 00000000 00100001 00000000 000000*
L0016926 010000 010000 010000 010000 000000*
L0016956 00000001 00000001 00000001 00000010 00000011*
L0016996 00000001 00000010 00000010 00000011 000000*
L0017034 000000 000000 000000 000000 000000*
L0017064 00000010 10000011 00010011 00000000 10000001*
L0017104 00000010 00000001 00000001 00000000 011000*
L0017142 000000 000000 000000 000000 100000*
L0017172 10001001 00000011 00000001 10000011 00000011*
L0017212 00000001 00000011 00000010 01000011 000000*
L0017250 000000 010000 000000 100000 000000*
L0017280 00000010 00000001 00010011 00010001 00000011*
L0017320 00000011 00000001 00000011 00000010 000000*
L0017358 000000 000000 000000 000000 000000*
L0017388 00000001 00000001 00000001 00000011 00000001*
L0017428 00000001 00000011 00000000 00000011 000000*
L0017466 000000 000000 000000 000000 000000*
L0017496 00000010 00000001 00000011 00000001 00000011*
L0017536 00000011 00000001 00000011 00000010 000000*
L0017574 000000 000000 000000 000000 000000*
L0017604 00000001 00000001 00000001 00000011 00000001*
L0017644 00000001 00000011 10000001 10000011 000000*
L0017682 000000 000000 000000 000000 000000*
L0017712 00000011 00000011 00000011 00000001 00000011*
L0017752 00000011 00000001 00000011 00000010 000000*
L0017790 000000 000000 000000 000000 000000*
L0017820 00000001 00000011 00000001 10000011 00000001*
L0017860 00000011 00000011 00000001 00000011 000000*
L0017898 000000 000000 000000 000000 000000*
L0017928 00011011 00010010 10010000 10010011 10000000*
L0017968 01110011 01100000 01000001 01100011 011000*
L0018006 000100 000000 000000 000000 000000*
L0018036 01100011 00000011 00000001 00000001 00000011*
L0018076 10000011 00000001 00000011 00000010 000000*
L0018114 000001 000000 000000 000000 000000*
L0018144 00010011 00000011 00000011 00000001 00000011*
L0018184 01000011 01000001 00100111 00000010 000000*
L0018222 000000 000000 100000 000000 000000*
L0018252 00000001 00010011 10000011 00000011 00000001*
L0018292 00100011 00100011 01000001 00100011 000000*
L0018330 000000 000000 000000 000000 000000*
L0018360 00000010 00000000 00000000 00000000 00000000*
L0018400 00000010 00000000 00000001 00000000 000000*
L0018438 000000 000000 000000 000000 000000*
L0018468 00000011 00000011 00000011 00000011 10000011*
L0018508 00000011 00000011 00000011 00000011 000000*
L0018546 000000 000000 000000 000000 000000*
L0018576 00010011 00010000 00000000 00000011 00000000*
L0018616 00000010 00000011 00000001 00000001 000000*
L0018654 000000 000000 000000 000000 000000*
L0018684 00000011 00000011 00000011 00000011 00000011*
L0018724 00000011 00000011 00000011 00000011 000000*
L0018762 000000 000000 000000 000000 000000*
L0018792 00001011 00000011 00010011 10010011 10000011*
L0018832 00010011 00000011 00000011 01000011 011000*
L0018870 000000 000000 000000 000000 000000*
L0018900 00000011 01100011 00000011 00000011 00000011*
L0018940 00000011 00000011 00000011 00000011 000000*
L0018978 000100 000001 000000 000000 000000*
L0019008 00000011 00000011 00000011 00000011 00000011*
L0019048 00000011 00000011 00000011 00000011 000000*
L0019086 000000 000000 000000 000000 000000*
L0019116 00000011 00000011 00000011 00000011 00000011*
L0019156 10000011 00000011 00000011 00000011 000000*
L0019194 000000 000000 000000 000000 000000*
L0019224 00000011 00000011 00000011 00000011 00000011*
L0019264 00000011 00000011 10000011 00000011 000000*
L0019302 000000 000000 000000 000000 000000*
L0019332 00000000 00001010 00000000 00000001 00000000*
L0019372 00000000 00000001 00000000 10000000 000000*
L0019410 000000 000000 000000 000000 000000*
L0019440 00000011 00000001 00000011 00000010 00000011*
L0019480 00000011 00000010 00000011 00000011 000000*
L0019518 000000 000000 000000 000000 000000*
L0019548 00000011 00000001 00000011 00000010 00000011*
L0019588 00000011 00000010 00000011 00000011 010000*
L0019626 000000 000000 000000 000000 000000*
L0019656 00000011 00000011 00010011 10010011 10000011*
L0019696 00000011 00000011 00000011 01000011 011000*
L0019734 000000 000000 000000 000000 000000*
L0019764 00001011 00000011 00000011 00000011 00000011*
L0019804 00000111 00000011 00000011 00000011 000000*
L0019842 110000 000000 000000 000000 000000*
L0019872 00000011 00000011 00000011 00000011 00000011*
L0019912 00000011 00000010 00000011 00000011 000000*
L0019950 000000 000000 000000 000000 000000*
L0019980 00000011 00000011 10000011 00000011 00000011*
L0020020 00000011 00000011 00000011 00000011 000000*
L0020058 000000 000000 000000 000000 000000*
L0020088 00000011 00000011 00000011 00000010 00000011*
L0020128 00000011 00000011 00000011 00000011 000000*
L0020166 000000 000000 000000 000000 000000*
L0020196 10000011 10000011 00000011 00000011 00000011*
L0020236 00000111 00000111 00000111 00000011 000000*
L0020274 000001 000001 000001 000001 000001*
L0020304 00000001 00000010 00000000 00000011 00000000*
L0020344 00000000 00000010 00000000 00000001 001000*
L0020382 000000 000000 000000 000000 000000*
L0020412 00000010 00000001 00000011 00000000 00000011*
L0020452 00000011 00000001 00000011 00000010 000000*
L0020490 000000 000000 000000 000000 000000*
L0020520 00000011 00000001 00000011 00000011 00000011*
L0020560 00000011 00000011 00000011 00000011 000000*
L0020598 000000 000000 000000 000000 000000*
L0020628 00000111 00000011 00000011 00000011 00000011*
L0020668 00000011 00000011 00000011 00000011 000000*
L0020706 001000 000000 000000 000000 000000*
L0020736 00000011 00000011 00000011 00000011 00000011*
L0020776 00000011 00000011 00000011 00000011 000000*
L0020814 000000 000000 000000 000000 000000*
L0020844 00000011 00000000 00000000 00000011 00000000*
L0020884 00000010 00000011 00000001 00000001 000000*
L0020922 000000 001000 000000 000000 000000*
L0020952 00000000 00000000 00000000 00000000 00000000*
L0020992 00000000 00000000 00000000 00000000 000000*
L0021030 000000 000000 000000 000000 000000*
L0021060 00001000 00000011 00000001 00000000 00000001*
L0021100 00000000 00000001 00000000 00000000 000000*
L0021138 000000 000000 000000 000000 000000*
L0021168 00000000 00000001 00000001 00000001 00000001*
L0021208 00000001 00000001 00000000 00000010 000000*
L0021246 000000 000000 000000 000000 000000*
L0021276 00000000 00000001 00000001 00000001 00000001*
L0021316 00000001 00000001 01000001 00000010 000000*
L0021354 000000 000000 000000 000000 000000*
L0021384 10000001 00000011 00000001 00000001 10000001*
L0021424 00000011 00000001 00000001 00000010 011000*
L0021462 000000 000000 000000 100000 000000*
L0021492 00001011 10000001 00000011 10010000 00000010*
L0021532 00000010 00000001 00000001 01000011 000000*
L0021570 000000 000000 010000 000000 100000*
L0021600 00000000 00000011 00000011 00000010 00000011*
L0021640 00000010 00000001 00000011 00000001 000000*
L0021678 000000 000000 000000 000000 000000*
L0021708 00000001 00000011 00000011 00000001 00000010*
L0021748 00000011 00000010 00000001 01000001 000000*
L0021786 000000 000000 000000 000000 000000*
L0021816 00000000 00000011 00000001 00000010 00000010*
L0021856 00001010 00000001 00000001 00000011 000000*
L0021894 000000 000000 000000 000000 000000*
L0021924 00000000 00000011 00000001 00000010 00000010*
L0021964 00000011 00000000 00000001 00000011 000000*
L0022002 000000 000000 000000 000000 000000*
L0022032 00000010 00000011 00000001 00000001 00000011*
L0022072 00000011 00000000 00000001 00100011 000000*
L0022110 000000 000000 000000 000000 000000*
L0022140 00000001 00000001 00000011 00000000 00000010*
L0022180 00000011 00000000 00000001 00000011 000000*
L0022218 000000 000000 000000 000000 000000*
L0022248 00001011 00000001 00010011 10010000 10000011*
L0022288 00010011 01100001 00000011 01000011 011000*
L0022326 000100 000000 000000 000000 000000*
L0022356 00000011 00000001 01100011 00000011 00000010*
L0022396 01100011 00000000 00000011 00000011 000000*
L0022434 000000 000000 000001 000000 000000*
L0022464 00001010 00000001 00010011 10010001 10000010*
L0022504 01100011 00000000 00000001 01000011 011000*
L0022542 000000 000000 000000 000000 000000*
L0022572 00000000 00000001 00000011 01100000 00000010*
L0022612 00010010 01100001 00000001 00000011 000000*
L0022650 000100 000000 000000 000001 000000*
L0022680 00000001 00000011 00000011 00000011 00000010*
L0022720 00000011 00000000 00000011 00000011 000000*
L0022758 000000 000000 000000 000000 000000*
L0022788 00000001 00000001 00000011 00000011 00000011*
L0022828 00001011 00000011 00000011 00000011 000000*
L0022866 000000 000000 000000 000000 000000*
L0022896 00000011 00000011 00000011 00000011 00000011*
L0022936 00000011 00000001 00000011 00000011 000000*
L0022974 000000 000010 000000 000000 000000*
L0023004 00000011 00000011 00000011 00000011 00000011*
L0023044 00000011 00000011 00000011 00000011 000000*
L0023082 000010 000000 000000 000000 000000*
L0023112 00010011 00010011 10000011 00000011 00000011*
L0023152 01100011 01100011 01000011 00100011 000000*
L0023190 000000 000000 000000 000000 000000*
L0023220 00000011 00000011 00000011 00000011 01100011*
L0023260 00000011 00000011 00000011 00000011 000000*
L0023298 000000 000000 000000 000000 000001*
L0023328 11111011 1111111 1111011 0111010 1111110*
L0023364 11111011 1111111 1111011 0111010 1111110*
L0023400 11111011 1111111 1111011 0111010 1111110*
L0023436 11111011 1111111 1111011 0111010 1111110*
L0023472 11111011 1111111 1111011 0111010 1111110*
L0023508 11111011 1111111 1111011 0111010 1111110*
L0023544 11111011 1111111 1111011 0111110 1111110*
L0023580 11111011 1111111 1111011 0111010 1111110*
L0023616 11111011 1111111 1111011 0111010 1111110*
L0023652 11111011 1111111 1111011 0111010 1111110*
L0023688 11111011 1111111 1111011 0111010 1111110*
L0023724 11111011 1111111 1111011 0111010 1111110*
L0023760 11111011 1111111 1111011 0111010 1111110*
L0023796 11111011 1111111 1111011 0111010 1111110*
L0023832 11111011 1111111 1111011 0111010 1111110*
L0023868 11111011 1111111 1111011 0111010 1111110*
L0023904 11111011 1111111 1111011 0111010 1111110*
L0023940 11111011 1111111 1111011 0111010 1111110*
L0023976 11111011 1111111 1111011 0111010 1111110*
L0024012 11111011 1111111 1111011 0111010 1111110*
L0024048 11111011 1111111 1111011 0111010 1111110*
L0024084 11111011 1111111 1111011 0111010 1111110*
L0024120 11111011 1111111 1111011 0111010 1111110*
L0024156 11111011 1111111 1111011 0111010 1111110*
L0024192 11111011 1111111 1111011 0111010 1111110*
L0024228 11111011 1111111 1111011 0111010 1111110*
L0024264 11111011 1111111 1111011 0111010 1111110*
L0024300 11111011 1111111 1111011 0111010 1111110*
L0024336 11111011 1111111 1111011 0111010 1111110*
L0024372 11111011 1111111 1111011 0111010 1111110*
L0024408 11111011 1111111 1111011 0111010 1111110*
L0024444 11111011 1111111 1111011 0111010 1111110*
L0024480 11111011 1111111 1111011 0111010 1111110*
L0024516 11111011 1111111 1111011 0111010 1111110*
L0024552 11111011 1111111 1111011 0111010 1111110*
L0024588 11111011 1111111 1111011 0111010 1111110*
L0024624 11111011 1111111 1111011 0111010 1111110*
L0024660 11111011 1111111 1111011 0111010 1111110*
L0024696 11111011 1111111 1111011 0111010 1111110*
L0024732 11111011 1111111 1111011 0111010 1111110*
L0024768 11111011 1111111 1111011 0111010 1111110*
L0024804 11111011 1111111 1111011 0111010 1111110*
L0024840 11111011 1111111 1111011 0111010 1111110*
L0024876 11111011 1111111 1111011 0111010 1111110*
L0024912 11111011 1111111 1111011 0111010 1111110*
L0024948 11111011 1111111 1111011 0111010 1111110*
L0024984 11111011 1111111 1111011 0111010 1111110*
L0025020 11111011 1111111 1111011 0111010 1111110*
L0025056 11111011 1111111 1111011 0111010 1111110*
L0025092 11111011 1111111 1111011 0111010 1111110*
L0025128 11111011 1111111 1111011 0111010 1111110*
L0025164 11111011 1111111 1111011 0111010 1111110*
L0025200 11111011 1111111 1111011 0111010 1111110*
L0025236 11111011 1111111 1111011 0111010 1111110*
L0025272 11111011 1111111 1111011 0111010 1111110*
L0025308 11111011 1111111 1111011 0111010 1111110*
L0025344 11111011 1111111 1111011 0111010 1111110*
L0025380 11111011 1111111 1111011 0111010 1111110*
L0025416 11111011 1111111 1111011 0111010 1111110*
L0025452 11111011 1111111 1111011 0111010 1111110*
L0025488 11111011 1111111 1111011 0111010 1111110*
L0025524 11111011 1111111 1111011 0111010 1111110*
L0025560 11111011 1111111 1111011 0111010 1111110*
L0025596 11111011 1111111 1111011 0111010 1111110*
L0025632 11111011 1111111 1111011 0111010 1111110*
L0025668 11111011 1111111 1111011 0111010 1111110*
L0025704 11111011 1111111 1111011 0111010 1111110*
L0025740 11111011 1111111 1111011 1111010 1111110*
L0025776 11111011 1111111 1111011 0111010 1111110*
L0025812 11111011 1111111 1111011 0111010 1111110*
L0025848 11111011 1111111 1111011 0111010 1111110*
L0025884 11111011 1111111 1111011 0111010 1111110*
L0025920 11111011 1111111 1111011 0111010 1111110*
L0025956 11111011 1111111 1111011 0111010 1111110*
L0025992 11111011 1111111 1111011 0111010 1111110*
L0026028 11111011 1111111 1111011 0111010 1111110*
L0026064 11111011 1111111 1111011 0111010 1111110*
L0026100 11111011 1111111 1111011 0111010 1111110*
L0026136 11111011 1111111 1111011 0111010 1111110*
L0026172 11111011 1111111 1111011 0111010 1111110*
L0026208 11111011 1111111 1111011 0111010 1111110*
L0026244 11111011 1111111 1111011 0111010 1111110*
L0026280 11111011 1111111 1111011 0111010 1111110*
L0026316 11111011 1111111 1111011 0111010 1111110*
L0026352 11111011 1111111 1111011 0111010 1111110*
L0026388 11111011 1111111 1111011 0111010 1111110*
L0026424 11111011 1111111 1111011 0111010 1111110*
L0026460 11111011 1111111 1111011 0111010 1111110*
L0026496 11111011 1111111 1111011 0111010 1111110*
L0026532 11111011 1111111 1111011 0111010 1111110*
L0026568 11111011 1111111 1111011 0111010 1111110*
L0026604 11111011 1111111 1111011 0111010 1111110*
L0026640 11111011 1111111 1111011 0111010 1111110*
L0026676 11111011 1111111 1111011 0111010 1111110*
L0026712 11111011 1111111 1111011 0111010 1111110*
L0026748 11111011 1111111 1111011 0111010 1111110*
L0026784 11111011 1111111 1111011 0111010 1111110*
L0026820 11111011 1111111 1111011 0111010 1111110*
L0026856 11111011 1111111 1111011 0111010 1111110*
L0026892 11111011 1111111 1111011 0111010 1111110*
L0026928 11111011 1111111 1111011 0111010 1111110*
L0026964 11111011 1111111 1111011 0111010 1111110*
L0027000 11111011 1111111 1111011 0111010 1111110*
L0027036 11111011 1111111 1111011 0111010 1111110*
L0027072 11111011 1111111 1111011 0111010 1111110*
L0027108 11111011 1111111 1111111 0111010 1111110*
L0027144 11111011 1111111 1111011 0111010 1111110*
L0027180 11111011 1111111 1111011 0111010 1111110*
L0027216 11111011 1111111 1111011 0111010 1111110*
L0027252 11111011 1111111 1111011 0111010 1111110*
L0027288 11111011 1111111 1111011 0111010 1111110*
L0027324 11111011 1111111 1111011 0111010 1111110*
L0027360 11111011 1111111 1111011 0111010 1111110*
L0027396 11111011 1111111 1111011 0111010 1111110*
L0027432 11111011 1111111 1111011 0111010 1111110*
L0027468 11111011 1111111 1111011 0111010 1111110*
L0027504 11111011 1111111 1111011 0111010 1111110*
L0027540 11111011 1111111 1111011 0111010 1111110*
L0027576 11111011 1111111 1111011 1111010 1111110*
L0027612 11111011 1111111 1111011 1111010 1111110*
L0027648 11111111 1111111 1111011 0111010 1111110*
L0027684 11111011 1111111 1111011 0111010 1111110*
L0027720 11111011 1111111 1111011 0111010 1111110*
L0027756 11111011 1111111 1111011 0111010 1111110*
L0027792 11111011 1111111 1111011 0111010 1111110*
L0027828 11111011 1111111 1111011 0111010 1111110*
L0027864 11111011 1111111 1111011 0111010 1111110*
L0027900 11111011 1111111 1111011 0111010 1111110*
L0027936 11111011 1111111 1111011 0111010 1111110*
L0027972 11111011 1111111 1111011 0111010 1111110*
L0028008 11111011 1111111 1111011 0111010 1111110*
L0028044 11111011 1111111 1111011 0111010 1111110*
L0028080 11111011 1111111 1111011 0111010 1111110*
L0028116 11111011 1111111 1111011 0111010 1111110*
L0028152 11111011 1111111 1111011 0111010 1111110*
L0028188 11111011 1111111 1111011 0111010 1111110*
L0028224 11111011 1111111 1111011 0111010 1111110*
L0028260 11111011 1111111 1111011 0111010 1111110*
L0028296 11111011 1111111 1111011 0111010 1111110*
L0028332 11111011 1111111 1111011 0111010 1111110*
L0028368 11111011 1111111 1111011 0111010 1111110*
L0028404 11111011 1111111 1111011 0111010 1111110*
L0028440 11111011 1111111 1111011 0111010 1111110*
L0028476 11111011 1111111 1111011 0111010 1111110*
L0028512 11111011 1111111 1111011 0111010 1111110*
L0028548 11111011 1111111 1111011 0111010 1111110*
L0028584 11111011 1111111 1111011 0111010 1111110*
L0028620 11111011 1111111 1111011 0111010 1111110*
L0028656 11111011 1111111 1111011 0111010 1111110*
L0028692 11111011 1111111 1111011 0111010 1111110*
L0028728 11111011 1111111 1111011 0111010 1111110*
L0028764 11111011 1111111 1111011 0111010 1111110*
L0028800 11111011 1111111 1111011 0111010 1111110*
L0028836 11111011 1111111 1111011 0111010 1111110*
L0028872 11111011 1111111 1111011 0111010 1111110*
L0028908 11111011 1111111 1111011 0111010 1111110*
L0028944 11111011 1111111 1111011 0111010 1111110*
L0028980 11111011 1111111 1111011 0111010 1111110*
L0029016 11111011 1111111 1111011 0111010 1111110*
L0029052 11111011 1111111 1111011 0111010 1111110*
L0029088 11111011 1111111 1111011 0111010 1111110*
L0029124 11111011 1111111 1111011 0111010 1111110*
L0029160 11111011 1111111 1111011 0111010 1111110*
L0029196 11111011 1111111 1111011 0111010 1111110*
L0029232 11111011 1111111 1111011 0111010 1111110*
L0029268 11111011 1111111 1111011 0111010 1111110*
L0029304 11111011 1111111 1111011 0111010 1111110*
L0029340 11111011 1111111 1111011 0111010 1111110*
L0029376 11111011 1111111 1111011 0111010 1111110*
L0029412 11111011 1111111 1111011 0111010 1111110*
L0029448 11111011 1111111 1111011 0111010 1111110*
L0029484 11111011 1111111 1111011 0111010 1111110*
L0029520 11111011 1111111 1111011 0111010 1111110*
L0029556 11111011 1111111 1111011 0111010 1111110*
L0029592 11111011 1111111 1111011 0111010 1111110*
L0029628 11111011 1111111 1111011 0111010 1111110*
L0029664 11111011 1111111 1111011 0111010 1111110*
L0029700 11111011 1111111 1111011 0111010 1111110*
L0029736 11111011 1111111 1111011 0111010 1111110*
L0029772 11111011 1111111 1111011 0111010 1111110*
L0029808 11111011 1111111 1111011 0111010 1111110*
L0029844 11111011 1111111 1111011 0111010 1111110*
L0029880 11111011 1111111 1111011 0111010 1111110*
L0029916 11111011 1111111 1111011 0111010 1111110*
L0029952 11111011 1111111 1111011 0111010 1111110*
L0029988 11111011 1111111 1111011 0111010 1111110*
L0030024 11111011 1111111 1111011 0111010 1111110*
L0030060 11111011 1111111 1111011 0111010 1111110*
L0030096 11111011 1111111 1111011 0111010 1111110*
L0030132 11111011 1111111 1111011 0111010 1111110*
L0030168 11111011 1111111 1111011 0111010 1111110*
L0030204 11111011 1111111 1111011 0111010 1111110*
L0030240 11111011 1111111 1111011 0111010 1111110*
L0030276 11111011 1111111 1111011 0111010 1111110*
L0030312 11111011 1111111 1111011 0111010 1111110*
L0030348 11111011 1111111 1111011 0111010 1111110*
L0030384 11111011 1111111 1111011 0111010 1111110*
L0030420 11111011 1111111 1111011 0111010 1111110*
L0030456 11111011 1111111 1111011 0111010 1111110*
L0030492 11111011 1111111 1111011 0111010 1111110*
L0030528 11111011 1111111 1111011 0111010 1111110*
L0030564 11111011 1111111 1111011 0111010 1111110*
L0030600 11111011 1111111 1111011 0111010 1111110*
L0030636 11111011 1111111 1111011 0111010 1111110*
L0030672 11111011 1111111 1111011 0111010 1111110*
L0030708 11111011 1111111 1111011 0111010 1111110*
L0030744 11111011 1111111 1111011 0111011 1111110*
L0030780 11111011 1111111 1111011 0111010 1111110*
L0030816 11111011 1111111 1111011 0111010 1111110*
L0030852 11111011 1111111 1111011 0111010 1111111*
L0030888 11111011 1111111 1111011 0111010 1111110*
L0030924 11111011 1111111 1111011 0111010 1111110*
L0030960 11111011 1111111 1111011 0111010 1111110*
L0030996 11111011 1111111 1111011 0111010 1111110*
L0031032 11111011 1111111 1111011 0111010 1111110*
L0031068 11111011 1111111 1111011 0111010 1111110*
L0031104 00000011 00000011 00000011 00000011 00001011*
L0031144 00000011 00000011 00000011 00000011 000000*
L0031182 000000 000000 000000 000000 000000*
L0031212 00000011 00000011 00000011 00001011 00000011*
L0031252 00000011 00000011 00000011 00000011 000000*
L0031290 000000 000000 000000 000000 000000*
L0031320 00000011 00000011 00000011 00000011 00000011*
L0031360 00001011 00000011 00000011 00000011 000000*
L0031398 000000 000000 000000 000000 000000*
L0031428 00000011 00000011 00000011 00000011 00000011*
L0031468 00000011 00000011 00000011 00000011 000000*
L0031506 000000 000000 000000 000000 000000*
L0031536 00000011 00000011 00000011 00000011 00000011*
L0031576 00000011 00000011 00000011 00000011 000000*
L0031614 000000 000000 000000 000000 000111*
L0031644 10100011 00000011 00000011 10001111 10001111*
L0031684 10010011 00000011 00000011 00000011 000000*
L0031722 100000 000000 000000 000000 000000*
L0031752 00000011 00000011 10001111 01000011 00000011*
L0031792 00000011 00000011 00000011 00000011 000000*
L0031830 000000 001000 000000 000000 000000*
L0031860 10100011 00000011 00000011 10001111 10001111*
L0031900 10010011 00000011 00000011 01000011 010000*
L0031938 100000 000000 000000 000000 001000*
L0031968 00000011 00000011 00000011 00000011 00000011*
L0032008 00000011 00000011 00000011 00000011 000000*
L0032046 000000 000000 000000 000000 000000*
L0032076 00000011 00000011 00000011 00000011 00000011*
L0032116 00000011 10000011 00000011 00000011 000000*
L0032154 000000 000000 000000 000000 000000*
L0032184 00000011 00000011 00000011 00000011 00000011*
L0032224 00000011 00000011 00000011 00000011 000000*
L0032262 000000 000000 000000 000000 000000*
L0032292 00000011 00000011 00000011 00000011 00000011*
L0032332 00000011 00010011 00000011 00000011 000000*
L0032370 000000 000000 000000 000000 000000*
L0032400 00000000 00000000 00000000 00000001 00000000*
L0032440 00000000 01100001 00000000 00000010 000000*
L0032478 000000 000000 000000 000000 000000*
L0032508 00000001 00000000 00000000 00000010 00000011*
L0032548 01100010 00000000 00000011 00000000 000000*
L0032586 000000 000000 000000 000000 000000*
L0032616 00100000 00000000 00000000 10001101 10001101*
L0032656 00000010 00000001 00000001 00000010 010000*
L0032694 000000 000000 000000 000000 101000*
L0032724 10000011 00000011 00010011 00000010 00000010*
L0032764 10010011 00001110 00010010 01000001 000000*
L0032802 100000 000000 000000 100000 000000*
L0032832 00000010 00000011 00000010 00000001 00000011*
L0032872 00000010 00000011 00000011 00000010 000000*
L0032910 000000 000000 000000 000000 000000*
L0032940 00001101 00001110 10001101 00000010 00000001*
L0032980 00000011 00001110 00010100 00000101 000000*
L0033018 000000 000111 000111 000111 000111*
L0033048 00000010 00000011 00000010 00000001 00000011*
L0033088 00000010 00000011 00000011 00000010 000000*
L0033126 000000 000000 000000 000000 000000*
L0033156 00000001 00000011 00000001 00000010 00000001*
L0033196 00000011 00000010 00100010 00000001 000000*
L0033234 000000 000000 000000 000000 000000*
L0033264 00000010 00000011 00000010 00000001 00000011*
L0033304 00000010 00000011 00000011 00000010 000000*
L0033342 000000 000000 000000 000000 000000*
L0033372 00000001 00000011 10000001 00000010 00000001*
L0033412 00000011 00000110 00000111 00000101 000000*
L0033450 000000 000001 000001 000001 000001*
L0033480 00000010 00000011 00000011 00001011 00000011*
L0033520 00000001 00000011 00000011 00000011 000000*
L0033558 000000 000000 000000 000000 000000*
L0033588 00000010 00000011 10000010 00000001 00001011*
L0033628 00000010 00000111 00000111 00000100 000000*
L0033666 000000 000001 000001 000001 000001*
L0033696 00000011 00000011 00000010 00000001 00000011*
L0033736 00000010 00000011 00000011 00000010 000000*
L0033774 000000 000000 000000 000000 000000*
L0033804 00000001 10000011 00000011 00000010 00000001*
L0033844 00000011 00000010 00000011 00000011 000000*
L0033882 000000 000000 000000 000000 000000*
L0033912 00000000 00000000 00000000 00000001 10000000*
L0033952 00000000 00000001 00000000 00000000 000000*
L0033990 000000 000000 000000 000000 000000*
L0034020 00000011 00000011 00000011 10000011 00000011*
L0034060 00000011 00000011 00000011 00000011 000000*
L0034098 000000 000000 000000 000000 000000*
L0034128 00000011 00000011 00000011 00000111 00000010*
L0034168 00000001 00000011 00000000 00000001 000000*
L0034206 000000 000000 000000 000000 000000*
L0034236 00001011 00001011 10001011 00000011 00000111*
L0034276 00000011 00000111 00010111 00000111 000000*
L0034314 000000 000101 000101 000101 000101*
L0034344 10100011 00000011 00000011 00000011 00000011*
L0034384 10010011 00000011 00000011 01000011 010000*
L0034422 100000 000000 000000 000111 001000*
L0034452 00000011 00000011 01000011 10011111 10001111*
L0034492 00000011 00000011 00000011 00000011 000000*
L0034530 000000 000000 000000 000000 000000*
L0034560 00000011 00001111 00000011 00000011 01010011*
L0034600 00000011 00000011 01000011 00000111 000000*
L0034638 000000 000000 101000 001000 000000*
L0034668 10100011 01010011 01010011 11011111 10001111*
L0034708 10010011 00000011 00000011 01000011 010000*
L0034746 101000 001000 000000 100000 101000*
L0034776 00000011 00000011 00000011 10000011 00000011*
L0034816 00000011 00000011 00000011 00000011 000000*
L0034854 000000 000000 000000 000000 000000*
L0034884 00000010 00000011 00000011 00000000 10000000*
L0034924 00000001 00000010 00000000 00000001 000000*
L0034962 000000 000000 000000 000000 000000*
L0034992 00000001 00000000 00000000 00000011 00000011*
L0035032 00000010 00000001 00000011 00000010 000000*
L0035070 000000 000000 000000 000000 000000*
L0035100 01000001 01000000 01000000 01000011 01000011*
L0035140 00000010 00000001 00000011 00000010 000000*
L0035178 000000 000000 100000 100000 100000*
L0035208 10100011 00000011 00000011 10001111 10001111*
L0035248 10010011 00000011 01000011 01000011 010000*
L0035286 100000 000000 000000 001000 001000*
L0035316 01010011 00000011 00000011 00000011 00000011*
L0035356 00000011 00000011 00000011 00000011 000000*
L0035394 010000 000111 000000 000000 000000*
L0035424 00000011 00000011 00000010 00000011 00000011*
L0035464 00000010 00000011 01000011 00000010 000000*
L0035502 000000 000000 000000 001000 000000*
L0035532 00000001 00000000 00000000 00000011 01010011*
L0035572 00000010 00000011 00000011 00000010 000000*
L0035610 000000 000000 000000 000000 000000*
L0035640 00000011 00000011 00000011 00000011 00000011*
L0035680 00000011 00000001 00000011 00000011 000000*
L0035718 000000 000000 000000 000000 000000*
L0035748 00000011 00000011 00000011 00000011 00000011*
L0035788 00000011 00000011 00000011 00000011 010000*
L0035826 000000 000000 000000 000000 000000*
L0035856 00000011 00000011 00000011 00000010 00000010*
L0035896 00000001 00000010 00000000 00000001 000000*
L0035934 000000 000000 101000 000000 000000*
L0035964 00000000 00000000 00000000 00000001 00000001*
L0036004 00000010 00000001 01000011 00000010 000000*
L0036042 000000 000000 000000 001000 000000*
L0036072 00000011 00000011 00000011 00000011 00000011*
L0036112 00000011 00000011 00000011 00000011 000000*
L0036150 000000 000000 000000 000000 000000*
L0036180 00000011 00000011 00000011 00000011 00000011*
L0036220 00000011 01100011 00000011 00000011 000000*
L0036258 000000 000000 000000 000000 000000*
L0036288 00000011 00000011 00000011 00000011 00000011*
L0036328 00000011 00000011 00000011 00000011 000000*
L0036366 000000 000000 000000 000000 001000*
L0036396 00000011 00000011 00000011 00000011 00000010*
L0036436 00000001 00000011 00000010 00000011 000000*
L0036474 000000 000000 000000 000000 000000*
L0036504 00000000 00000000 00000000 00000000 00000000*
L0036544 00000000 00000000 00000000 00000000 000000*
L0036582 000000 000000 000000 000000 000000*
L0036612 00000000 00000000 00000000 00000000 00000000*
L0036652 00000010 00000000 01000000 00000000 000000*
L0036690 000000 000000 000000 000000 000000*
L0036720 00000000 00000010 00000000 00000000 00000001*
L0036760 00000010 00000010 00000000 00000000 000000*
L0036798 000000 000000 000000 000000 000000*
L0036828 00000000 00000011 00000000 00000000 00000001*
L0036868 00000010 00000010 00000010 00000000 000000*
L0036906 000111 000000 000000 000000 000000*
L0036936 00000000 00000011 00000000 10001100 10001101*
L0036976 10000010 00000010 00000011 00000000 010000*
L0037014 100000 000000 000000 100000 001000*
L0037044 10101101 00000011 00000011 00000000 00000011*
L0037084 00010011 00000011 00000111 01000001 000000*
L0037122 001000 000000 000000 000000 100000*
L0037152 00010001 00010011 00010011 00010011 00010010*
L0037192 00000011 00000000 00000001 00000001 000000*
L0037230 001000 001000 001000 000000 000000*
L0037260 00000011 00000001 00000001 00000010 00000011*
L0037300 00000011 00000011 00000001 00000001 000000*
L0037338 000000 000000 000000 000000 000000*
L0037368 00000001 00000011 00000001 00000011 00000111*
L0037408 00000010 00000001 00000011 00000011 000000*
L0037446 000000 000000 000000 000000 000000*
L0037476 00000011 00100001 00000011 00000101 00000011*
L0037516 00000010 00000001 00000001 00000001 000000*
L0037554 000000 100000 000000 000000 000000*
L0037584 10000011 00000011 00000001 00000001 00000011*
L0037624 10010010 00000001 00000011 01000011 010000*
L0037662 100000 000000 000111 000000 001000*
L0037692 00100011 01010001 00000001 10001100 10001111*
L0037732 00000010 00000010 00000011 00000001 000000*
L0037770 000000 000000 000000 000000 000000*
L0037800 00000001 00000011 00000001 00000010 00000011*
L0037840 00000011 00000001 00000011 00000011 000000*
L0037878 000000 000000 000000 000000 000000*
L0037908 00000000 00000011 00000011 00000010 00000011*
L0037948 00000111 00000011 00000011 00000011 000000*
L0037986 000000 000000 000000 000000 000000*
L0038016 00000011 00000001 00000011 00000000 00000010*
L0038056 00000010 00000001 00000001 00000001 000000*
L0038094 000000 000000 000000 000000 000000*
L0038124 00000010 00000001 00000011 00000011 00000011*
L0038164 01100011 00000000 00000011 00000011 000000*
L0038202 000000 000000 000000 000000 000000*
L0038232 00000001 00000001 00000011 00000011 00000011*
L0038272 00000011 00000010 00000001 00000011 000000*
L0038310 000000 000000 000000 000000 000000*
L0038340 00000001 00000001 00000011 00000011 00000011*
L0038380 00000011 00000011 00000011 01000011 000000*
L0038418 000000 000000 000000 000000 000000*
L0038448 00000011 00000011 00000011 00000011 00000011*
L0038488 00000011 00000001 00000011 00000011 000000*
L0038526 000000 000000 000000 001000 000000*
L0038556 00000011 00000011 00000011 00000011 00000011*
L0038596 00000011 00000011 00000011 00000011 000000*
L0038634 000000 000000 000000 000000 000000*
L0038664 00000011 00000011 00000011 00000011 00000011*
L0038704 00000011 00000011 00000011 00000011 000000*
L0038742 010000 000000 000000 000000 000000*
L0038772 00000011 00000011 00000011 00000011 00000011*
L0038812 00000011 00000011 00000011 00000011 000000*
L0038850 000000 000000 000000 000000 000000*
L0038880 11011111 1110101 0111011 0011011 1111011*
L0038916 11011111 1110101 0111011 0011011 1111011*
L0038952 11011111 1110101 0111011 0011011 1111011*
L0038988 11011111 1110101 0111011 0011011 1111011*
L0039024 11011111 1110101 0111011 0011011 1111011*
L0039060 11011111 1110101 0111011 0011011 1111011*
L0039096 11011111 1110101 0111011 0011111 1111011*
L0039132 11011111 1110101 0111011 0011011 1111011*
L0039168 11011111 1110101 0111011 0011011 1111011*
L0039204 11011111 1110101 0111011 0011011 1111011*
L0039240 11011111 1110101 0111011 0011011 1111011*
L0039276 11011111 1110101 0111011 0011011 1111011*
L0039312 11011111 1110101 0111011 0011011 1111011*
L0039348 11011111 1110101 0111011 0011011 1111011*
L0039384 11011111 1110101 0111011 0011011 1111011*
L0039420 11011111 1110101 0111011 0011011 1111011*
L0039456 11011111 1110101 0111011 0011011 1111011*
L0039492 11011111 1110111 0111011 0011011 1111011*
L0039528 11011111 1110101 0111011 0011011 1111011*
L0039564 11011111 1110101 0111111 0011011 1111011*
L0039600 11011111 1110101 0111011 0011011 1111011*
L0039636 11011111 1110101 0111011 0011011 1111011*
L0039672 11011111 1110101 0111011 0011011 1111011*
L0039708 11011111 1110101 0111011 0011011 1111011*
L0039744 11011111 1110101 0111011 0011011 1111011*
L0039780 11011111 1110101 0111011 0011011 1111011*
L0039816 11011111 1110101 0111011 0011011 1111011*
L0039852 11011111 1110101 0111011 0011011 1111011*
L0039888 11011111 1110101 0111011 0011011 1111011*
L0039924 11011111 1110101 0111011 0011011 1111011*
L0039960 11011111 1110101 0111011 0011011 1111011*
L0039996 11011111 1110101 0111011 0011011 1111011*
L0040032 11011111 1110101 0111011 0011011 1111011*
L0040068 11011111 1110101 0111011 0011011 1111011*
L0040104 11011111 1110101 0111011 0011011 1111011*
L0040140 11011111 1110101 0111011 0011011 1111011*
L0040176 11011111 1110101 0111011 0011011 1111011*
L0040212 11011111 1110101 0111011 0011011 1111011*
L0040248 11011111 1110101 0111011 0011011 1111011*
L0040284 11011111 1110101 0111011 0011011 1111011*
L0040320 11011111 1110101 0111011 0011011 1111011*
L0040356 11011111 1110101 0111011 0011011 1111011*
L0040392 11011111 1110101 0111011 0011011 1111011*
L0040428 11011111 1110101 0111011 0011011 1111011*
L0040464 11011111 1110101 0111011 0011011 1111011*
L0040500 11011111 1110101 0111011 0011011 1111011*
L0040536 11011111 1110101 0111011 0011011 1111011*
L0040572 11011111 1110101 0111011 0011011 1111011*
L0040608 11011111 1110101 0111011 0011011 1111011*
L0040644 11011111 1110101 0111011 0011011 1111011*
L0040680 11011111 1110101 0111011 0011011 1111011*
L0040716 11011111 1110101 0111011 0011011 1111011*
L0040752 11011111 1110101 0111011 0011011 1111011*
L0040788 11011111 1110101 0111011 0011011 1111011*
L0040824 11011111 1110101 0111011 0011011 1111011*
L0040860 11011111 1110101 0111011 0011011 1111011*
L0040896 11011111 1110101 0111011 0011011 1111011*
L0040932 11011111 1110101 0111011 0111011 1111011*
L0040968 11011111 1110101 0111011 0011011 1111011*
L0041004 11011111 1110101 0111011 0011011 1111011*
L0041040 11011111 1110101 0111011 0111011 1111011*
L0041076 11011111 1110101 0111011 0011011 1111011*
L0041112 11011111 1110101 0111011 0011011 1111011*
L0041148 11011111 1110101 0111011 0011011 1111011*
L0041184 11011111 1110101 0111011 0111011 1111011*
L0041220 11011111 1110101 0111011 0011011 1111011*
L0041256 11011111 1110101 0111011 0111011 1111011*
L0041292 11011111 1111101 0111011 0011011 1111011*
L0041328 11011111 1110101 0111011 1011011 1111011*
L0041364 11111111 1110101 0111011 0011011 1111011*
L0041400 11011111 1110101 0111011 1011011 1111011*
L0041436 11011111 1110101 0111011 0111011 1111011*
L0041472 11111111 1110101 0111011 0011011 1111011*
L0041508 11011111 1110101 0111011 0011011 1111011*
L0041544 11011111 1110101 0111011 0011011 1111011*
L0041580 11011111 1110101 0111011 0011011 1111011*
L0041616 11011111 1110101 0111011 0011011 1111011*
L0041652 11011111 1110101 0111011 0011011 1111011*
L0041688 11011111 1110101 0111011 0011011 1111011*
L0041724 11011111 1110101 0111011 0011011 1111011*
L0041760 11011111 1110101 0111011 0011011 1111011*
L0041796 11011111 1110101 0111011 0011011 1111011*
L0041832 11011111 1110101 0111011 0011011 1111011*
L0041868 11011111 1110101 0111011 0011011 1111011*
L0041904 11011111 1110101 0111011 0111011 1111011*
L0041940 11011111 1110101 0111011 0011011 1111011*
L0041976 11011111 1110101 0111011 0011011 1111011*
L0042012 11011111 1110101 0111011 0011011 1111011*
L0042048 11011111 1110101 0111011 0011011 1111011*
L0042084 11011111 1110101 0111011 0011011 1111011*
L0042120 11011111 1110101 0111011 0011011 1111011*
L0042156 11011111 1110101 0111011 0011011 1111011*
L0042192 11011111 1110101 0111011 0011011 1111011*
L0042228 11011111 1110101 0111011 0011011 1111011*
L0042264 11011111 1110101 0111111 0011011 1111011*
L0042300 11011111 1110101 0111011 0011011 1111011*
L0042336 11011111 1110101 0111011 0011011 1111011*
L0042372 11011111 1110101 0111011 0011011 1111011*
L0042408 11011111 1110101 0111011 0011011 1111011*
L0042444 11011111 1110101 0111011 0011011 1111011*
L0042480 11011111 1110101 0111011 0011011 1111011*
L0042516 11011111 1110101 0111011 0011011 1111011*
L0042552 11011111 1110101 0111011 0111011 1111011*
L0042588 11011111 1110101 0111011 0011011 1111011*
L0042624 11011111 1110101 0111011 0011011 1111011*
L0042660 11011111 1110101 0111011 0011011 1111011*
L0042696 11011111 1110101 0111011 0011011 1111011*
L0042732 11011111 1110101 0111011 0111011 1111011*
L0042768 11011111 1110101 0111011 0011011 1111011*
L0042804 11011111 1110101 0111011 0011011 1111011*
L0042840 11011111 1110101 0111011 0011011 1111011*
L0042876 11011111 1110101 0111011 0011011 1111011*
L0042912 11011111 1110101 0111011 0011011 1111011*
L0042948 11011111 1110101 0111011 0011011 1111011*
L0042984 11011111 1110101 0111011 0011011 1111011*
L0043020 11011111 1110101 0111011 0011011 1111011*
L0043056 11011111 1110101 0111011 0011011 1111011*
L0043092 11011111 1110101 0111011 0011011 1111011*
L0043128 11011111 1111101 0111011 0011011 1111011*
L0043164 11011111 1111101 0111011 0011011 1111011*
L0043200 11011111 1110101 1111011 0011011 1111011*
L0043236 11011111 1110101 0111011 0011011 1111011*
L0043272 11011111 1110101 0111011 0011011 1111011*
L0043308 11011111 1110101 0111011 0011011 1111011*
L0043344 11011111 1110101 0111011 0011011 1111011*
L0043380 11011111 1110101 0111011 0011011 1111011*
L0043416 11011111 1110101 0111011 0011011 1111011*
L0043452 11011111 1110101 0111011 0011011 1111011*
L0043488 11011111 1110101 0111011 0011011 1111011*
L0043524 11011111 1110101 0111011 0011011 1111011*
L0043560 11011111 1110101 0111011 0011011 1111011*
L0043596 11011111 1110101 0111011 0011011 1111011*
L0043632 11011111 1110101 0111011 0011011 1111011*
L0043668 11011111 1110101 0111011 0011011 1111011*
L0043704 11011111 1110101 0111011 0011011 1111011*
L0043740 11011111 1110101 0111011 0011011 1111011*
L0043776 11011111 1110101 0111011 0011011 1111011*
L0043812 11011111 1110101 0111011 0011011 1111011*
L0043848 11111111 1110101 0111011 0011011 1111011*
L0043884 11011111 1110101 0111011 0011011 1111011*
L0043920 11011111 1110101 0111011 0011011 1111011*
L0043956 11111111 1110101 0111011 0011011 1111011*
L0043992 11011111 1110101 0111011 0011011 1111011*
L0044028 11011111 1110101 0111011 0011011 1111011*
L0044064 11011111 1110101 0111011 0011011 1111011*
L0044100 11011111 1110101 0111011 0011011 1111011*
L0044136 11011111 1110101 0111011 0011011 1111011*
L0044172 11011111 1110101 0111011 0011011 1111011*
L0044208 11011111 1110101 0111011 0011011 1111011*
L0044244 11011111 1110101 0111011 0011011 1111011*
L0044280 11011111 1110101 0111011 0011011 1111011*
L0044316 11011111 1110101 0111011 0011011 1111011*
L0044352 11011111 1110101 0111011 0011011 1111011*
L0044388 11011111 1110101 0111011 0011011 1111011*
L0044424 11011111 1110101 0111011 0011011 1111011*
L0044460 11011111 1110101 0111011 0011011 1111011*
L0044496 11011111 1110101 0111011 0011011 1111011*
L0044532 11011111 1110101 0111011 0011011 1111011*
L0044568 11011111 1110101 0111011 0011011 1111011*
L0044604 11011111 1110101 0111011 0011011 1111011*
L0044640 11011111 1110101 0111011 0011011 1111011*
L0044676 11011111 1110101 0111011 0011011 1111011*
L0044712 11011111 1110101 0111011 0011011 1111011*
L0044748 11011111 1110101 0111011 0011011 1111011*
L0044784 11011111 1110101 0111011 0011011 1111011*
L0044820 11011111 1110101 0111011 0011011 1111011*
L0044856 11011111 1110101 0111011 0011011 1111011*
L0044892 11011111 1110101 0111011 0011011 1111011*
L0044928 11011111 1110101 0111011 0011011 1111011*
L0044964 11011111 1110101 0111011 0011011 1111011*
L0045000 11011111 1110101 0111011 0011011 1111011*
L0045036 11011111 1110101 0111011 0011011 1111011*
L0045072 11011111 1110101 0111011 0011011 1111011*
L0045108 11011111 1110101 0111011 0011011 1111011*
L0045144 11011111 1110101 0111011 0011011 1111011*
L0045180 11011111 1110101 0111011 0011011 1111011*
L0045216 11011111 1110101 0111011 0011011 1111011*
L0045252 11011111 1110101 0111011 0011011 1111011*
L0045288 11011111 1110101 0111011 0011011 1111011*
L0045324 11011111 1110101 0111011 0011011 1111011*
L0045360 11011111 1110101 0111011 0011011 1111011*
L0045396 11011111 1110101 0111011 0011011 1111011*
L0045432 11011111 1110101 0111011 0011011 1111011*
L0045468 11011111 1110101 0111011 0011011 1111011*
L0045504 11011111 1110101 0111011 0011011 1111011*
L0045540 11011111 1110101 0111011 0011011 1111011*
L0045576 11011111 1110101 0111011 0011011 1111011*
L0045612 11011111 1110101 0111011 0011011 1111011*
L0045648 11011111 1110101 0111011 0011011 1111011*
L0045684 11011111 1110101 0111011 0011011 1111011*
L0045720 11011111 1110101 0111011 0011011 1111011*
L0045756 11011111 1110101 0111011 0011011 1111011*
L0045792 11011111 1110101 0111011 0011011 1111011*
L0045828 11011111 1110101 0111011 0011011 1111011*
L0045864 11011111 1110101 0111011 0011011 1111011*
L0045900 11011111 1110101 0111011 0011011 1111011*
L0045936 11011111 1110101 0111011 0011011 1111011*
L0045972 11011111 1110101 0111011 0011011 1111111*
L0046008 11011111 1110101 0111011 0111011 1111011*
L0046044 11011111 1110101 0111011 0011011 1111011*
L0046080 11011111 1110101 0111011 0011011 1111011*
L0046116 11011111 1110101 0111011 0011011 1111011*
L0046152 11011111 1110101 0111011 0011011 1111011*
L0046188 11011111 1110101 0111011 0011011 1111011*
L0046224 11011111 1110101 0111011 0011011 1111011*
L0046260 11011111 1110101 0111011 0011011 1111011*
L0046296 11011111 1110101 0111011 0011011 1111011*
L0046332 11011111 1110101 0111011 0011011 1111011*
L0046368 11011111 1110101 0111011 0011011 1111011*
L0046404 11011111 1110101 0111011 0011011 1111011*
L0046440 11011111 1110101 0111011 0011011 1111011*
L0046476 11011111 1110101 0111011 0011011 1111011*
L0046512 11011111 1110101 0111011 0011011 1111011*
L0046548 11011111 1110101 0111011 0011011 1111011*
L0046584 11011111 1110101 0111011 0011011 1111011*
L0046620 11011111 1110101 0111011 0011011 1111011*
L0046656 00000011 00000011 00000011 00000011 00000011*
L0046696 00000011 00000011 00000011 00000011 000000*
L0046734 000000 000000 000000 000000 000000*
L0046764 00000011 01101011 11111011 01101111 01101111*
L0046804 00000111 00010011 00010011 00010011 000100*
L0046842 110110 000011 000001 000001 000001*
L0046872 00000011 00000011 00000011 00000011 00000011*
L0046912 00000011 00001011 01000011 00000011 000000*
L0046950 000000 000000 000000 000000 000000*
L0046980 00000011 00010011 00000011 00000011 00000011*
L0047020 00001011 00000011 00000011 01000011 000000*
L0047058 000000 000000 000000 000000 000000*
L0047088 00000011 00000011 10010011 00000011 00000011*
L0047128 00000111 00000011 00000011 00000011 000000*
L0047166 110100 000000 000000 000000 000000*
L0047196 00010011 00000111 00000111 10010011 10010011*
L0047236 01101011 00001011 00000011 00000011 000000*
L0047274 000000 110000 000000 000000 000000*
L0047304 00000011 00000011 00000011 00000011 00000011*
L0047344 00000011 00000011 00000011 00000011 000000*
L0047382 000000 100000 000000 000000 000000*
L0047412 00000011 00000011 00000011 00000111 00000111*
L0047452 01000111 00000011 00000011 00000011 000000*
L0047490 000010 000010 000000 000000 000000*
L0047520 00000011 00000011 00000011 00000011 00000011*
L0047560 00000011 00000011 00000011 00000011 000000*
L0047598 000000 000000 000000 000000 000000*
L0047628 10000011 00000011 00000011 00000011 00000011*
L0047668 00000011 00000011 00000011 00000011 000000*
L0047706 000000 000000 000000 000000 000000*
L0047736 00000011 00000011 00000111 00000011 00000011*
L0047776 00000011 00000011 10000011 00000011 000000*
L0047814 000000 000000 000000 000000 000000*
L0047844 00000011 00000111 00000011 00000011 00000011*
L0047884 00000011 00000011 00000011 10000011 000000*
L0047922 000000 000000 000000 000000 000000*
L0047952 00000000 00000110 00000111 10010000 10010011*
L0047992 01101011 00001000 00000011 00000010 000000*
L0048030 000000 110000 000000 000000 000000*
L0048060 00010010 00000010 01101000 00000000 00000000*
L0048100 00000000 00000000 00010000 00000010 000000*
L0048138 000010 000000 000001 000000 000000*
L0048168 00010000 00000010 00000011 00000000 01101011*
L0048208 00000011 00000000 00000011 00000010 000100*
L0048246 000000 000010 000000 000000 000001*
L0048276 00000011 00000111 00000101 10010011 10010010*
L0048316 01101000 00001011 00000011 00000011 000000*
L0048354 000000 110000 000000 000000 000000*
L0048384 00000011 00000000 00000000 00000000 00010000*
L0048424 00000000 00000000 00000000 00000000 000000*
L0048462 000000 000000 010000 000000 000000*
L0048492 00000000 00000001 00000000 00010011 00000000*
L0048532 00000000 00000011 00000000 00000001 000000*
L0048570 000000 000000 000000 010000 000000*
L0048600 00000011 00000000 00000000 00000000 00000000*
L0048640 00000000 00000000 00000000 00000000 000000*
L0048678 000000 000000 000000 000000 000000*
L0048708 00000000 00000001 00000000 00000011 00000000*
L0048748 00000000 00000011 11101100 11101101 000000*
L0048786 000000 000000 111110 111110 000000*
L0048816 00000011 00000010 00000011 00010000 00000011*
L0048856 00000011 00000000 00000011 00000010 000000*
L0048894 000000 000000 000000 000000 000000*
L0048924 00000000 01100011 01100011 01100111 01110111*
L0048964 00000111 00000011 00000011 00000011 000000*
L0049002 110010 000010 000000 000000 000000*
L0049032 00000011 00000011 00000011 00000011 00000011*
L0049072 00000011 00000011 00000011 00000011 000000*
L0049110 000000 010000 000000 000000 000000*
L0049140 00000011 01000010 01000011 01000100 01000111*
L0049180 00100111 00000000 00000011 00000011 000000*
L0049218 100010 000010 000000 000000 000000*
L0049248 00000011 00000011 00000011 00000000 10000011*
L0049288 00000011 00000000 00000011 00000010 000000*
L0049326 000000 000000 000000 000000 000000*
L0049356 00000001 00000011 00000011 10000011 00000000*
L0049396 00000011 00000011 00000000 00000011 000000*
L0049434 000000 000000 000000 000000 000000*
L0049464 00000000 00000000 00000000 00000000 00000000*
L0049504 00000000 00000000 00000000 00000000 000000*
L0049542 000000 000000 000000 000000 000000*
L0049572 01101111 00000011 00000011 00000011 00000011*
L0049612 00010011 00000011 00000011 00000011 000000*
L0049650 000001 000000 000000 000000 000000*
L0049680 00010011 00000001 00000000 01101011 00000100*
L0049720 00000000 00000011 00000000 00010001 000000*
L0049758 000000 000000 000000 000001 000000*
L0049788 00000011 00000111 00000111 10010011 10010011*
L0049828 01101011 00001011 00000011 00000011 000000*
L0049866 000000 110000 000000 000000 000000*
L0049896 00000011 00000111 00000011 00000011 00000011*
L0049936 00000011 00000011 00000011 00000011 000000*
L0049974 000000 000000 000000 000000 000000*
L0050004 00000011 00000011 00000111 00000011 00000011*
L0050044 00000011 00000011 00000011 00000011 000000*
L0050082 000000 000000 000000 000000 000000*
L0050112 00000011 00000011 00000011 00000011 00000011*
L0050152 00000011 00000011 00000011 00000011 000000*
L0050190 000000 000000 000000 000000 000000*
L0050220 00000011 00000011 00000011 00000111 00000111*
L0050260 00000111 00000011 00000011 00000011 000000*
L0050298 000010 000010 000000 000000 000000*
L0050328 00000011 00000011 00000011 10000011 00000011*
L0050368 00000011 00000011 00000011 00000011 000000*
L0050406 000000 000000 000000 000000 000000*
L0050436 00000001 01101011 01111011 01101111 11101111*
L0050476 00000111 00010011 00010011 00010011 000100*
L0050514 110110 000010 000000 000000 000000*
L0050544 00000010 00000000 00000000 00000000 00000000*
L0050584 00000000 00000000 00000000 00000000 000000*
L0050622 000000 000000 000000 000000 000000*
L0050652 00000010 00000000 00000000 00000000 00000000*
L0050692 00000000 00000000 00000000 00000000 000000*
L0050730 000000 000000 000000 000000 000000*
L0050760 00010011 10000111 00000111 10010011 10010011*
L0050800 01101011 00001011 00000011 00000011 000000*
L0050838 000000 110000 000000 000000 000000*
L0050868 00000011 01101011 00000011 00000111 00000011*
L0050908 00000011 00010011 00000011 00000011 000000*
L0050946 000000 000001 000000 000000 000000*
L0050976 00000011 00000010 00000011 00000000 00000011*
L0051016 00001011 00000000 00000011 00000010 000000*
L0051054 000000 000000 000000 000000 000000*
L0051084 00000010 01100010 01110011 01100100 01100111*
L0051124 00000111 00011000 00010011 00010010 000100*
L0051162 110010 000010 000000 000000 000000*
L0051192 00000011 00000011 00000011 00000011 00000011*
L0051232 01000011 00000011 00000011 00000011 000000*
L0051270 000000 000000 001000 000000 000000*
L0051300 00000011 00000011 00000011 00000011 00000011*
L0051340 00000011 00000011 00000011 00000011 000000*
L0051378 000000 100000 000000 001000 000000*
L0051408 00000011 00000001 00000000 00000011 00000011*
L0051448 00000001 00000011 00000011 00000011 000000*
L0051486 000000 000000 000000 000000 000000*
L0051516 00000000 00000010 00000011 00000000 00000000*
L0051556 00000010 00000000 00000000 00000000 000000*
L0051594 000000 000000 000000 000000 000000*
L0051624 00000011 00000011 00000011 00000011 00000000*
L0051664 00000010 00000011 00001000 00000001 000000*
L0051702 000000 000000 000000 000000 000000*
L0051732 00000011 00000011 00000011 00000011 00000011*
L0051772 00000011 00000011 00000011 00001011 000000*
L0051810 000000 000000 000000 000000 000000*
L0051840 00000011 10000011 00000011 00000011 00000011*
L0051880 00000011 00000011 00000011 00000011 000000*
L0051918 000000 000000 000000 000000 000000*
L0051948 00000011 00000001 00000000 00000011 00000000*
L0051988 00000000 00000011 00000000 00000001 000000*
L0052026 000000 000000 000000 000000 000000*
L0052056 00000000 00000010 00000000 00000000 00000000*
L0052096 00000000 00000000 00000000 00000010 000000*
L0052134 000000 000000 000000 000000 000000*
L0052164 00000000 00000010 00000001 00000000 00000010*
L0052204 00000000 00000000 00000011 00000010 000000*
L0052242 000000 000000 000000 000000 000000*
L0052272 00000000 00000000 00000000 00000000 00000000*
L0052312 00000000 00000000 00000000 00000000 000000*
L0052350 000000 000000 000000 000000 000000*
L0052380 00000000 00000000 00000000 00000000 00000000*
L0052420 00000000 00000000 00000000 00000000 000000*
L0052458 000000 000000 000000 000000 000000*
L0052488 00000000 00000010 00000011 00000000 00000011*
L0052528 00100011 00000000 00100011 00000010 000000*
L0052566 000000 000000 000000 000000 000000*
L0052596 00000001 00000011 00000011 00000010 00000011*
L0052636 00000011 00000001 00000001 00100001 000000*
L0052674 000000 010000 000000 000000 000000*
L0052704 00000011 00000011 00000001 00000010 00000010*
L0052744 00000010 00000001 00000011 00000011 000000*
L0052782 000000 000000 000000 000000 000000*
L0052812 00000001 00000001 00000011 00000010 00000011*
L0052852 00000011 00000000 00000001 00000011 000000*
L0052890 000000 000000 000000 000000 000000*
L0052920 00000001 00000011 00000001 00000011 00000010*
L0052960 00000011 00000001 00000001 00000011 000000*
L0052998 000000 000000 000100 000000 000000*
L0053028 00000011 00000001 00000011 00000001 00000010*
L0053068 00000011 00000001 00000011 00000011 000000*
L0053106 000000 000000 000000 000100 000000*
L0053136 00000011 00000011 00000001 00000011 00000011*
L0053176 00000010 00000001 00000011 00000011 000000*
L0053214 000000 000000 000000 000000 000000*
L0053244 00000011 00000011 00000011 00000011 00000010*
L0053284 00000011 00000011 00000011 00000001 000000*
L0053322 000000 000000 000000 000000 000000*
L0053352 00000001 00000011 00000011 00000000 00000010*
L0053392 00000011 00000010 00000011 00000011 000000*
L0053430 000000 000000 000010 000000 000000*
L0053460 00000001 00000001 00000011 00000001 00000011*
L0053500 00000011 00000011 00000011 00000011 000000*
L0053538 000000 000000 000000 000010 000000*
L0053568 00000011 00000001 00000001 00000010 00000010*
L0053608 00000010 00000011 00000011 00000011 000000*
L0053646 000000 000000 000000 000000 000000*
L0053676 00000010 00000011 00000011 00000011 00000011*
L0053716 00000011 00000011 00000001 00000011 000000*
L0053754 000000 000000 000000 000000 000000*
L0053784 00000000 00000011 00000011 00000001 00000011*
L0053824 00000010 00000010 00000011 00000011 000000*
L0053862 000000 000000 100000 000000 000000*
L0053892 00000001 00000001 00000011 00000011 00000011*
L0053932 00000011 00000011 00000011 00000011 000000*
L0053970 000000 000000 000000 100000 000000*
L0054000 00000011 00000011 00000011 00000011 00000011*
L0054040 00000011 00000001 00000011 00000011 000000*
L0054078 000000 000000 000000 000000 000000*
L0054108 00000011 10000011 00000011 00000011 00000011*
L0054148 00000011 00000011 00000011 00000011 000000*
L0054186 000000 000000 000000 000000 000000*
L0054216 00000011 00000011 00000011 00000011 00000011*
L0054256 00000011 00000011 00000111 00000011 000000*
L0054294 000000 000000 000000 000000 000000*
L0054324 00000011 00000011 00000011 00000011 00000011*
L0054364 00000011 00000011 00000011 00000111 000000*
L0054402 000000 000000 000000 000000 000000*
L0054432 01111111 1110111 0111111 1101111 0111111*
L0054468 01111111 1110111 0111111 1101111 0111111*
L0054504 01111111 1110111 0111111 1101111 0111111*
L0054540 01111111 1110111 0111111 1101111 0111111*
L0054576 01111111 1110111 0111111 1101111 0111111*
L0054612 01111111 1110111 0111111 1101111 0111111*
L0054648 01111111 1110111 0111111 1101111 0111111*
L0054684 01111111 1110111 0111111 1101111 0111111*
L0054720 01111111 1110111 0111111 1101111 0111111*
L0054756 01111111 1110111 0111111 1101111 0111111*
L0054792 01111111 1110111 0111111 1101111 0111111*
L0054828 01111111 1110111 0111111 1101111 0111111*
L0054864 01111111 1110111 0111111 1101111 0111111*
L0054900 01111111 1110111 0111111 1101111 1111111*
L0054936 01111111 1110111 0111111 1101111 0111111*
L0054972 01111111 1110111 0111111 1101111 0111111*
L0055008 01111111 1110111 0111111 1101111 0111111*
L0055044 01111111 1110111 0111111 1111111 0111111*
L0055080 01111111 1110111 0111111 1101111 0111111*
L0055116 01111111 1110111 0111111 1101111 0111111*
L0055152 01111111 1110111 0111111 1101111 0111111*
L0055188 01111111 1110111 0111111 1101111 0111111*
L0055224 01111111 1110111 0111111 1101111 0111111*
L0055260 01111111 1110111 0111111 1101111 0111111*
L0055296 01111111 1110111 0111111 1101111 0111111*
L0055332 01111111 1110111 0111111 1101111 0111111*
L0055368 01111111 1110111 0111111 1101111 0111111*
L0055404 01111111 1110111 0111111 1101111 0111111*
L0055440 01111111 1110111 0111111 1101111 0111111*
L0055476 01111111 1110111 0111111 1101111 0111111*
L0055512 01111111 1110111 0111111 1101111 0111111*
L0055548 01111111 1110111 0111111 1101111 0111111*
L0055584 01111111 1110111 0111111 1101111 0111111*
L0055620 01111111 1110111 0111111 1101111 0111111*
L0055656 01111111 1110111 0111111 1101111 0111111*
L0055692 01111111 1110111 0111111 1101111 0111111*
L0055728 01111111 1110111 0111111 1101111 0111111*
L0055764 01111111 1110111 0111111 1101111 0111111*
L0055800 01111111 1110111 0111111 1101111 0111111*
L0055836 01111111 1110111 0111111 1101111 0111111*
L0055872 01111111 1110111 0111111 1101111 0111111*
L0055908 01111111 1110111 0111111 1101111 0111111*
L0055944 01111111 1110111 0111111 1101111 0111111*
L0055980 01111111 1110111 0111111 1101111 0111111*
L0056016 01111111 1110111 0111111 1101111 0111111*
L0056052 01111111 1110111 0111111 1101111 0111111*
L0056088 01111111 1110111 0111111 1101111 0111111*
L0056124 01111111 1111111 0111111 1101111 0111111*
L0056160 01111111 1110111 0111111 1101111 0111111*
L0056196 01111111 1110111 0111111 1101111 0111111*
L0056232 01111111 1111111 0111111 1101111 0111111*
L0056268 01111111 1110111 0111111 1101111 0111111*
L0056304 01111111 1110111 0111111 1101111 0111111*
L0056340 01111111 1110111 0111111 1101111 0111111*
L0056376 01111111 1110111 0111111 1101111 0111111*
L0056412 01111111 1110111 0111111 1101111 0111111*
L0056448 01111111 1110111 0111111 1101111 0111111*
L0056484 01111111 1110111 0111111 1101111 0111111*
L0056520 01111111 1110111 1111111 1101111 0111111*
L0056556 01111111 1110111 0111111 1101111 0111111*
L0056592 01111111 1110111 0111111 1101111 0111111*
L0056628 01111111 1110111 0111111 1101111 0111111*
L0056664 01111111 1110111 0111111 1101111 0111111*
L0056700 01111111 1110111 0111111 1101111 0111111*
L0056736 01111111 1110111 0111111 1101111 0111111*
L0056772 01111111 1110111 0111111 1101111 0111111*
L0056808 01111111 1110111 0111111 1101111 0111111*
L0056844 01111111 1110111 1111111 1101111 0111111*
L0056880 01111111 1110111 1111111 1101111 0111111*
L0056916 01111111 1110111 0111111 1101111 0111111*
L0056952 01111111 1110111 1111111 1101111 0111111*
L0056988 01111111 1110111 0111111 1101111 0111111*
L0057024 01111111 1110111 0111111 1101111 0111111*
L0057060 01111111 1110111 0111111 1101111 0111111*
L0057096 01111111 1110111 0111111 1101111 0111111*
L0057132 01111111 1110111 0111111 1101111 0111111*
L0057168 01111111 1110111 0111111 1101111 0111111*
L0057204 01111111 1110111 0111111 1101111 0111111*
L0057240 01111111 1110111 0111111 1101111 0111111*
L0057276 01111111 1110111 0111111 1101111 0111111*
L0057312 01111111 1110111 0111111 1101111 0111111*
L0057348 01111111 1110111 0111111 1101111 0111111*
L0057384 01111111 1110111 0111111 1101111 0111111*
L0057420 01111111 1110111 0111111 1101111 0111111*
L0057456 01111111 1111111 0111111 1101111 0111111*
L0057492 01111111 1110111 0111111 1101111 0111111*
L0057528 01111111 1110111 0111111 1101111 0111111*
L0057564 01111111 1110111 0111111 1101111 0111111*
L0057600 01111111 1110111 0111111 1101111 0111111*
L0057636 01111111 1110111 0111111 1101111 0111111*
L0057672 01111111 1110111 0111111 1101111 0111111*
L0057708 01111111 1110111 0111111 1101111 0111111*
L0057744 01111111 1110111 0111111 1101111 0111111*
L0057780 01111111 1110111 0111111 1101111 0111111*
L0057816 01111111 1110111 0111111 1101111 0111111*
L0057852 01111111 1110111 0111111 1101111 0111111*
L0057888 01111111 1110111 0111111 1101111 0111111*
L0057924 01111111 1110111 0111111 1101111 0111111*
L0057960 01111111 1110111 0111111 1101111 0111111*
L0057996 01111111 1110111 0111111 1101111 0111111*
L0058032 01111111 1110111 0111111 1101111 0111111*
L0058068 01111111 1110111 0111111 1101111 0111111*
L0058104 11111111 1110111 0111111 1101111 0111111*
L0058140 01111111 1110111 0111111 1101111 0111111*
L0058176 01111111 1110111 0111111 1101111 0111111*
L0058212 01111111 1110111 0111111 1101111 0111111*
L0058248 01111111 1110111 0111111 1101111 0111111*
L0058284 01111111 1111111 0111111 1101111 0111111*
L0058320 01111111 1110111 0111111 1101111 0111111*
L0058356 01111111 1110111 0111111 1101111 0111111*
L0058392 01111111 1110111 0111111 1101111 0111111*
L0058428 01111111 1110111 0111111 1101111 0111111*
L0058464 01111111 1110111 0111111 1101111 0111111*
L0058500 01111111 1110111 0111111 1101111 0111111*
L0058536 01111111 1110111 0111111 1101111 0111111*
L0058572 01111111 1110111 0111111 1101111 0111111*
L0058608 01111111 1110111 0111111 1101111 0111111*
L0058644 01111111 1110111 0111111 1101111 0111111*
L0058680 01111111 1110111 1111111 1101111 0111111*
L0058716 01111111 1110111 1111111 1101111 0111111*
L0058752 01111111 1110111 1111111 1101111 0111111*
L0058788 01111111 1110111 0111111 1101111 0111111*
L0058824 01111111 1110111 0111111 1101111 0111111*
L0058860 01111111 1110111 0111111 1101111 0111111*
L0058896 01111111 1110111 0111111 1101111 0111111*
L0058932 01111111 1110111 0111111 1101111 0111111*
L0058968 01111111 1110111 0111111 1101111 0111111*
L0059004 01111111 1110111 0111111 1101111 0111111*
L0059040 01111111 1110111 0111111 1101111 0111111*
L0059076 01111111 1110111 0111111 1101111 0111111*
L0059112 01111111 1110111 0111111 1101111 0111111*
L0059148 01111111 1110111 0111111 1101111 0111111*
L0059184 01111111 1110111 0111111 1101111 0111111*
L0059220 01111111 1110111 0111111 1101111 0111111*
L0059256 01111111 1110111 0111111 1101111 0111111*
L0059292 01111111 1110111 0111111 1101111 0111111*
L0059328 01111111 1110111 0111111 1101111 0111111*
L0059364 01111111 1110111 0111111 1101111 0111111*
L0059400 01111111 1110111 0111111 1101111 0111111*
L0059436 01111111 1110111 0111111 1101111 0111111*
L0059472 01111111 1110111 0111111 1101111 0111111*
L0059508 01111111 1110111 0111111 1101111 0111111*
L0059544 01111111 1110111 0111111 1101111 0111111*
L0059580 01111111 1110111 0111111 1101111 0111111*
L0059616 01111111 1110111 0111111 1101111 0111111*
L0059652 01111111 1110111 0111111 1101111 0111111*
L0059688 01111111 1110111 0111111 1101111 0111111*
L0059724 01111111 1110111 0111111 1101111 0111111*
L0059760 01111111 1110111 0111111 1101111 0111111*
L0059796 01111111 1110111 0111111 1101111 0111111*
L0059832 01111111 1110111 0111111 1101111 0111111*
L0059868 01111111 1110111 0111111 1101111 0111111*
L0059904 01111111 1110111 0111111 1101111 0111111*
L0059940 01111111 1110111 0111111 1101111 0111111*
L0059976 01111111 1110111 0111111 1101111 0111111*
L0060012 01111111 1110111 0111111 1101111 0111111*
L0060048 01111111 1110111 0111111 1101111 1111111*
L0060084 01111111 1110111 0111111 1101111 0111111*
L0060120 01111111 1110111 0111111 1101111 0111111*
L0060156 01111111 1110111 0111111 1101111 0111111*
L0060192 01111111 1110111 0111111 1101111 0111111*
L0060228 01111111 1110111 0111111 1101111 0111111*
L0060264 01111111 1110111 0111111 1101111 0111111*
L0060300 01111111 1110111 0111111 1101111 0111111*
L0060336 01111111 1110111 0111111 1101111 0111111*
L0060372 01111111 1110111 0111111 1101111 0111111*
L0060408 01111111 1110111 0111111 1101111 0111111*
L0060444 01111111 1110111 0111111 1101111 0111111*
L0060480 01111111 1110111 0111111 1101111 0111111*
L0060516 01111111 1110111 0111111 1101111 0111111*
L0060552 01111111 1110111 0111111 1101111 0111111*
L0060588 01111111 1110111 0111111 1101111 0111111*
L0060624 01111111 1110111 0111111 1101111 0111111*
L0060660 01111111 1110111 0111111 1101111 0111111*
L0060696 01111111 1110111 0111111 1101111 0111111*
L0060732 01111111 1110111 0111111 1101111 0111111*
L0060768 01111111 1110111 0111111 1101111 0111111*
L0060804 01111111 1110111 0111111 1101111 0111111*
L0060840 01111111 1110111 0111111 1101111 0111111*
L0060876 01111111 1110111 0111111 1101111 0111111*
L0060912 01111111 1110111 0111111 1101111 0111111*
L0060948 01111111 1110111 0111111 1101111 0111111*
L0060984 01111111 1110111 0111111 1101111 0111111*
L0061020 01111111 1110111 0111111 1101111 0111111*
L0061056 01111111 1110111 0111111 1101111 0111111*
L0061092 01111111 1110111 0111111 1101111 0111111*
L0061128 01111111 1110111 0111111 1101111 0111111*
L0061164 01111111 1110111 0111111 1101111 0111111*
L0061200 01111111 1110111 0111111 1101111 0111111*
L0061236 01111111 1110111 0111111 1101111 0111111*
L0061272 01111111 1110111 0111111 1101111 0111111*
L0061308 01111111 1110111 0111111 1101111 0111111*
L0061344 01111111 1110111 0111111 1101111 0111111*
L0061380 01111111 1110111 0111111 1101111 0111111*
L0061416 01111111 1110111 0111111 1101111 0111111*
L0061452 01111111 1110111 0111111 1101111 0111111*
L0061488 01111111 1110111 0111111 1101111 0111111*
L0061524 01111111 1110111 0111111 1101111 0111111*
L0061560 01111111 1111111 0111111 1101111 0111111*
L0061596 01111111 1110111 0111111 1101111 0111111*
L0061632 01111111 1110111 0111111 1101111 0111111*
L0061668 01111111 1110111 0111111 1101111 0111111*
L0061704 01111111 1110111 0111111 1101111 0111111*
L0061740 01111111 1110111 0111111 1101111 0111111*
L0061776 01111111 1110111 0111111 1101111 0111111*
L0061812 01111111 1110111 0111111 1101111 0111111*
L0061848 01111111 1110111 0111111 1101111 0111111*
L0061884 01111111 1110111 0111111 1101111 0111111*
L0061920 01111111 1110111 0111111 1101111 0111111*
L0061956 01111111 1110111 0111111 1101111 0111111*
L0061992 01111111 1110111 0111111 1101111 0111111*
L0062028 01111111 1110111 0111111 1101111 0111111*
L0062064 01111111 1110111 0111111 1101111 0111111*
L0062100 01111111 1110111 0111111 1101111 0111111*
L0062136 01111111 1110111 0111111 1101111 0111111*
L0062172 01111111 1110111 0111111 1101111 0111111*
L0062208 00000011 00000011 00000011 00000011 00000011*
L0062248 00000011 10000011 00000011 00000011 000000*
L0062286 000000 000000 000000 000000 000000*
L0062316 00000011 00000111 00000111 00000111 00000111*
L0062356 00000011 00000011 10000011 00000011 000000*
L0062394 000010 000000 000010 000010 000000*
L0062424 00000011 00000011 00000011 00000011 00000011*
L0062464 00000011 00000111 00000011 00000011 000000*
L0062502 000000 000000 000000 000000 000000*
L0062532 00000011 00000011 00000011 00000011 00000011*
L0062572 00000011 00000011 00000011 00000011 000000*
L0062610 000000 000000 000000 000000 000010*
L0062640 00000011 00000011 00000011 00000011 00000011*
L0062680 00000011 00000011 00000011 00000011 000000*
L0062718 000000 000000 010000 000000 000000*
L0062748 00000011 00000011 00000011 00000011 00000011*
L0062788 00000011 00000011 00000011 00000011 000000*
L0062826 000000 000000 000000 010000 000000*
L0062856 00000011 00000011 00000011 00000011 00000011*
L0062896 00000011 00000011 00000011 00001011 000000*
L0062934 000000 000000 000000 000000 000000*
L0062964 00000011 01010011 00000011 00000011 00000011*
L0063004 00000011 00000011 00001011 00000011 000000*
L0063042 000000 000001 000000 000000 000000*
L0063072 00000011 00000011 00000011 00000011 00000011*
L0063112 00000011 00000011 00000011 00000011 000000*
L0063150 000000 000000 000000 000000 000000*
L0063180 10001111 00000011 00000011 00000011 00000011*
L0063220 00000011 00000011 00000011 00000011 000000*
L0063258 000000 000000 000000 000000 000000*
L0063288 00000011 00000011 00000011 00000011 00000011*
L0063328 00000011 00000011 00000011 00000011 000000*
L0063366 000000 000000 000000 000000 000000*
L0063396 00000011 10001111 10001111 10001111 10001111*
L0063436 00000011 00000011 00000011 00000011 000000*
L0063474 000010 000100 000111 000111 000001*
L0063504 00000000 00000000 00000010 00000000 00000010*
L0063544 00000011 00000000 00000010 00000000 000000*
L0063582 000000 000000 000000 000000 000000*
L0063612 00000000 10000111 10000111 10000100 10000110*
L0063652 00000010 00000000 00000011 00000010 000000*
L0063690 000010 000000 000011 000011 000001*
L0063720 00110000 00000011 00000011 00000000 00000010*
L0063760 00000010 10000100 10001011 00001010 000000*
L0063798 000000 000000 000000 000000 000010*
L0063828 01000011 00000001 00000010 10001111 00000011*
L0063868 00001010 00000011 00000010 00000011 000000*
L0063906 000001 000000 000000 000000 000000*
L0063936 00000001 00000011 00000001 00000010 00000001*
L0063976 00010001 00000010 00000001 00000011 000000*
L0064014 000000 000000 000000 000000 000000*
L0064044 00000011 00000001 00000000 00000011 00000000*
L0064084 00000000 00000011 00000001 00000010 000000*
L0064122 000000 000000 000000 000000 000000*
L0064152 00000001 00000011 00000001 00000010 00000001*
L0064192 00000001 00000010 00000001 00000011 000000*
L0064230 001000 000000 000000 000000 000000*
L0064260 00000011 00000011 00000000 00000011 00000000*
L0064300 00000000 00000011 00000001 00000010 000000*
L0064338 000000 000000 000000 000000 000000*
L0064368 00000001 00000011 00000011 00000010 00000011*
L0064408 10010011 00000010 00000011 00000011 000000*
L0064446 001000 000000 000110 000001 000000*
L0064476 01110011 00000011 00000011 00000011 00000011*
L0064516 00001010 10000111 10001011 00001010 000000*
L0064554 000001 000000 000000 000000 000010*
L0064584 01110011 00000000 00000011 00000011 00000011*
L0064624 10011011 10000111 10001011 00001001 000000*
L0064662 001001 000000 000000 000000 000010*
L0064692 00000001 10001111 00000011 00000010 00000011*
L0064732 00000111 00000010 00000011 00000011 000000*
L0064770 000000 000000 000000 000000 000000*
L0064800 00000001 00000011 00000011 00000010 00000011*
L0064840 00000011 00000010 00000011 00000011 000000*
L0064878 000000 000000 100000 000000 000000*
L0064908 00000011 00000001 00000011 00000011 00000010*
L0064948 00000011 00000011 00000010 00000011 000000*
L0064986 000000 000000 000000 100000 000000*
L0065016 00000000 00000000 00000000 00000000 00000000*
L0065056 00000000 00000000 00100000 00000000 000000*
L0065094 000000 000000 000000 000000 000000*
L0065124 00000011 00000011 00000011 00000011 00000011*
L0065164 00000010 00000011 00000011 00100011 000000*
L0065202 000000 000000 000000 000000 000000*
L0065232 00000011 00000000 00000000 00000011 00000000*
L0065272 00000001 00000011 00000000 00000001 000000*
L0065310 000100 000000 000000 000000 000000*
L0065340 00000011 00000011 00000011 00000011 00000011*
L0065380 00000011 00000011 00000011 00000011 000000*
L0065418 000000 000000 000000 000000 000000*
L0065448 01110011 00000011 00000011 00000011 10001111*
L0065488 00001011 00000011 00000011 00000011 000000*
L0065526 000001 000000 000000 000000 000000*
L0065556 00000011 00000011 00000011 00000011 00000011*
L0065596 00000011 10000111 10001011 00001011 000000*
L0065634 000000 000000 000000 000000 000010*
L0065664 00000011 00000011 00000011 00000011 00000011*
L0065704 00000011 00000011 00000011 00000011 000000*
L0065742 000000 000000 000000 000000 000010*
L0065772 00000011 00000011 00000011 00000011 00000011*
L0065812 00000011 00000111 00000011 00000011 000000*
L0065850 000000 000000 000000 000000 000000*
L0065880 00000011 00000011 00000011 00000011 00000011*
L0065920 00000011 00000011 00000011 00000011 000000*
L0065958 000000 000000 000000 000110 000001*
L0065988 01110011 00000000 00000010 00000011 00000011*
L0066028 00001010 10000111 10001010 00001001 000000*
L0066066 000001 000000 000000 000000 000010*
L0066096 00000000 00000011 00000001 00000000 00000000*
L0066136 00000001 00000000 00000001 00000010 000000*
L0066174 000000 000000 000000 000000 000000*
L0066204 00000000 00000011 00000001 00000000 00000000*
L0066244 00000001 00000000 00000001 00000010 000000*
L0066282 000000 000010 000000 000000 000000*
L0066312 01000011 00000011 10001111 00000011 00000011*
L0066352 00001011 00000011 00000011 00000011 000000*
L0066390 000000 000000 000000 000000 000000*
L0066420 00110011 00000011 00000011 00000011 00000011*
L0066460 00000011 10000111 10001011 00001011 000000*
L0066498 000001 000000 000000 000000 000010*
L0066528 00000001 00000011 00000011 00000010 00000011*
L0066568 00000011 00000010 00001011 00000011 000000*
L0066606 000000 000000 000000 000000 000000*
L0066636 00000001 10000111 10000111 10000100 10000110*
L0066676 00000011 00000010 00000011 00001011 000000*
L0066714 000010 000000 000011 000011 000001*
L0066744 00000010 00000011 00000011 00000011 00000011*
L0066784 00000011 00000001 00000011 00000010 000000*
L0066822 000000 000000 000000 000000 000000*
L0066852 00000011 00000111 00000111 00000111 00000111*
L0066892 00000011 00000011 00000011 00000011 000000*
L0066930 000010 000000 000010 000010 000000*
L0066960 00000011 00000000 00000000 00000011 00000000*
L0067000 00000000 00000011 00000000 00000001 000000*
L0067038 000000 000000 000000 000000 000000*
L0067068 00000000 00000011 00000011 00000000 00000011*
L0067108 00000011 00000000 00000011 00000010 000000*
L0067146 000000 000000 000000 000000 000000*
L0067176 00000011 00000011 00000011 00000011 00000011*
L0067216 00000011 00000011 00000011 00000011 000000*
L0067254 000000 000000 000000 000000 000000*
L0067284 00000011 00000011 00000011 00000011 00000011*
L0067324 00000011 00000011 00000011 00000011 000000*
L0067362 000000 000000 000000 000000 000000*
L0067392 00000011 00000011 00000011 00000011 00000011*
L0067432 00000011 00000011 01000011 00000011 000000*
L0067470 000000 000000 000000 000000 000000*
L0067500 00000011 00000000 00000000 00000011 00000000*
L0067540 00000000 00000011 00000000 01000001 000000*
L0067578 000000 000000 000000 000000 000000*
L0067608 00000000 00000000 00000010 00000000 00000010*
L0067648 00000010 00000000 10000010 00000000 000000*
L0067686 000000 000000 000000 000000 000000*
L0067716 00000000 00000001 00000010 00000000 00000010*
L0067756 00000010 10000000 00000010 00000010 000000*
L0067794 000000 000000 000000 000000 000000*
L0067824 00000001 00000001 00000000 00000010 00000000*
L0067864 00000000 00000010 00000001 00000010 000000*
L0067902 000000 000000 000000 000000 000000*
L0067932 00000001 00000011 00000000 00000010 00000000*
L0067972 00000000 00000010 00000001 00000010 000000*
L0068010 000000 000000 000000 000000 000000*
L0068040 01000001 00000011 00000011 00000010 00000011*
L0068080 00001010 10000110 10001011 00001010 000000*
L0068118 000000 000000 000000 000000 000010*
L0068148 00110010 00000001 00000011 00000010 00000011*
L0068188 00000011 00000010 00000011 00000001 000000*
L0068226 000011 000100 000001 000000 000000*
L0068256 00000011 00000001 00000001 00000000 00000011*
L0068296 00000011 00000001 00000011 00000011 000000*
L0068334 000000 000000 000000 000000 000000*
L0068364 00000001 00000011 00000011 00000011 00000010*
L0068404 00000011 00000010 00000001 00000001 000000*
L0068442 000000 000000 000000 000000 000000*
L0068472 00000001 00000011 00000001 00000000 00000010*
L0068512 00000010 00000001 00000011 00000011 000000*
L0068550 000000 000000 000000 000000 000000*
L0068580 00000000 00000001 00000001 00000000 00000011*
L0068620 00000011 00000010 00000001 00000011 000000*
L0068658 000000 000000 000000 000000 000000*
L0068688 00000011 00000011 00000001 00000000 00000011*
L0068728 00000011 00000011 00000001 00000011 000000*
L0068766 000000 000000 000000 000000 000000*
L0068796 00000001 00000011 00000011 00000011 00000010*
L0068836 00000011 00000001 01100001 01100011 000000*
L0068874 000100 000000 110000 110000 000000*
L0068904 00000001 00000011 00000011 00000011 00000011*
L0068944 00000011 00000011 00000011 00000011 000000*
L0068982 000000 000000 000000 000000 000000*
L0069012 00000000 00000001 00000011 00000011 00000011*
L0069052 00000011 00000011 00000001 00000011 000000*
L0069090 000000 000000 000000 000000 000000*
L0069120 00000011 00000001 00000011 00000001 00000011*
L0069160 00000011 00000011 00000011 00000011 000000*
L0069198 000000 000000 000000 000000 000000*
L0069228 00000001 00000001 00000011 00000011 00000011*
L0069268 00000011 00000011 00000011 00000011 000000*
L0069306 000000 000000 000000 000000 000000*
L0069336 00000001 00000011 00000011 00000001 00000010*
L0069376 00000011 00000010 00000011 00000011 000000*
L0069414 000000 000000 000000 000000 000000*
L0069444 00000001 00100001 00000011 00000011 00000011*
L0069484 00000011 00001011 00000011 00000011 000000*
L0069522 000000 000000 000000 000000 000000*
L0069552 00000011 00000011 00000011 00000011 00000011*
L0069592 00000011 00000001 00000011 00000011 000000*
L0069630 000000 000000 000000 000000 000000*
L0069660 00000011 00000011 00000011 00000011 00000011*
L0069700 00000011 00000011 00000011 00000011 000000*
L0069738 000000 000000 000000 000000 000000*
L0069768 00000011 00000011 00000011 00000011 00000011*
L0069808 10000011 00000011 00000011 00000011 000000*
L0069846 000000 000000 000000 000000 000000*
L0069876 00000011 00000011 00000011 00000011 00000011*
L0069916 00000011 00000011 00000011 00000011 000000*
L0069954 000000 000000 000000 000000 000000*
L0069984 10011111 1011011 1110111 1110111 0111111*
L0070020 10011111 1011011 1110111 1110111 0111111*
L0070056 10011111 1011011 1110111 1110111 0111111*
L0070092 10011111 1011011 1110111 1110111 0111111*
L0070128 10011111 1011011 1110111 1110111 0111111*
L0070164 10011111 1011011 1110111 1110111 0111111*
L0070200 10011111 1011011 1110111 1110111 0111111*
L0070236 10011111 1011011 1110111 1110111 0111111*
L0070272 10011111 1011011 1110111 1110111 0111111*
L0070308 10011111 1011011 1110111 1110111 0111111*
L0070344 10011111 1011011 1110111 1110111 0111111*
L0070380 10011111 1011011 1110111 1110111 0111111*
L0070416 10011111 1011011 1110111 1110111 0111111*
L0070452 10011111 1011011 1110111 1110111 0111111*
L0070488 10011111 1011011 1110111 1110111 0111111*
L0070524 10011111 1011011 1110111 1110111 0111111*
L0070560 10011111 1011011 1110111 1110111 0111111*
L0070596 10011111 1011011 1110111 1110111 1111111*
L0070632 10011111 1011011 1110111 1110111 0111111*
L0070668 10011111 1011011 1110111 1110111 0111111*
L0070704 10011111 1011011 1110111 1110111 0111111*
L0070740 10011111 1011011 1110111 1110111 0111111*
L0070776 10011111 1011011 1110111 1110111 0111111*
L0070812 10011111 1011011 1110111 1110111 0111111*
L0070848 10011111 1011011 1110111 1110111 0111111*
L0070884 10011111 1011011 1110111 1110111 0111111*
L0070920 10011111 1011011 1110111 1110111 0111111*
L0070956 10011111 1011011 1110111 1110111 0111111*
L0070992 10011111 1011011 1110111 1110111 0111111*
L0071028 10011111 1011011 1110111 1110111 0111111*
L0071064 10011111 1011011 1110111 1110111 0111111*
L0071100 10011111 1011011 1110111 1110111 0111111*
L0071136 10011111 1011011 1110111 1110111 0111111*
L0071172 10011111 1011011 1110111 1110111 0111111*
L0071208 10011111 1011011 1110111 1110111 0111111*
L0071244 10011111 1011011 1110111 1110111 0111111*
L0071280 10011111 1011011 1110111 1110111 0111111*
L0071316 10011111 1011011 1110111 1110111 0111111*
L0071352 10011111 1011011 1110111 1110111 0111111*
L0071388 10011111 1011011 1110111 1110111 0111111*
L0071424 10011111 1011011 1110111 1110111 0111111*
L0071460 10011111 1011011 1110111 1110111 0111111*
L0071496 10011111 1011011 1110111 1110111 0111111*
L0071532 10011111 1011011 1110111 1110111 0111111*
L0071568 10011111 1011011 1110111 1110111 0111111*
L0071604 10011111 1011011 1110111 1110111 0111111*
L0071640 10011111 1011011 1110111 1110111 0111111*
L0071676 10011111 1111011 1110111 1110111 0111111*
L0071712 10011111 1011011 1110111 1110111 0111111*
L0071748 10011111 1011011 1110111 1110111 0111111*
L0071784 10011111 1111011 1110111 1110111 0111111*
L0071820 10011111 1011011 1110111 1110111 0111111*
L0071856 10011111 1011011 1110111 1110111 0111111*
L0071892 10011111 1011111 1110111 1110111 0111111*
L0071928 10011111 1011011 1110111 1110111 0111111*
L0071964 10011111 1011011 1110111 1110111 0111111*
L0072000 10011111 1011011 1110111 1110111 0111111*
L0072036 11011111 1011011 1110111 1110111 0111111*
L0072072 10011111 1011011 1110111 1110111 0111111*
L0072108 10011111 1011011 1110111 1110111 0111111*
L0072144 11011111 1011011 1110111 1110111 0111111*
L0072180 10011111 1011011 1110111 1110111 0111111*
L0072216 10011111 1011011 1110111 1110111 0111111*
L0072252 10011111 1011011 1110111 1110111 0111111*
L0072288 11011111 1011011 1110111 1110111 0111111*
L0072324 10011111 1011011 1110111 1110111 0111111*
L0072360 11011111 1011011 1110111 1110111 0111111*
L0072396 10111111 1011011 1110111 1110111 0111111*
L0072432 10011111 1011011 1111111 1110111 0111111*
L0072468 10011111 1111011 1110111 1110111 0111111*
L0072504 10011111 1011011 1111111 1110111 0111111*
L0072540 11011111 1011011 1110111 1110111 0111111*
L0072576 10011111 1011011 1110111 1110111 0111111*
L0072612 10011111 1011011 1110111 1110111 0111111*
L0072648 10011111 1011011 1110111 1110111 0111111*
L0072684 10011111 1011011 1110111 1110111 0111111*
L0072720 10011111 1011011 1110111 1110111 0111111*
L0072756 10011111 1011011 1110111 1110111 0111111*
L0072792 10011111 1011011 1110111 1110111 0111111*
L0072828 10011111 1011011 1110111 1110111 0111111*
L0072864 10011111 1011011 1110111 1110111 0111111*
L0072900 10011111 1011011 1110111 1110111 0111111*
L0072936 10011111 1011011 1110111 1110111 0111111*
L0072972 10011111 1011011 1110111 1110111 0111111*
L0073008 10011111 1011011 1110111 1110111 0111111*
L0073044 10011111 1011011 1110111 1110111 0111111*
L0073080 10011111 1011011 1110111 1110111 0111111*
L0073116 10011111 1011011 1110111 1110111 0111111*
L0073152 10011111 1011011 1110111 1110111 0111111*
L0073188 10011111 1011011 1110111 1110111 0111111*
L0073224 10011111 1011011 1110111 1111111 0111111*
L0073260 10011111 1011011 1110111 1110111 0111111*
L0073296 10011111 1011011 1110111 1110111 0111111*
L0073332 10011111 1011011 1110111 1110111 0111111*
L0073368 10011111 1011011 1110111 1110111 0111111*
L0073404 10011111 1011011 1110111 1110111 0111111*
L0073440 10011111 1011011 1110111 1110111 0111111*
L0073476 10011111 1011011 1110111 1110111 0111111*
L0073512 10011111 1011011 1110111 1110111 0111111*
L0073548 10011111 1011011 1110111 1110111 0111111*
L0073584 10011111 1011011 1110111 1110111 0111111*
L0073620 10011111 1011011 1110111 1110111 0111111*
L0073656 11011111 1011011 1110111 1110111 0111111*
L0073692 10011111 1011011 1110111 1110111 0111111*
L0073728 10011111 1011011 1110111 1110111 0111111*
L0073764 10011111 1011011 1110111 1110111 0111111*
L0073800 10011111 1011011 1110111 1110111 0111111*
L0073836 10011111 1111011 1110111 1110111 0111111*
L0073872 10011111 1011011 1110111 1110111 0111111*
L0073908 10011111 1011011 1110111 1110111 0111111*
L0073944 10011111 1011011 1110111 1110111 0111111*
L0073980 10011111 1011011 1110111 1110111 0111111*
L0074016 10011111 1011011 1110111 1110111 0111111*
L0074052 10011111 1011011 1110111 1110111 0111111*
L0074088 10011111 1011011 1110111 1110111 0111111*
L0074124 10011111 1011011 1110111 1110111 0111111*
L0074160 10011111 1011011 1110111 1110111 0111111*
L0074196 10011111 1011011 1110111 1110111 0111111*
L0074232 10111111 1011011 1110111 1110111 0111111*
L0074268 10111111 1011011 1110111 1110111 0111111*
L0074304 10011111 1011011 1111111 1110111 0111111*
L0074340 10011111 1011011 1110111 1110111 0111111*
L0074376 10011111 1011011 1110111 1110111 0111111*
L0074412 10011111 1011011 1110111 1110111 0111111*
L0074448 10011111 1011011 1110111 1110111 0111111*
L0074484 10011111 1011011 1110111 1110111 0111111*
L0074520 10011111 1011011 1110111 1110111 0111111*
L0074556 10011111 1011011 1110111 1110111 0111111*
L0074592 10011111 1011011 1110111 1110111 0111111*
L0074628 10011111 1011011 1110111 1110111 0111111*
L0074664 10011111 1011011 1110111 1110111 0111111*
L0074700 10011111 1011011 1110111 1110111 0111111*
L0074736 10011111 1011011 1110111 1110111 0111111*
L0074772 10011111 1011011 1110111 1110111 0111111*
L0074808 10011111 1011011 1110111 1110111 0111111*
L0074844 10011111 1011011 1110111 1110111 0111111*
L0074880 10011111 1011011 1110111 1110111 0111111*
L0074916 10011111 1011011 1110111 1110111 0111111*
L0074952 10011111 1011111 1110111 1110111 0111111*
L0074988 10011111 1011011 1110111 1110111 0111111*
L0075024 10011111 1011011 1110111 1110111 0111111*
L0075060 10011111 1011111 1110111 1110111 0111111*
L0075096 10011111 1011011 1110111 1110111 0111111*
L0075132 10011111 1011011 1110111 1110111 0111111*
L0075168 10011111 1011011 1110111 1110111 0111111*
L0075204 10011111 1011011 1110111 1110111 0111111*
L0075240 10011111 1011011 1110111 1110111 0111111*
L0075276 10011111 1011011 1110111 1110111 0111111*
L0075312 10011111 1011011 1110111 1110111 0111111*
L0075348 10011111 1011011 1110111 1110111 0111111*
L0075384 10011111 1011011 1110111 1110111 0111111*
L0075420 10011111 1011011 1110111 1110111 0111111*
L0075456 10011111 1011011 1110111 1110111 0111111*
L0075492 10011111 1011011 1110111 1110111 0111111*
L0075528 10011111 1011011 1110111 1110111 0111111*
L0075564 10011111 1011011 1110111 1110111 0111111*
L0075600 10011111 1011011 1110111 1110111 0111111*
L0075636 10011111 1011011 1110111 1110111 0111111*
L0075672 10011111 1011011 1110111 1110111 0111111*
L0075708 10011111 1011011 1110111 1110111 0111111*
L0075744 10011111 1011011 1110111 1110111 0111111*
L0075780 10011111 1011011 1110111 1110111 0111111*
L0075816 10011111 1011011 1110111 1110111 0111111*
L0075852 10011111 1011011 1110111 1110111 0111111*
L0075888 10011111 1011011 1110111 1110111 0111111*
L0075924 10011111 1011011 1110111 1110111 0111111*
L0075960 10011111 1011011 1110111 1110111 0111111*
L0075996 10011111 1011011 1110111 1110111 0111111*
L0076032 10011111 1011011 1110111 1110111 0111111*
L0076068 10011111 1011011 1110111 1110111 0111111*
L0076104 10011111 1011011 1110111 1110111 0111111*
L0076140 10011111 1011011 1110111 1110111 0111111*
L0076176 10011111 1011011 1110111 1110111 0111111*
L0076212 10011111 1011011 1110111 1110111 0111111*
L0076248 10011111 1011011 1110111 1110111 0111111*
L0076284 10011111 1011011 1110111 1110111 0111111*
L0076320 10011111 1011011 1110111 1110111 0111111*
L0076356 10011111 1011011 1110111 1110111 0111111*
L0076392 10011111 1011011 1110111 1110111 0111111*
L0076428 10011111 1011011 1110111 1110111 0111111*
L0076464 10011111 1011011 1110111 1110111 0111111*
L0076500 10011111 1011011 1110111 1110111 0111111*
L0076536 10011111 1011011 1110111 1110111 0111111*
L0076572 10011111 1011011 1110111 1110111 0111111*
L0076608 10011111 1011011 1110111 1110111 0111111*
L0076644 10011111 1011011 1110111 1110111 0111111*
L0076680 10011111 1011011 1110111 1110111 0111111*
L0076716 10011111 1011011 1110111 1110111 0111111*
L0076752 10011111 1011011 1110111 1110111 0111111*
L0076788 10011111 1011011 1110111 1110111 0111111*
L0076824 10011111 1011011 1110111 1110111 0111111*
L0076860 10011111 1011011 1110111 1110111 0111111*
L0076896 10011111 1011011 1110111 1110111 0111111*
L0076932 10011111 1011011 1110111 1110111 0111111*
L0076968 10011111 1011011 1110111 1110111 0111111*
L0077004 10011111 1011011 1110111 1110111 0111111*
L0077040 10011111 1011011 1110111 1110111 0111111*
L0077076 10011111 1011011 1110111 1110111 0111111*
L0077112 10011111 1111011 1110111 1110111 0111111*
L0077148 10011111 1011011 1110111 1110111 0111111*
L0077184 10011111 1011011 1110111 1110111 0111111*
L0077220 10011111 1011011 1110111 1110111 0111111*
L0077256 10011111 1011011 1110111 1110111 0111111*
L0077292 10011111 1011011 1110111 1110111 0111111*
L0077328 10011111 1011011 1110111 1110111 0111111*
L0077364 10011111 1011011 1110111 1110111 0111111*
L0077400 10011111 1011011 1110111 1110111 0111111*
L0077436 10011111 1011011 1110111 1110111 0111111*
L0077472 10011111 1011011 1110111 1110111 0111111*
L0077508 10011111 1011011 1110111 1110111 0111111*
L0077544 10011111 1011011 1110111 1110111 0111111*
L0077580 10011111 1011011 1110111 1110111 0111111*
L0077616 10011111 1011011 1110111 1110111 0111111*
L0077652 10011111 1011011 1110111 1110111 0111111*
L0077688 10011111 1011011 1110111 1110111 0111111*
L0077724 10011111 1011011 1110111 1110111 0111111*
L0077760 00000011 00000011 00000011 00000011 00000011*
L0077800 00000011 00000011 00100011 00000011 000000*
L0077838 000000 000000 000000 000000 000000*
L0077868 00000011 00000011 00000011 00000011 00000011*
L0077908 00000011 00000011 00000011 00100011 000000*
L0077946 000000 000000 000000 000000 000000*
L0077976 00000011 00000011 00000011 00000011 00000011*
L0078016 00000011 00000011 00010011 00000011 000000*
L0078054 000000 000000 000000 000000 000000*
L0078084 00000011 11000011 00000011 00000011 00000011*
L0078124 00000011 00000011 00000011 00010011 000000*
L0078162 000000 000000 000000 000000 000000*
L0078192 00000011 00000011 00000011 00000011 00000011*
L0078232 00000011 00000111 00000011 00000011 000000*
L0078270 000000 000000 000000 000000 000000*
L0078300 11111111 00000011 10000011 10000011 00000011*
L0078340 00000011 00000011 00000011 00000011 000000*
L0078378 000000 000000 000000 000000 000000*
L0078408 00000011 00000011 00000011 00000011 00000011*
L0078448 00000011 10000011 00000011 00000011 000000*
L0078486 000000 000000 000000 000000 000000*
L0078516 00000011 00000011 00000011 00000011 00000011*
L0078556 00000011 00000011 00000011 00000011 000000*
L0078594 100000 000000 000000 000000 000000*
L0078624 00000011 00000011 00000011 00000011 00000011*
L0078664 00000011 10000011 00000011 00000011 000000*
L0078702 000000 000000 000000 000000 000000*
L0078732 00000011 00000011 00000011 00000011 00000011*
L0078772 00000011 00000011 00000011 00000011 000000*
L0078810 000000 000000 000000 000000 000000*
L0078840 00000011 00000011 00000011 00000011 00000011*
L0078880 00000011 00000011 00000011 00000011 000000*
L0078918 000000 000000 000000 000000 000000*
L0078948 00000011 00000011 00000011 00000111 00000011*
L0078988 00000011 00000011 00000011 00000011 000000*
L0079026 000000 000000 000000 000000 000000*
L0079056 00000000 00000001 00000001 00000000 00000011*
L0079096 00000011 00000000 00000011 00000010 000000*
L0079134 000000 000000 000000 000000 000000*
L0079164 00000000 00000001 00000001 00000000 00000011*
L0079204 10000011 00000000 00000010 00000010 000000*
L0079242 000000 000000 000000 000000 000000*
L0079272 11111100 00000001 00000001 00000000 00000011*
L0079312 00000011 00000000 00000011 00000010 000000*
L0079350 000000 000000 000000 000000 000001*
L0079380 00000011 00000011 10000011 10000011 00000011*
L0079420 00000011 00000011 00000010 00000011 000000*
L0079458 000000 000000 000000 000000 000000*
L0079488 00000011 00000010 00000010 00000011 00000000*
L0079528 00000000 00000011 00000000 00000000 000000*
L0079566 000000 000000 000000 000000 000000*
L0079596 00000001 00000010 00000010 00000111 00000000*
L0079636 00000000 00000011 00000000 00000001 000000*
L0079674 000000 000000 000000 000000 000000*
L0079704 00000011 00000010 00000010 00000011 00000000*
L0079744 00000000 00000010 00000000 00000000 000000*
L0079782 000000 000000 000000 000000 000000*
L0079812 00000001 00000010 00000010 00000011 00000000*
L0079852 00000000 00000010 01111100 01111101 000000*
L0079890 000000 000000 011110 011110 000000*
L0079920 00000011 00000011 00000011 00000011 00000011*
L0079960 00000011 00000011 00000011 00000010 000000*
L0079998 000000 000000 000000 000000 000000*
L0080028 00000011 00000011 00000011 00000011 00000011*
L0080068 00000111 00000111 00000011 00000011 000000*
L0080106 000000 000001 000001 000001 000001*
L0080136 00000011 00000011 00000011 00000011 00000011*
L0080176 00000011 00000011 00000011 00000011 000000*
L0080214 000000 000000 000000 000000 000000*
L0080244 00000011 00000011 00000011 00000011 00000011*
L0080284 00000011 00000011 00000011 00000010 000000*
L0080322 000001 000000 000000 000000 000000*
L0080352 00000011 00000011 00000011 00000011 00000011*
L0080392 00000011 00000011 00000011 00000010 000000*
L0080430 000000 000000 000000 000000 000000*
L0080460 00000001 00000011 00000011 00000011 00000011*
L0080500 00000011 00000011 00000011 00000011 000000*
L0080538 000000 100000 000000 000000 000000*
L0080568 01110100 00000000 10000000 10000000 00000000*
L0080608 00000000 00000000 00000000 00000000 000000*
L0080646 000000 000000 000000 000000 000000*
L0080676 10001011 00000011 00000011 00000011 00000011*
L0080716 00000011 00000011 00000011 00000011 000000*
L0080754 000000 000000 000000 000001 000000*
L0080784 00000011 00000000 00000000 00000011 00000000*
L0080824 00000000 00000011 00000000 00000001 000000*
L0080862 000000 000000 000000 000000 000000*
L0080892 00000011 00000011 00000011 00000011 00000011*
L0080932 00000011 00000011 00000011 00000011 000000*
L0080970 000000 000000 000000 000000 000000*
L0081000 10001111 00000011 10000011 10000011 00000011*
L0081040 00000011 00000011 00000011 00000011 000000*
L0081078 000000 000000 000000 000000 000000*
L0081108 01110011 00000011 00000011 00000011 00000011*
L0081148 00000111 00000011 00000011 00000011 000000*
L0081186 000000 000000 000000 000000 000000*
L0081216 00000011 00000011 00000011 00000011 00000011*
L0081256 00000011 00000011 00000011 00000011 000000*
L0081294 000000 000000 000000 000000 000000*
L0081324 00000011 00000011 00000011 00000011 00000011*
L0081364 00000011 00000011 00000011 00000011 000000*
L0081402 000000 000000 000000 000000 000000*
L0081432 00000011 00000011 00000011 00000011 00000011*
L0081472 00000011 00000011 01000011 00000011 000000*
L0081510 000000 000000 000000 000000 000000*
L0081540 00000011 00000011 00000011 00000011 00000011*
L0081580 00000011 00000011 00000011 01000011 000000*
L0081618 000000 000000 000000 000000 000000*
L0081648 00000000 00000000 00000000 00000000 00000000*
L0081688 00000000 00000000 00001000 00000000 000000*
L0081726 000000 000000 000000 000000 000000*
L0081756 00000000 00000000 00000000 00000000 00000000*
L0081796 00000000 00000000 00000000 00001000 000000*
L0081834 000000 000000 000000 000000 000000*
L0081864 11111111 00000011 10000011 10000011 00000011*
L0081904 00000011 00000011 00000011 00000011 000000*
L0081942 000000 000000 000000 000000 000000*
L0081972 00000011 00000011 00000011 00000011 00000011*
L0082012 00000011 00000011 00000011 00000011 000000*
L0082050 000000 000001 000000 000000 000000*
L0082080 00000011 00000011 00000011 00000011 00000011*
L0082120 00000011 00000011 00000011 00000010 000000*
L0082158 000000 000000 000000 000000 000000*
L0082188 00000000 00000011 00000011 00000010 00000011*
L0082228 00000011 00000010 00000011 00000010 000000*
L0082266 000000 000000 000000 000000 000000*
L0082296 00000011 00000011 00000011 00000001 00000011*
L0082336 00000011 00000001 00000011 00000011 000000*
L0082374 000000 000000 000010 000000 000000*
L0082404 00000011 00000011 00000011 00000011 00000011*
L0082444 00000011 00000011 00000011 00000011 000000*
L0082482 000000 000000 000000 000010 000000*
L0082512 00000011 00000000 00000000 00000011 00000010*
L0082552 00000000 00000011 00000000 00000001 000000*
L0082590 000000 000000 000000 000000 000000*
L0082620 00000000 00000011 00000011 00000000 00000001*
L0082660 00000011 00000000 00000011 00000010 000000*
L0082698 000000 000000 000000 000000 000000*
L0082728 00000011 00000011 00000011 10000011 00000011*
L0082768 00000011 00000011 00000011 00000011 000000*
L0082806 000000 000000 000000 000000 000000*
L0082836 00000011 00000111 10000011 00000011 00000011*
L0082876 00000011 00000011 00000011 00000011 000000*
L0082914 000000 000000 000000 000000 000000*
L0082944 00000011 00000011 00000011 00000011 00000011*
L0082984 00000011 00000011 00000011 00000011 000000*
L0083022 000000 000000 000000 000000 000000*
L0083052 00000011 00000100 00000000 00000011 00000000*
L0083092 00000000 00000011 00000000 00000001 000000*
L0083130 000000 000000 000000 000000 000000*
L0083160 00000000 00000001 00000001 00000000 00000011*
L0083200 00000011 00000000 00000110 00000010 000000*
L0083238 000000 000000 000000 000000 000000*
L0083268 00000000 00000001 00000001 00000000 00000011*
L0083308 00000011 00000000 00000010 00000110 000000*
L0083346 000000 000000 000000 000000 000000*
L0083376 00000001 00000010 00000010 00000011 00000000*
L0083416 00000000 00000011 00000000 00000000 000000*
L0083454 000000 000000 010000 000000 000000*
L0083484 00000001 00000010 00000010 00000011 00000000*
L0083524 00000000 00000010 00000000 00000000 000000*
L0083562 000000 000000 000000 010000 000000*
L0083592 00000011 00000011 10000011 00000011 00000011*
L0083632 00000011 00000011 00000011 00000010 000000*
L0083670 000000 000000 000000 000000 000000*
L0083700 00000000 00000001 00000011 10000010 00000011*
L0083740 00000011 00000011 00000011 00000001 000000*
L0083778 000000 000000 000000 000000 000000*
L0083808 00000011 00000001 00000011 00000010 00000011*
L0083848 00000010 00000001 00000011 00000011 000000*
L0083886 000000 000000 000000 000000 000000*
L0083916 00000000 00000011 00000011 00000010 00000011*
L0083956 00000011 00000001 00000011 00000001 000000*
L0083994 000000 000000 000000 000000 000000*
L0084024 00000001 00000011 00000001 00000010 00000011*
L0084064 00000011 00000001 00000011 00000011 000000*
L0084102 000000 000000 001000 000000 000000*
L0084132 00000011 00000001 00000001 00000001 00000011*
L0084172 00000011 00000011 00000011 00000001 000000*
L0084210 000000 000000 000000 001000 000000*
L0084240 10011111 00000001 00000001 00000001 00000010*
L0084280 00000010 00000010 00000011 00000011 000000*
L0084318 000000 000000 000001 000000 000000*
L0084348 01100011 00000011 10000001 10000001 00000011*
L0084388 00000011 00000011 00000011 00000001 000000*
L0084426 000000 000000 000000 000000 000000*
L0084456 00000011 00000001 00000001 00000010 00000010*
L0084496 00000011 00000010 00000011 00000011 000000*
L0084534 000000 000000 000000 000000 000000*
L0084564 00000010 00000001 00000011 00000011 00000011*
L0084604 00000011 00000010 00000001 00000011 000000*
L0084642 000000 000000 000000 000000 000000*
L0084672 00000011 00000001 00000011 00000011 00000011*
L0084712 00000010 00000010 00000011 00000011 000000*
L0084750 000000 000000 000000 000000 000000*
L0084780 00000011 00000001 00000011 00000011 00000011*
L0084820 00000011 00000011 00000011 00000011 000000*
L0084858 000000 000000 000000 000000 000000*
L0084888 00000011 00000001 00000001 00000011 00000011*
L0084928 00000011 00000011 00000011 00000011 000000*
L0084966 000000 000000 000100 000000 000000*
L0084996 00000001 00111001 00000011 00000011 00000011*
L0085036 00000011 00000011 00000011 00000011 000000*
L0085074 000000 000000 000000 000100 000000*
L0085104 00000011 00000011 00000011 00000011 00000011*
L0085144 00000011 00000001 00000011 00000011 000000*
L0085182 000000 000000 000000 000000 000000*
L0085212 00000011 00000011 00000011 00000011 00000011*
L0085252 00000011 00000011 00000011 00000011 000000*
L0085290 000000 000000 000000 000000 000000*
L0085320 00000011 00000011 00000011 00000011 00000011*
L0085360 00000011 00000011 00000011 00000011 000000*
L0085398 000000 000000 000000 000000 000000*
L0085428 00000011 00000011 00000011 00000011 00000011*
L0085468 00000011 00000011 00000011 00000011 000000*
L0085506 000000 000000 000000 000000 000000*
L0085536 11011111 1001111 0111111 1011111 0111111*
L0085572 11011111 1001111 0111111 1011111 0111111*
L0085608 11011111 1001111 0111111 1011111 0111111*
L0085644 11011111 1001111 0111111 1011111 0111111*
L0085680 11011111 1001111 0111111 1011111 0111111*
L0085716 11011111 1001111 0111111 1011111 0111111*
L0085752 11011111 1001111 0111111 1011111 0111111*
L0085788 11011111 1001111 0111111 1011111 0111111*
L0085824 11011111 1001111 0111111 1011111 0111111*
L0085860 11011111 1001111 0111111 1011111 0111111*
L0085896 11011111 1001111 0111111 1011111 0111111*
L0085932 11011111 1001111 0111111 1011111 0111111*
L0085968 11011111 1001111 0111111 1011111 0111111*
L0086004 11011111 1001111 0111111 1011111 0111111*
L0086040 11011111 1001111 0111111 1011111 0111111*
L0086076 11011111 1001111 0111111 1011111 0111111*
L0086112 11011111 1001111 0111111 1011111 0111111*
L0086148 11011111 1011111 0111111 1011111 0111111*
L0086184 11011111 1001111 0111111 1011111 0111111*
L0086220 11011111 1001111 0111111 1011111 0111111*
L0086256 11011111 1001111 0111111 1011111 0111111*
L0086292 11011111 1001111 0111111 1011111 0111111*
L0086328 11011111 1001111 0111111 1011111 0111111*
L0086364 11011111 1001111 0111111 1011111 0111111*
L0086400 11011111 1001111 0111111 1011111 0111111*
L0086436 11011111 1001111 0111111 1011111 0111111*
L0086472 11011111 1001111 0111111 1011111 0111111*
L0086508 11011111 1001111 0111111 1011111 0111111*
L0086544 11011111 1001111 0111111 1011111 0111111*
L0086580 11011111 1001111 0111111 1011111 0111111*
L0086616 11011111 1001111 0111111 1011111 0111111*
L0086652 11011111 1001111 0111111 1011111 0111111*
L0086688 11011111 1001111 0111111 1011111 0111111*
L0086724 11011111 1001111 0111111 1011111 0111111*
L0086760 11011111 1001111 0111111 1011111 0111111*
L0086796 11011111 1001111 0111111 1011111 0111111*
L0086832 11011111 1001111 0111111 1011111 0111111*
L0086868 11011111 1001111 0111111 1011111 0111111*
L0086904 11011111 1001111 0111111 1011111 0111111*
L0086940 11011111 1001111 0111111 1011111 0111111*
L0086976 11011111 1101111 0111111 1011111 0111111*
L0087012 11011111 1001111 0111111 1011111 0111111*
L0087048 11011111 1001111 0111111 1011111 0111111*
L0087084 11011111 1001111 0111111 1011111 0111111*
L0087120 11011111 1001111 0111111 1011111 0111111*
L0087156 11011111 1001111 0111111 1011111 0111111*
L0087192 11011111 1001111 0111111 1011111 0111111*
L0087228 11011111 1001111 0111111 1011111 0111111*
L0087264 11011111 1001111 0111111 1011111 0111111*
L0087300 11011111 1001111 0111111 1011111 0111111*
L0087336 11011111 1001111 0111111 1011111 0111111*
L0087372 11011111 1001111 0111111 1011111 0111111*
L0087408 11011111 1001111 0111111 1011111 0111111*
L0087444 11011111 1001111 0111111 1011111 0111111*
L0087480 11011111 1001111 0111111 1011111 0111111*
L0087516 11011111 1001111 0111111 1011111 0111111*
L0087552 11011111 1001111 0111111 1011111 0111111*
L0087588 11111111 1001111 0111111 1011111 0111111*
L0087624 11011111 1001111 0111111 1011111 0111111*
L0087660 11011111 1001111 0111111 1011111 0111111*
L0087696 11111111 1001111 0111111 1011111 0111111*
L0087732 11011111 1001111 0111111 1011111 0111111*
L0087768 11011111 1001111 0111111 1011111 0111111*
L0087804 11011111 1001111 0111111 1011111 0111111*
L0087840 11111111 1001111 0111111 1011111 0111111*
L0087876 11011111 1001111 0111111 1011111 0111111*
L0087912 11111111 1001111 0111111 1011111 0111111*
L0087948 11011111 1001111 1111111 1011111 0111111*
L0087984 11011111 1001111 1111111 1011111 0111111*
L0088020 11011111 1001111 0111111 1011111 0111111*
L0088056 11011111 1001111 1111111 1011111 0111111*
L0088092 11111111 1001111 0111111 1011111 0111111*
L0088128 11011111 1001111 0111111 1011111 0111111*
L0088164 11011111 1001111 0111111 1011111 0111111*
L0088200 11011111 1001111 0111111 1011111 0111111*
L0088236 11011111 1001111 0111111 1011111 0111111*
L0088272 11011111 1001111 0111111 1011111 0111111*
L0088308 11011111 1001111 0111111 1011111 0111111*
L0088344 11011111 1001111 0111111 1011111 0111111*
L0088380 11011111 1001111 0111111 1011111 0111111*
L0088416 11011111 1001111 0111111 1011111 0111111*
L0088452 11011111 1001111 0111111 1011111 0111111*
L0088488 11011111 1001111 0111111 1011111 0111111*
L0088524 11011111 1001111 0111111 1011111 0111111*
L0088560 11111111 1001111 0111111 1011111 0111111*
L0088596 11011111 1001111 0111111 1011111 0111111*
L0088632 11011111 1001111 0111111 1011111 0111111*
L0088668 11011111 1001111 0111111 1011111 0111111*
L0088704 11011111 1001111 0111111 1011111 0111111*
L0088740 11011111 1001111 0111111 1011111 0111111*
L0088776 11011111 1001111 0111111 1011111 0111111*
L0088812 11011111 1001111 0111111 1011111 0111111*
L0088848 11011111 1001111 0111111 1011111 0111111*
L0088884 11011111 1001111 0111111 1011111 0111111*
L0088920 11011111 1001111 0111111 1011111 0111111*
L0088956 11011111 1001111 0111111 1011111 0111111*
L0088992 11011111 1001111 0111111 1011111 0111111*
L0089028 11011111 1001111 0111111 1011111 0111111*
L0089064 11011111 1001111 0111111 1011111 0111111*
L0089100 11011111 1001111 0111111 1011111 0111111*
L0089136 11011111 1001111 0111111 1011111 0111111*
L0089172 11011111 1001111 0111111 1011111 0111111*
L0089208 11111111 1001111 0111111 1011111 0111111*
L0089244 11011111 1001111 0111111 1011111 0111111*
L0089280 11011111 1001111 0111111 1011111 0111111*
L0089316 11011111 1001111 0111111 1011111 0111111*
L0089352 11011111 1001111 0111111 1011111 0111111*
L0089388 11011111 1001111 0111111 1011111 0111111*
L0089424 11011111 1001111 0111111 1011111 0111111*
L0089460 11011111 1001111 0111111 1011111 0111111*
L0089496 11011111 1001111 0111111 1011111 0111111*
L0089532 11011111 1001111 0111111 1011111 0111111*
L0089568 11011111 1001111 0111111 1011111 0111111*
L0089604 11011111 1001111 0111111 1011111 0111111*
L0089640 11011111 1001111 0111111 1011111 0111111*
L0089676 11011111 1001111 0111111 1011111 0111111*
L0089712 11011111 1001111 0111111 1011111 0111111*
L0089748 11011111 1001111 0111111 1011111 0111111*
L0089784 11011111 1001111 1111111 1011111 0111111*
L0089820 11011111 1001111 1111111 1011111 0111111*
L0089856 11011111 1001111 1111111 1011111 0111111*
L0089892 11011111 1001111 0111111 1011111 0111111*
L0089928 11011111 1001111 0111111 1011111 0111111*
L0089964 11011111 1001111 0111111 1011111 0111111*
L0090000 11011111 1001111 0111111 1011111 0111111*
L0090036 11011111 1001111 0111111 1011111 1111111*
L0090072 11011111 1001111 0111111 1011111 0111111*
L0090108 11011111 1001111 0111111 1011111 0111111*
L0090144 11011111 1001111 0111111 1011111 0111111*
L0090180 11011111 1001111 0111111 1011111 0111111*
L0090216 11011111 1001111 0111111 1011111 0111111*
L0090252 11011111 1001111 0111111 1011111 0111111*
L0090288 11011111 1001111 0111111 1011111 0111111*
L0090324 11011111 1001111 0111111 1011111 0111111*
L0090360 11011111 1001111 0111111 1011111 0111111*
L0090396 11011111 1001111 0111111 1011111 0111111*
L0090432 11011111 1001111 0111111 1011111 0111111*
L0090468 11011111 1001111 0111111 1011111 0111111*
L0090504 11011111 1001111 0111111 1011111 0111111*
L0090540 11011111 1001111 0111111 1011111 0111111*
L0090576 11011111 1001111 0111111 1011111 0111111*
L0090612 11011111 1001111 0111111 1011111 0111111*
L0090648 11011111 1001111 0111111 1011111 0111111*
L0090684 11011111 1001111 0111111 1011111 0111111*
L0090720 11011111 1001111 0111111 1011111 0111111*
L0090756 11011111 1001111 0111111 1011111 0111111*
L0090792 11011111 1001111 0111111 1011111 0111111*
L0090828 11011111 1001111 0111111 1011111 0111111*
L0090864 11011111 1001111 0111111 1011111 0111111*
L0090900 11011111 1001111 0111111 1011111 0111111*
L0090936 11011111 1001111 0111111 1011111 0111111*
L0090972 11011111 1001111 0111111 1011111 0111111*
L0091008 11011111 1001111 0111111 1011111 0111111*
L0091044 11011111 1001111 0111111 1011111 0111111*
L0091080 11011111 1001111 0111111 1011111 0111111*
L0091116 11011111 1001111 0111111 1011111 0111111*
L0091152 11011111 1001111 0111111 1011111 0111111*
L0091188 11011111 1001111 0111111 1011111 0111111*
L0091224 11011111 1001111 0111111 1011111 0111111*
L0091260 11011111 1001111 0111111 1011111 0111111*
L0091296 11011111 1001111 0111111 1011111 0111111*
L0091332 11011111 1001111 0111111 1011111 0111111*
L0091368 11011111 1001111 0111111 1011111 0111111*
L0091404 11011111 1001111 0111111 1011111 0111111*
L0091440 11011111 1001111 0111111 1011111 0111111*
L0091476 11011111 1001111 0111111 1011111 0111111*
L0091512 11011111 1001111 0111111 1011111 0111111*
L0091548 11011111 1001111 0111111 1011111 0111111*
L0091584 11011111 1001111 0111111 1011111 0111111*
L0091620 11011111 1001111 0111111 1011111 0111111*
L0091656 11011111 1001111 0111111 1011111 0111111*
L0091692 11011111 1001111 0111111 1011111 0111111*
L0091728 11011111 1001111 0111111 1011111 0111111*
L0091764 11011111 1001111 0111111 1011111 0111111*
L0091800 11011111 1001111 0111111 1011111 0111111*
L0091836 11011111 1001111 0111111 1011111 0111111*
L0091872 11011111 1001111 0111111 1011111 0111111*
L0091908 11011111 1001111 0111111 1011111 0111111*
L0091944 11011111 1001111 0111111 1011111 0111111*
L0091980 11011111 1001111 0111111 1011111 0111111*
L0092016 11011111 1001111 0111111 1011111 0111111*
L0092052 11011111 1001111 0111111 1011111 0111111*
L0092088 11011111 1001111 0111111 1011111 0111111*
L0092124 11011111 1001111 0111111 1011111 0111111*
L0092160 11011111 1001111 0111111 1011111 0111111*
L0092196 11011111 1001111 0111111 1011111 0111111*
L0092232 11011111 1001111 0111111 1011111 0111111*
L0092268 11011111 1001111 0111111 1011111 0111111*
L0092304 11011111 1001111 0111111 1011111 0111111*
L0092340 11011111 1001111 0111111 1111111 0111111*
L0092376 11011111 1001111 0111111 1011111 0111111*
L0092412 11011111 1001111 0111111 1011111 0111111*
L0092448 11011111 1001111 0111111 1011111 0111111*
L0092484 11011111 1001111 0111111 1011111 0111111*
L0092520 11011111 1001111 0111111 1011111 0111111*
L0092556 11011111 1001111 0111111 1011111 0111111*
L0092592 11011111 1001111 0111111 1011111 0111111*
L0092628 11011111 1001111 0111111 1011111 0111111*
L0092664 11111111 1001111 0111111 1011111 0111111*
L0092700 11011111 1001111 0111111 1011111 0111111*
L0092736 11011111 1001111 0111111 1011111 0111111*
L0092772 11011111 1001111 0111111 1011111 0111111*
L0092808 11011111 1001111 0111111 1011111 0111111*
L0092844 11011111 1001111 0111111 1011111 0111111*
L0092880 11011111 1001111 0111111 1011111 0111111*
L0092916 11011111 1001111 0111111 1011111 0111111*
L0092952 11011111 1001111 0111111 1011111 0111111*
L0092988 11011111 1001111 0111111 1011111 0111111*
L0093024 11011111 1001111 0111111 1011111 0111111*
L0093060 11011111 1001111 0111111 1011111 0111111*
L0093096 11011111 1001111 0111111 1011111 0111111*
L0093132 11011111 1001111 0111111 1011111 0111111*
L0093168 11011111 1001111 0111111 1011111 0111111*
L0093204 11011111 1001111 0111111 1011111 0111111*
L0093240 11011111 1001111 0111111 1011111 0111111*
L0093276 11011111 1001111 0111111 1011111 0111111*
L0093312 00000011 00000011 00000011 00000011 00000011*
L0093352 00000011 00000011 00000011 00000011 000000*
L0093390 000000 000000 000000 000000 000000*
L0093420 00000011 10000011 00000011 00000011 00000011*
L0093460 00000011 01000011 00000011 00000011 000000*
L0093498 000000 000000 000000 000000 000000*
L0093528 00000011 00000011 00000011 00000011 00000011*
L0093568 00000011 00000011 00000011 00000011 000000*
L0093606 000000 000000 000000 000000 000000*
L0093636 00000011 10000011 00000011 00000011 00000011*
L0093676 00000011 00000011 00000011 00000011 000000*
L0093714 000000 000000 000000 000000 000000*
L0093744 00000011 01000011 00000011 00000011 00000011*
L0093784 00000011 00000011 00000011 00000011 000000*
L0093822 000000 000000 000000 000000 000000*
L0093852 10000011 00000011 00000011 00000011 00000011*
L0093892 01000011 01000011 00000011 00000011 000000*
L0093930 000000 000000 000000 000000 000000*
L0093960 00000011 00000011 00000011 00000011 00000011*
L0094000 00000011 00000011 00000011 00000011 000000*
L0094038 000000 000000 000000 000000 000000*
L0094068 00000011 00000011 00000011 00000011 00000011*
L0094108 00000111 00000011 00000111 00000011 000000*
L0094146 000000 000000 000000 000000 000001*
L0094176 00000011 00000011 01000011 01000011 00001111*
L0094216 00000011 00000011 00000011 00000011 000000*
L0094254 000000 100000 000000 000000 000001*
L0094284 10000011 01001011 00000111 00000011 01000011*
L0094324 01000011 01000011 00000011 00000011 000000*
L0094362 100000 000000 000001 000000 000000*
L0094392 00000011 00000011 00000011 00000011 00000011*
L0094432 00000011 00000011 01000011 00000011 000000*
L0094470 000000 000000 000000 000000 000000*
L0094500 00000011 00000011 00000011 00000011 00000011*
L0094540 00000011 00000011 00000011 01000011 000000*
L0094578 000000 000000 000000 000000 000000*
L0094608 00000000 00000011 00000011 00000000 00000010*
L0094648 00000010 00000010 00000010 00000010 000000*
L0094686 000000 000000 000000 000000 000000*
L0094716 00000000 00000011 00000001 00000010 00000001*
L0094756 01000011 00000010 00000011 00000010 000000*
L0094794 000000 000000 000000 000000 000000*
L0094824 00000001 00000011 00000011 00000001 00000010*
L0094864 00000010 00000010 00000010 00000010 000000*
L0094902 000000 000000 000100 000000 000000*
L0094932 00000011 00001011 00000001 00001010 00000000*
L0094972 00000010 00000011 00000010 00001011 000010*
L0095010 000000 000000 000000 000100 000000*
L0095040 00000010 00000000 00000000 00000000 00000000*
L0095080 00000000 00000011 00000000 00000001 000000*
L0095118 000000 000000 000000 000000 000000*
L0095148 00000010 00000000 00000000 10000010 00000001*
L0095188 00000001 00000010 00000001 00000000 000000*
L0095226 000000 000000 000000 000000 000000*
L0095256 00001001 00000000 00000000 00000001 00000000*
L0095296 00000000 00000011 00000000 00000001 000000*
L0095334 000000 000000 000000 000000 000000*
L0095364 00000001 00000000 00000000 00000010 00000001*
L0095404 00000001 00000010 00000001 00000000 000000*
L0095442 000000 000000 000000 000000 000000*
L0095472 00000011 00000011 01000011 00001101 00000010*
L0095512 00000010 00000011 00000010 00000011 000000*
L0095550 000000 000000 000000 000001 000000*
L0095580 00000011 00000011 00000011 00000010 00001111*
L0095620 00000011 00000010 00000011 00000010 000000*
L0095658 000000 100000 000000 000000 000001*
L0095688 10000010 00000011 00000011 00000010 00001111*
L0095728 01000011 01000011 00000011 00000011 000000*
L0095766 000000 100000 000000 000000 000001*
L0095796 01000011 00000011 00000011 00000001 00000010*
L0095836 00000011 00000011 00000011 00001111 000000*
L0095874 000000 000000 000000 000010 000000*
L0095904 00000011 00000011 00000011 00000001 00000011*
L0095944 00000010 00000011 00000010 00000011 000000*
L0095982 000000 000000 000000 000000 000000*
L0096012 10000011 00000011 00000011 00000011 00000001*
L0096052 00000011 00000010 00000011 00000010 000000*
L0096090 000000 000000 000000 000000 000000*
L0096120 10000000 00000000 00000000 00000000 00000000*
L0096160 00000000 01000010 00000000 00000000 000000*
L0096198 100000 000000 000000 000000 000000*
L0096228 00000011 00000011 00000011 00000011 01000010*
L0096268 01000010 00000011 00000010 00000011 000000*
L0096306 000000 000000 000000 000000 000000*
L0096336 00000011 00001000 00000100 00001111 00000001*
L0096376 00000001 00000011 00000001 00001101 000011*
L0096414 000000 000000 000001 000011 000010*
L0096444 00000011 00000011 00000011 00000011 00000011*
L0096484 00001111 00000011 00000011 00000011 000000*
L0096522 000010 000000 000000 000000 000000*
L0096552 10000011 00000011 00000011 00000011 01000011*
L0096592 00000011 01000011 00000011 00000011 000000*
L0096630 000000 000000 000000 000000 000000*
L0096660 00000011 00000011 00000011 00000011 00000011*
L0096700 01000011 00000011 00000011 00000011 000000*
L0096738 100000 000000 000000 000000 000000*
L0096768 00010011 00000011 00000011 00000011 00000011*
L0096808 00000011 00000011 00000011 00000011 000000*
L0096846 000000 000000 000000 000000 000000*
L0096876 00000011 00000011 00000011 00000011 00000011*
L0096916 00000011 00000011 00000011 00000011 000000*
L0096954 000000 000000 000000 000000 000000*
L0096984 00000011 00000011 00000011 00000011 00000011*
L0097024 00000011 00000011 00000011 00000011 000000*
L0097062 000000 000000 100000 000000 000000*
L0097092 00000011 00000011 00000011 00000001 00000010*
L0097132 00000010 00000001 00000010 00000011 000000*
L0097170 000000 000000 000000 100000 000000*
L0097200 00000000 00000000 00000000 00000010 00000001*
L0097240 00000001 00000010 00000001 00000000 000000*
L0097278 000000 000000 001000 000000 000000*
L0097308 00000000 00000000 00000000 00000010 00000001*
L0097348 00000001 00000010 00000001 00000100 000001*
L0097386 000000 000000 000001 001001 000000*
L0097416 00000011 00000011 00000011 00000011 00000011*
L0097456 00000011 00000011 00100011 00000011 000000*
L0097494 000000 000000 000000 000000 000000*
L0097524 00000011 00000011 00000011 00000011 00000011*
L0097564 00000011 00000011 00000011 00100011 000000*
L0097602 000000 000000 000000 000000 000000*
L0097632 00000010 00000011 00000011 00000010 00000011*
L0097672 00000011 00000010 00000011 00000011 000000*
L0097710 000000 000000 000000 000000 000000*
L0097740 00011101 00000011 00000011 00000011 00000011*
L0097780 00000011 00000011 00000011 00000011 000000*
L0097818 000000 000001 000000 000000 000000*
L0097848 00000011 00001011 00000111 00001111 00000011*
L0097888 00000011 00000011 00000011 00001111 000011*
L0097926 000000 000000 000001 000011 000010*
L0097956 00000011 00000011 00000011 00000011 00000011*
L0097996 00000011 00000011 00001111 00000011 000000*
L0098034 000000 000000 000010 000000 000000*
L0098064 00000011 00000001 00000001 00000011 00000000*
L0098104 00000000 00000001 00000000 00000001 000000*
L0098142 000000 000000 000000 000000 000000*
L0098172 00000000 00000010 00000010 00000000 00000011*
L0098212 00000011 00001110 00000011 00000010 000000*
L0098250 000000 000010 000000 000000 000000*
L0098280 00000011 00000010 00000010 00000011 00000011*
L0098320 00000011 00000011 00000011 00000011 000000*
L0098358 000000 000000 000000 000000 000000*
L0098388 00000011 00000011 00000011 00000011 00001011*
L0098428 00001011 00000011 00001011 00000011 000000*
L0098466 000000 000000 000000 000000 000000*
L0098496 00000011 00000011 00000011 00000011 00000011*
L0098536 00000011 00000011 00000011 00000011 000000*
L0098574 000000 000000 000000 000000 000000*
L0098604 01000011 01000000 01000000 01000011 01000000*
L0098644 00000000 00000011 00000000 00000001 000000*
L0098682 100000 000000 000000 000000 000000*
L0098712 00000000 00000011 00000001 00000000 00000000*
L0098752 00000010 00000010 00000010 00000010 000000*
L0098790 000000 000000 010000 000000 000000*
L0098820 00000001 00000011 00000001 00000000 00000000*
L0098860 00000010 00000010 00000010 00000010 000000*
L0098898 000000 000000 000000 010000 000000*
L0098928 00000010 00000000 00000000 00000000 00000000*
L0098968 00000000 00000010 00000000 00000000 000000*
L0099006 000000 000000 000000 000000 000000*
L0099036 00000001 00000100 00000000 00000000 00000000*
L0099076 00000000 00000010 00000000 00000000 000000*
L0099114 000000 000000 000000 000000 000000*
L0099144 00000011 00000011 00000011 00000000 00000010*
L0099184 00000010 00000010 00000010 00000010 000000*
L0099222 000000 000001 000000 000000 000000*
L0099252 00000011 00000001 00000011 00000010 00000011*
L0099292 00000011 00000001 00000001 00000001 000000*
L0099330 000000 000000 000000 000000 000000*
L0099360 00000011 00000001 00000001 00000000 00000010*
L0099400 00000010 00000001 00000011 00000011 000000*
L0099438 000000 000000 000000 000000 000000*
L0099468 00000010 00000011 00000011 00000010 00000001*
L0099508 00000011 00000011 00000001 00000001 000000*
L0099546 000001 000000 000000 000000 000000*
L0099576 00000001 00000011 00000001 00000000 00000010*
L0099616 00000010 00000001 10000011 00000011 000000*
L0099654 000000 000000 000000 000000 000000*
L0099684 00000011 00000011 00000001 00000010 00000011*
L0099724 00000011 00000011 00000011 10000001 000000*
L0099762 000000 000000 000000 000000 000000*
L0099792 00000010 00000001 00000001 00000000 00000010*
L0099832 00000011 00000010 00000011 00000011 000000*
L0099870 000000 000000 000000 000000 000000*
L0099900 00000011 00000011 00011001 00000000 00000010*
L0099940 00000010 00000011 11110001 11110001 000000*
L0099978 000000 000000 111100 111100 000000*
L0100008 00000001 00000011 00000011 00000010 00000010*
L0100048 00000011 00000000 00000011 00000011 000000*
L0100086 000000 000000 000000 000000 000000*
L0100116 00000000 00000011 00000001 00000010 00000111*
L0100156 00000011 00000011 00000001 00000011 000000*
L0100194 000010 000000 000010 000000 000000*
L0100224 00000011 00000001 00000011 00000010 00000010*
L0100264 00000010 00000001 00000011 00000011 000000*
L0100302 000000 000000 000000 000000 000000*
L0100332 00000000 00000001 00000011 00000011 00000011*
L0100372 00000011 00000011 00000001 00000011 000000*
L0100410 000000 000000 000000 000000 000000*
L0100440 00000011 00000001 00000001 00000011 00000010*
L0100480 00000011 00000000 00010011 00000001 000000*
L0100518 000000 000000 000000 000000 000000*
L0100548 00000001 00000001 00000111 00000111 00000011*
L0100588 00000011 00000011 00000011 00010011 000000*
L0100626 000000 000000 000000 000010 000010*
L0100656 00000011 00000011 00000011 00000011 00000011*
L0100696 00000011 00000001 00000011 00000011 000000*
L0100734 000000 000000 000000 000000 000000*
L0100764 00000011 00000011 00000011 00000011 00000011*
L0100804 00000011 00000011 00000011 00000011 000000*
L0100842 000000 100000 000000 000000 000000*
L0100872 00000011 00000011 00000011 00000011 00001111*
L0100912 00000011 00000011 00000011 00000011 000000*
L0100950 000000 100000 000000 000000 000001*
L0100980 00000011 00000011 00000011 01000011 00000011*
L0101020 00000011 00000011 00000011 00000011 000011*
L0101058 000000 000000 000000 000000 000010*
L0101088 11011111 1111001 0111011 1011101 0101111*
L0101124 11011111 1111001 0111011 1011101 0101111*
L0101160 11011111 1111001 0111011 1011101 0101111*
L0101196 11011111 1111001 0111011 1011101 0101111*
L0101232 11011111 1111001 0111011 1011101 0101111*
L0101268 11011111 1111001 0111011 1011101 0101111*
L0101304 11011111 1111001 0111011 1011101 0101111*
L0101340 11011111 1111001 0111011 1011101 0101111*
L0101376 11011111 1111001 0111011 1011101 0101111*
L0101412 11011111 1111001 0111011 1011101 0101111*
L0101448 11011111 1111001 0111011 1011101 0101111*
L0101484 11011111 1111001 0111011 1011101 0101111*
L0101520 11011111 1111001 0111011 1011101 0101111*
L0101556 11011111 1111001 0111011 1011101 0111111*
L0101592 11011111 1111001 0111011 1011101 0101111*
L0101628 11011111 1111001 0111011 1011101 0101111*
L0101664 11011111 1111001 0111011 1011101 0101111*
L0101700 11011111 1111001 0111011 1011101 0101111*
L0101736 11011111 1111001 0111011 1011101 0101111*
L0101772 11111111 1111001 0111011 1011101 0101111*
L0101808 11011111 1111001 0111011 1011101 0101111*
L0101844 11011111 1111001 0111011 1011101 0101111*
L0101880 11011111 1111001 0111011 1011101 0101111*
L0101916 11011111 1111001 0111011 1011101 0101111*
L0101952 11011111 1111001 0111011 1011101 0101111*
L0101988 11011111 1111001 0111011 1011101 0101111*
L0102024 11011111 1111001 0111011 1011101 0101111*
L0102060 11011111 1111001 0111011 1011101 0101111*
L0102096 11011111 1111001 0111011 1011101 0101111*
L0102132 11011111 1111001 0111011 1011101 0101111*
L0102168 11011111 1111001 0111011 1011101 0101111*
L0102204 11011111 1111001 0111011 1011101 0101111*
L0102240 11011111 1111001 0111011 1011101 0101111*
L0102276 11011111 1111001 0111011 1011101 0101111*
L0102312 11011111 1111001 0111011 1011101 0101111*
L0102348 11011111 1111001 0111011 1011101 0101111*
L0102384 11011111 1111001 0111011 1011101 0101111*
L0102420 11011111 1111001 0111011 1011101 0101111*
L0102456 11011111 1111001 0111011 1011101 0101111*
L0102492 11011111 1111001 0111011 1011101 0101111*
L0102528 11011111 1111001 0111011 1011111 0101111*
L0102564 11011111 1111001 0111011 1011101 0101111*
L0102600 11011111 1111001 0111011 1011101 0101111*
L0102636 11011111 1111001 0111011 1011101 0101111*
L0102672 11011111 1111001 0111011 1011101 0101111*
L0102708 11011111 1111001 0111011 1011101 0101111*
L0102744 11011111 1111001 0111011 1011101 0101111*
L0102780 11011111 1111001 0111011 1011101 0101111*
L0102816 11011111 1111001 0111011 1011101 0101111*
L0102852 11011111 1111001 0111011 1011101 0101111*
L0102888 11011111 1111001 0111011 1011101 0101111*
L0102924 11011111 1111001 0111011 1011101 0101111*
L0102960 11011111 1111001 0111011 1011101 0101111*
L0102996 11011111 1111001 0111011 1011101 0101111*
L0103032 11011111 1111001 0111111 1011101 0101111*
L0103068 11011111 1111001 0111011 1011101 0101111*
L0103104 11011111 1111001 0111011 1011101 0101111*
L0103140 11011111 1111001 0111011 1011101 0101111*
L0103176 11011111 1111001 0111011 1011101 0101111*
L0103212 11011111 1111001 0111011 1011101 0101111*
L0103248 11011111 1111001 0111011 1011101 0101111*
L0103284 11011111 1111001 1111011 1011101 0101111*
L0103320 11011111 1111001 1111011 1011101 0101111*
L0103356 11011111 1111001 0111011 1011101 0101111*
L0103392 11011111 1111001 0111011 1011101 0101111*
L0103428 11011111 1111001 0111011 1011101 0101111*
L0103464 11011111 1111001 0111011 1011101 0101111*
L0103500 11011111 1111001 0111011 1011101 1101111*
L0103536 11011111 1111001 1111011 1011101 0101111*
L0103572 11011111 1111001 0111011 1011101 0101111*
L0103608 11011111 1111001 1111011 1011101 0101111*
L0103644 11011111 1111001 0111011 1011101 0101111*
L0103680 11011111 1111001 0111011 1011101 0101111*
L0103716 11011111 1111001 0111011 1011101 0101111*
L0103752 11011111 1111001 0111011 1011101 0101111*
L0103788 11011111 1111001 0111011 1011101 0101111*
L0103824 11011111 1111001 0111011 1011101 0101111*
L0103860 11011111 1111001 0111011 1011101 0101111*
L0103896 11011111 1111001 0111011 1011101 0101111*
L0103932 11011111 1111001 0111011 1011101 0101111*
L0103968 11011111 1111001 0111011 1011101 0101111*
L0104004 11011111 1111001 0111011 1011101 0101111*
L0104040 11011111 1111001 0111011 1011101 0101111*
L0104076 11011111 1111001 0111011 1011101 0101111*
L0104112 11011111 1111001 0111011 1011101 0101111*
L0104148 11011111 1111001 0111011 1011101 0101111*
L0104184 11011111 1111001 0111011 1011101 0101111*
L0104220 11011111 1111001 0111011 1011101 0101111*
L0104256 11011111 1111001 0111011 1011101 0101111*
L0104292 11011111 1111001 0111011 1011101 0101111*
L0104328 11011111 1111001 0111011 1011101 0101111*
L0104364 11011111 1111001 0111011 1011101 0101111*
L0104400 11011111 1111001 0111011 1011101 0101111*
L0104436 11011111 1111001 0111011 1011101 0101111*
L0104472 11111111 1111001 0111011 1011101 0101111*
L0104508 11011111 1111001 0111011 1011101 0101111*
L0104544 11011111 1111001 0111011 1011101 0101111*
L0104580 11011111 1111001 0111011 1011101 0101111*
L0104616 11011111 1111001 0111011 1011101 0101111*
L0104652 11011111 1111001 0111011 1011101 0101111*
L0104688 11011111 1111001 0111011 1011101 0101111*
L0104724 11011111 1111001 0111011 1011101 0101111*
L0104760 11011111 1111001 0111011 1011101 0101111*
L0104796 11011111 1111001 0111011 1011101 0101111*
L0104832 11011111 1111001 0111011 1011101 0101111*
L0104868 11011111 1111001 0111011 1011101 0101111*
L0104904 11011111 1111001 0111011 1011101 0101111*
L0104940 11011111 1111001 0111011 1011101 0101111*
L0104976 11011111 1111001 0111011 1011101 0101111*
L0105012 11011111 1111001 0111011 1011101 0101111*
L0105048 11011111 1111001 0111011 1011101 0101111*
L0105084 11011111 1111001 0111011 1011101 0101111*
L0105120 11011111 1111001 0111011 1011101 0101111*
L0105156 11011111 1111001 0111011 1011101 0101111*
L0105192 11011111 1111001 0111011 1011101 0101111*
L0105228 11011111 1111001 0111011 1011101 0101111*
L0105264 11011111 1111001 0111011 1011101 0101111*
L0105300 11011111 1111001 0111011 1011101 0101111*
L0105336 11011111 1111001 0111011 1011101 1101111*
L0105372 11011111 1111001 0111011 1011101 1101111*
L0105408 11011111 1111001 0111011 1011101 0101111*
L0105444 11011111 1111001 0111011 1011101 0101111*
L0105480 11011111 1111001 0111011 1011101 0101111*
L0105516 11011111 1111001 0111011 1011101 0101111*
L0105552 11011111 1111001 0111011 1011101 0101111*
L0105588 11011111 1111001 0111011 1011101 0101111*
L0105624 11011111 1111001 0111011 1011101 0101111*
L0105660 11011111 1111001 0111011 1011101 0101111*
L0105696 11011111 1111001 0111011 1011101 0101111*
L0105732 11011111 1111001 0111011 1011101 0101111*
L0105768 11011111 1111001 0111011 1011101 0101111*
L0105804 11011111 1111001 0111011 1011101 0101111*
L0105840 11011111 1111001 0111011 1011101 0101111*
L0105876 11011111 1111001 0111011 1011101 0101111*
L0105912 11011111 1111001 0111011 1011101 0101111*
L0105948 11011111 1111001 0111011 1011101 0101111*
L0105984 11011111 1111001 0111011 1011101 0101111*
L0106020 11011111 1111001 0111011 1011101 0101111*
L0106056 11011111 1111001 0111011 1011101 0101111*
L0106092 11011111 1111001 0111011 1011101 0101111*
L0106128 11011111 1111001 0111011 1011101 0101111*
L0106164 11011111 1111001 0111011 1011101 0101111*
L0106200 11011111 1111001 0111011 1011101 0101111*
L0106236 11011111 1111001 0111011 1011101 0101111*
L0106272 11011111 1111001 0111011 1011101 0101111*
L0106308 11011111 1111001 0111011 1011101 0101111*
L0106344 11011111 1111001 0111011 1011101 0101111*
L0106380 11011111 1111001 0111011 1011101 0101111*
L0106416 11011111 1111001 0111011 1011101 0101111*
L0106452 11011111 1111001 0111011 1011101 0101111*
L0106488 11011111 1111001 0111011 1011101 0101111*
L0106524 11011111 1111001 0111011 1011101 0101111*
L0106560 11011111 1111001 0111011 1011101 0101111*
L0106596 11011111 1111001 0111011 1011101 0101111*
L0106632 11011111 1111001 0111011 1011101 0101111*
L0106668 11011111 1111001 0111011 1011101 0101111*
L0106704 11011111 1111101 0111011 1011101 0101111*
L0106740 11011111 1111001 0111011 1011101 0101111*
L0106776 11011111 1111001 0111011 1011101 0101111*
L0106812 11011111 1111001 0111011 1011101 0101111*
L0106848 11011111 1111001 0111011 1011101 0101111*
L0106884 11011111 1111001 0111011 1011101 0101111*
L0106920 11011111 1111011 0111011 1011101 0101111*
L0106956 11011111 1111001 0111011 1011101 0101111*
L0106992 11011111 1111001 0111011 1011101 0101111*
L0107028 11011111 1111001 0111011 1011101 0101111*
L0107064 11011111 1111001 0111011 1011101 0101111*
L0107100 11011111 1111001 0111011 1011101 0101111*
L0107136 11011111 1111001 0111011 1011101 0101111*
L0107172 11011111 1111001 0111011 1011101 0101111*
L0107208 11011111 1111001 0111011 1011101 0101111*
L0107244 11011111 1111001 0111011 1011101 0101111*
L0107280 11011111 1111001 0111011 1011101 0101111*
L0107316 11011111 1111001 0111011 1011101 0101111*
L0107352 11011111 1111001 0111011 1011101 0101111*
L0107388 11011111 1111001 0111011 1011101 0101111*
L0107424 11011111 1111001 0111011 1011101 0101111*
L0107460 11011111 1111001 0111011 1011101 0101111*
L0107496 11011111 1111001 0111011 1011101 0101111*
L0107532 11011111 1111001 0111011 1011101 0101111*
L0107568 11011111 1111001 0111011 1011101 0101111*
L0107604 11011111 1111001 0111011 1011101 0101111*
L0107640 11011111 1111001 0111011 1011101 0101111*
L0107676 11011111 1111001 0111011 1011101 0101111*
L0107712 11011111 1111001 0111011 1011101 0101111*
L0107748 11011111 1111001 0111011 1011101 0101111*
L0107784 11011111 1111001 0111011 1011101 0101111*
L0107820 11011111 1111001 0111011 1011101 0101111*
L0107856 11011111 1111001 0111011 1011101 0101111*
L0107892 11011111 1111001 0111011 1011101 0101111*
L0107928 11011111 1111001 0111011 1011101 0101111*
L0107964 11011111 1111001 0111011 1011101 0101111*
L0108000 11011111 1111001 0111011 1011101 0101111*
L0108036 11011111 1111001 0111011 1011101 0101111*
L0108072 11011111 1111001 0111011 1011101 0101111*
L0108108 11011111 1111001 0111011 1011101 0101111*
L0108144 11011111 1111001 0111011 1011101 0101111*
L0108180 11011111 1111001 0111011 1011101 0101111*
L0108216 11011111 1111001 0111011 1011101 0101111*
L0108252 11011111 1111001 0111011 1011101 0101111*
L0108288 11011111 1111001 0111011 1011101 0101111*
L0108324 11011111 1111001 0111011 1111101 0101111*
L0108360 11011111 1111001 0111011 1011101 0101111*
L0108396 11011111 1111001 0111011 1011101 0101111*
L0108432 11011111 1111001 0111011 1011101 0101111*
L0108468 11011111 1111001 0111011 1011101 0101111*
L0108504 11011111 1111001 0111011 1011101 0101111*
L0108540 11011111 1111001 0111011 1011101 0101111*
L0108576 11011111 1111001 0111011 1011101 0101111*
L0108612 11011111 1111001 0111011 1011101 0101111*
L0108648 11011111 1111001 0111011 1011101 0101111*
L0108684 11011111 1111001 0111011 1011101 0101111*
L0108720 11011111 1111001 0111011 1011101 0101111*
L0108756 11011111 1111001 0111011 1011101 0101111*
L0108792 11011111 1111001 0111011 1011101 0101111*
L0108828 11011111 1111001 0111011 1011101 0101111*
L0108864 00000011 01000011 00000011 00000011 10000011*
L0108904 00000011 00000011 00000011 11000011 010000*
L0108942 000001 000000 100000 100001 000110*
L0108972 00110011 10000011 10000011 10000011 00000011*
L0109012 00000011 00000011 11000011 00001111 100011*
L0109050 000000 000001 000001 000000 000001*
L0109080 00000011 00000011 00000011 00000011 00000011*
L0109120 00000011 00000011 00000011 00000011 000000*
L0109158 000000 000000 000000 000000 000000*
L0109188 00000011 00000011 00000011 00000011 00000011*
L0109228 01000011 00000011 01000011 00000011 000000*
L0109266 000000 000000 000000 000000 000000*
L0109296 00000011 00000011 00000011 00000011 00000011*
L0109336 00000011 00000011 00000011 00000011 000000*
L0109374 000000 000000 000000 000000 000000*
L0109404 00000011 00000011 00000011 00000011 00000011*
L0109444 00000111 00000011 00000011 00000011 000000*
L0109482 000000 000000 000000 000000 000000*
L0109512 00000011 00000011 00000011 10000011 00000011*
L0109552 00000011 00000011 00001111 00000011 000000*
L0109590 000000 000000 000000 000000 000000*
L0109620 00110011 00000011 00000011 00000011 00000011*
L0109660 00000011 00000011 00000011 00001111 100011*
L0109698 000000 000000 000000 000000 000001*
L0109728 00000011 00000011 00000011 00000011 00000011*
L0109768 00000011 00000011 00000011 00000011 000000*
L0109806 000000 000000 000000 000000 000000*
L0109836 00000011 00000011 00000011 00000011 00000011*
L0109876 00000011 00000011 00000011 00000011 100000*
L0109914 000000 000000 000000 000000 000000*
L0109944 00000011 00000011 00000011 00000011 00000011*
L0109984 00000011 00000011 00000011 00000011 000000*
L0110022 000000 000000 000000 000000 000000*
L0110052 00000011 00000011 00000011 00000011 00000011*
L0110092 00000011 11111111 00000011 00000011 000000*
L0110130 000000 111110 000000 000000 000000*
L0110160 00000000 00000000 00000000 00000000 00000000*
L0110200 00000000 00000000 00000000 00000001 000000*
L0110238 000000 000000 000000 000000 000000*
L0110268 00000010 00000011 00000011 00000010 00000011*
L0110308 00000011 00000000 00000011 00000010 000000*
L0110346 100000 000000 000000 000000 000000*
L0110376 00000000 00000000 00000000 00000010 00000000*
L0110416 00000000 00000000 00000000 00001101 000011*
L0110454 000000 000000 000001 000000 000001*
L0110484 00110011 00000000 00000000 00000001 00000000*
L0110524 00000000 00000011 00000000 00000000 100000*
L0110562 000000 000001 000110 000000 000000*
L0110592 00000001 00000001 00000011 00000010 00000001*
L0110632 00000011 00000010 00000011 01000011 000000*
L0110670 000001 000000 100000 000000 000000*
L0110700 00000011 01000011 00000000 00000011 00000010*
L0110740 00000010 00000011 00000010 00000010 000000*
L0110778 000000 000000 000000 100001 000000*
L0110808 00000001 00000001 00000011 00000010 00000001*
L0110848 00000011 00000010 00000011 00000011 000010*
L0110886 000000 000000 000000 000000 000000*
L0110916 00000011 00000011 00000000 00000011 00000010*
L0110956 00000010 00000011 00000010 00001010 000000*
L0110994 000000 000000 000000 000000 000000*
L0111024 00000001 00000011 00000011 00000010 00000001*
L0111064 00000011 00000010 00000011 00000011 000000*
L0111102 000000 000000 000000 000000 000000*
L0111132 00000011 00000001 00000010 00000011 00000010*
L0111172 00000010 00000011 00000010 10000010 000000*
L0111210 000000 000000 100000 000000 000000*
L0111240 00000011 00000011 00000011 00000011 00000011*
L0111280 00000011 00000011 00000011 00000011 000000*
L0111318 000000 000000 000000 000000 000000*
L0111348 01000001 00000011 00000011 00000010 00000001*
L0111388 00000011 00000010 00000011 00000011 000000*
L0111426 000000 000000 000000 100000 000000*
L0111456 00000001 00000001 00000011 00000010 00000011*
L0111496 00000011 00000010 00000011 00001011 000000*
L0111534 000000 000000 000000 000000 000000*
L0111564 00000011 00000001 00000001 00000011 00000010*
L0111604 00000011 00000011 00000010 00000011 000010*
L0111642 000000 000000 000000 000000 000000*
L0111672 00110000 01000000 00000000 00000000 00000000*
L0111712 00000000 00000000 00000000 11001101 110011*
L0111750 000000 000000 100000 100001 000001*
L0111780 10000011 00001100 00000000 00000011 00000000*
L0111820 11000000 00000011 00000000 00000001 000000*
L0111858 000000 000000 000000 000000 000000*
L0111888 00000011 00000011 00000011 00000011 00000011*
L0111928 00000011 00000011 00000011 00000011 000000*
L0111966 000000 000000 000000 000000 000000*
L0111996 01000011 00000011 00000011 00000011 00000011*
L0112036 00000011 00000011 00000011 00000011 000000*
L0112074 000000 000000 000000 000000 000000*
L0112104 00110011 00000011 00000011 00001111 00000011*
L0112144 00000011 00000011 00000011 00000011 100000*
L0112182 000000 000000 000000 000000 000001*
L0112212 00000011 00000011 10000011 00000011 00000011*
L0112252 00000011 00000011 00000011 00001111 000011*
L0112290 000000 000000 000000 000000 000000*
L0112320 00000011 00000011 00000011 00000011 00000011*
L0112360 00000011 00000011 00000011 00000011 000000*
L0112398 000000 000000 000000 000000 000000*
L0112428 10000011 11000011 10000011 10000011 10000011*
L0112468 00000011 00000011 00000011 00000011 000000*
L0112506 000001 000001 000001 000000 000000*
L0112536 00000011 00000011 00000011 00000011 00000011*
L0112576 00000011 00000011 00000011 00000011 000000*
L0112614 000000 000000 000000 000000 000000*
L0112644 00000001 00000000 00000000 00000001 00000000*
L0112684 00000000 00000011 00000000 00000000 000000*
L0112722 010000 000000 000000 000000 000000*
L0112752 00000010 00000011 00000011 00000010 00001111*
L0112792 00000011 00000000 00000011 00000011 000000*
L0112830 000000 000000 000000 000000 000000*
L0112860 00110010 00000011 00000011 00000010 00000011*
L0112900 00000011 00000000 00000011 00001111 000011*
L0112938 000000 000000 000000 000000 000000*
L0112968 00010011 00000011 00001111 00000011 00000011*
L0113008 00000011 00000011 00000011 00000011 100000*
L0113046 000000 000000 000000 000000 000001*
L0113076 00100011 10000011 00000011 00000011 00000011*
L0113116 00000011 00000011 00000011 00001111 000011*
L0113154 000000 000000 000000 000000 000000*
L0113184 00000011 01000011 00000011 00000010 00000011*
L0113224 00000011 00000010 00000011 00000011 000000*
L0113262 000000 000000 000000 100001 000000*
L0113292 00000010 00000011 00000011 00000010 10000011*
L0113332 00000011 00000010 00000011 10000011 010000*
L0113370 000000 000000 000000 000000 000000*
L0113400 00000011 00000011 00000011 00000011 00000011*
L0113440 00000011 00000001 00000011 00000011 000001*
L0113478 000000 000000 000000 000000 000000*
L0113508 00000011 00000011 00000011 00000011 00000011*
L0113548 00000011 00000011 00000011 00000111 000000*
L0113586 000000 000000 000000 000000 000000*
L0113616 00000001 00000000 00000000 00000011 00000000*
L0113656 00000000 00000011 00000000 00000000 000000*
L0113694 000000 000000 000000 000000 000000*
L0113724 00000010 00000011 00000011 00000000 00000011*
L0113764 00100011 00000000 00000011 00000011 000000*
L0113802 000000 000000 000000 000000 000000*
L0113832 00000011 00000011 00000011 00000011 00000011*
L0113872 00000011 00000011 00000011 00000011 000000*
L0113910 000000 000000 000000 000000 000000*
L0113940 00000011 00000011 00000011 00000011 00000011*
L0113980 00000011 00000011 00000011 00000011 000000*
L0114018 001000 000000 000000 000000 000000*
L0114048 00000011 00000011 00000011 00000011 00000011*
L0114088 00000011 00000011 00000011 00000111 000000*
L0114126 000000 000000 000000 000000 000000*
L0114156 00000011 00001000 00001000 00001011 00001000*
L0114196 00000000 00000011 00001000 00000001 000001*
L0114234 000000 000000 000100 000100 000100*
L0114264 00000000 00000000 00000000 00000000 00000000*
L0114304 00000000 00000000 00000000 00000000 000000*
L0114342 000000 000000 000000 000000 000000*
L0114372 00000000 00000000 00000000 00000000 00000000*
L0114412 00010000 00000000 00000000 00000000 000000*
L0114450 000000 000000 000000 000000 000000*
L0114480 00000001 00000001 00000000 00000010 00000000*
L0114520 00000010 00000010 00000010 00000010 000000*
L0114558 000000 000000 000000 000000 000000*
L0114588 00000001 00000001 00000000 00000010 00000000*
L0114628 00000010 00000010 00000010 00000010 000000*
L0114666 000100 000000 000000 000000 000000*
L0114696 00010001 00000001 00000010 00000010 00000000*
L0114736 00000010 00000010 00000010 00001110 000011*
L0114774 000000 000001 000000 000000 000001*
L0114804 00100001 00000011 00000011 00000011 00000010*
L0114844 00000011 00000001 00000011 00000001 100000*
L0114882 000000 000000 000001 000110 000000*
L0114912 00000000 00000011 00000011 00000010 00000011*
L0114952 00000011 00000011 00000001 00000011 000000*
L0114990 000000 000000 000000 000000 000000*
L0115020 00000001 00001111 00001111 00001110 00001111*
L0115060 00000011 00000011 00001101 00000001 000000*
L0115098 000000 000000 000110 000110 000110*
L0115128 00000010 00000001 00000001 00000001 00000010*
L0115168 00000010 00000000 00000011 00000001 000000*
L0115206 000000 000000 000000 000000 000000*
L0115236 00001111 00000011 00000001 00000010 00000011*
L0115276 00000011 00000001 00000011 00000001 000000*
L0115314 000000 000000 000000 000000 000000*
L0115344 00000010 00000011 00000001 00000000 00000011*
L0115384 00000011 00000001 00000011 00000001 000000*
L0115422 000000 000000 000000 000000 000000*
L0115452 00000001 00000011 00000011 00000010 00000011*
L0115492 00001010 00000000 00000001 00000011 000000*
L0115530 000000 000000 000000 000000 000000*
L0115560 00000011 00000001 00000001 00000010 00000011*
L0115600 00000011 00000001 00000011 00000011 000000*
L0115638 000000 000000 000000 000000 000000*
L0115668 00000011 00000001 00000011 00000010 00000011*
L0115708 00000011 00000001 00000011 00000011 000000*
L0115746 000010 000000 000000 000000 000000*
L0115776 00000011 00000001 00000011 00000000 00000011*
L0115816 00000011 00000001 00000011 00000011 000000*
L0115854 000000 000000 000000 000000 000000*
L0115884 00000001 00000011 00000011 00000011 00000010*
L0115924 10000011 00000001 10000011 00000011 000000*
L0115962 000000 000000 000000 000000 000000*
L0115992 00000000 00000011 00000011 00000010 00000010*
L0116032 00000010 00000001 00000011 00000011 000000*
L0116070 000000 000000 000000 000000 000000*
L0116100 00000001 00000001 00000011 00000011 00000011*
L0116140 00000011 00000011 00000011 00000011 000000*
L0116178 000000 000000 000000 000000 000001*
L0116208 00000011 00000011 00000011 00000011 00000011*
L0116248 00000011 00000001 00000011 00000011 000000*
L0116286 000000 000000 000000 000000 000000*
L0116316 00000011 00000011 00000011 00000011 00000011*
L0116356 00000011 00000011 00000011 01000011 010000*
L0116394 000000 000000 000000 000001 000000*
L0116424 00000011 00000011 00000011 00000011 00000011*
L0116464 00000011 00000011 00000011 00000011 000000*
L0116502 000000 000000 000000 000000 000000*
L0116532 00000011 00110011 00000011 00000011 00000011*
L0116572 00000011 00000011 00000011 00000011 000000*
L0116610 000000 000000 000000 000000 000000*
L0116640 00111001 1011100 1110011 0010000 1101101*
L0116676 00111001 1011100 1110011 0010000 1101101*
L0116712 00111001 1011100 1110011 0010000 1101101*
L0116748 00111001 1011100 1110011 0010000 1101101*
L0116784 00111001 1011100 1110011 0010000 1101101*
L0116820 00111001 1011100 1110011 0010000 1101101*
L0116856 00111001 1011100 1110011 0010000 1101101*
L0116892 00111001 1011100 1110011 0010000 1101101*
L0116928 00111001 1011100 1110011 0010000 1101101*
L0116964 00111001 1011100 1110011 0010000 1101101*
L0117000 00111001 1011100 1110011 0010000 1101101*
L0117036 00111001 1011100 1110011 0010000 1101101*
L0117072 00111001 1011100 1110011 0010000 1101101*
L0117108 00111001 1011100 1110011 0010000 1101101*
L0117144 00111001 1011100 1110011 0010000 1101101*
L0117180 00111001 1011100 1110011 0010000 1101101*
L0117216 00111001 1011100 1110011 0010000 1101101*
L0117252 00111001 1011100 1110011 0010000 1101111*
L0117288 00111001 1011100 1110011 0010000 1101101*
L0117324 00111001 1011100 1110011 0110000 1101101*
L0117360 00111001 1011100 1110011 0010000 1101101*
L0117396 00111001 1011110 1110011 0010000 1101101*
L0117432 00111001 1011100 1110011 0010000 1101101*
L0117468 00111001 1011100 1110011 0010000 1101101*
L0117504 00111001 1011100 1111011 0010000 1101101*
L0117540 00111001 1011100 1110011 0010000 1101101*
L0117576 00111001 1011100 1110011 0010000 1101101*
L0117612 01111001 1011100 1110011 0010000 1101101*
L0117648 00111001 1011100 1110011 0010000 1101101*
L0117684 00111001 1011100 1110011 0010000 1101101*
L0117720 00111001 1011100 1110011 0010000 1101101*
L0117756 00111001 1011100 1110011 0010000 1101101*
L0117792 00111001 1011100 1110011 0010000 1101101*
L0117828 00111001 1011100 1110011 0010000 1101101*
L0117864 00111001 1011100 1110011 0010000 1101101*
L0117900 00111011 1011100 1110011 0010000 1101101*
L0117936 00111001 1011100 1110011 0010000 1101101*
L0117972 00111001 1011100 1110011 0010000 1101101*
L0118008 00111001 1011100 1110011 0010000 1101101*
L0118044 00111101 1011100 1110011 0010000 1101101*
L0118080 00111001 1011100 1110011 0010000 1101101*
L0118116 00111001 1011100 1110011 0010000 1101101*
L0118152 00111001 1011100 1110011 0010000 1101101*
L0118188 00111001 1011100 1110011 0010000 1101101*
L0118224 00111001 1011100 1110011 0010000 1101101*
L0118260 00111001 1011100 1110111 0010000 1101101*
L0118296 00111001 1011100 1110011 0010000 1101101*
L0118332 00111001 1011100 1110011 0010010 1101101*
L0118368 00111001 1011100 1110011 0010000 1101101*
L0118404 00111001 1011100 1110011 0010000 1101101*
L0118440 00111001 1011100 1110011 0010010 1101101*
L0118476 00111001 1011100 1110011 0010000 1101101*
L0118512 00111001 1011100 1110011 0010000 1101101*
L0118548 00111001 1011100 1110011 0010000 1101101*
L0118584 00111001 1011100 1110011 0010000 1101101*
L0118620 00111001 1011100 1110011 0010000 1101101*
L0118656 00111001 1011100 1110011 0010000 1101101*
L0118692 00111001 1011100 1110011 0010010 1101101*
L0118728 00111001 1011100 1110011 0010000 1101101*
L0118764 00111001 1011100 1110011 0010000 1101101*
L0118800 00111001 1011100 1110011 0010010 1101101*
L0118836 00111001 1011100 1110011 0010000 1101101*
L0118872 00111001 1011100 1110011 0010000 1101101*
L0118908 00111001 1011100 1110011 0010000 1101101*
L0118944 00111001 1011100 1110011 0010010 1101101*
L0118980 00111001 1011100 1110011 0010000 1101101*
L0119016 00111001 1011100 1110011 0010010 1101101*
L0119052 10111001 1011100 1110011 0010000 1101101*
L0119088 00111001 1011100 1110011 1010000 1101101*
L0119124 00111001 1011100 1110011 0010010 1101101*
L0119160 00111001 1011100 1110011 1010000 1101101*
L0119196 00111001 1011100 1110011 0010010 1101101*
L0119232 00111001 1011100 1110011 0010010 1101101*
L0119268 00111001 1011100 1110011 0010000 1101101*
L0119304 00111001 1011100 1110011 0010000 1101101*
L0119340 00111001 1011100 1110011 0010000 1101101*
L0119376 00111001 1011100 1110011 0010000 1101101*
L0119412 00111001 1011100 1110011 0010000 1101101*
L0119448 00111001 1011100 1110011 0010000 1101101*
L0119484 00111001 1011100 1110011 0010000 1101101*
L0119520 00111001 1011100 1110011 0010000 1101101*
L0119556 00111001 1011100 1110011 0010000 1101101*
L0119592 00111001 1011100 1110011 0010000 1101101*
L0119628 00111001 1011100 1110011 0010000 1101101*
L0119664 00111001 1011100 1110011 0010010 1101101*
L0119700 00111001 1011100 1110011 0010000 1101101*
L0119736 00111001 1011100 1110011 0010000 1101101*
L0119772 00111001 1011100 1110011 0010000 1101101*
L0119808 00111001 1011100 1110011 0010000 1101101*
L0119844 00111001 1011100 1110011 0010000 1101101*
L0119880 00111001 1011100 1110011 0010000 1101101*
L0119916 00111001 1011100 1110011 0010000 1101101*
L0119952 00111001 1011100 1110011 0010000 1101101*
L0119988 00111001 1011100 1110011 0010000 1101101*
L0120024 00111001 1011100 1110011 0110000 1101101*
L0120060 00111001 1011100 1110011 0010000 1101101*
L0120096 00111001 1011100 1110011 0010000 1101101*
L0120132 00111001 1011100 1110011 0010000 1101101*
L0120168 00111001 1011100 1110011 0010000 1101101*
L0120204 00111001 1011100 1110011 0010000 1101101*
L0120240 00111001 1011100 1110011 0010000 1101101*
L0120276 00111001 1011100 1110011 0010000 1101101*
L0120312 00111001 1011100 1110011 0010010 1101101*
L0120348 00111001 1011100 1110011 0010000 1101101*
L0120384 00111001 1011100 1110011 0010000 1101101*
L0120420 00111001 1011100 1110011 0010000 1101101*
L0120456 00111001 1011100 1110011 0010000 1101101*
L0120492 00111001 1011100 1110011 0010010 1101101*
L0120528 00111001 1011100 1110011 0010000 1101101*
L0120564 00111001 1011100 1110011 0010000 1101101*
L0120600 00111001 1011100 1110011 0010000 1101101*
L0120636 00111001 1011101 1110011 0010000 1101101*
L0120672 00111001 1011100 1110011 0010000 1101101*
L0120708 00111001 1011100 1110011 0010000 1101101*
L0120744 00111001 1011100 1110011 0010000 1101101*
L0120780 00111001 1011100 1110011 0010000 1101101*
L0120816 00111001 1011100 1110011 0010000 1101101*
L0120852 00111001 1011100 1110011 0010000 1101101*
L0120888 10111001 1011100 1110011 0010000 1101101*
L0120924 10111001 1011100 1110011 0010000 1101101*
L0120960 00111001 1011100 1110011 0011000 1101101*
L0120996 00111001 1011100 1110011 0010000 1101101*
L0121032 00111001 1011100 1110011 0010000 1101101*
L0121068 00111001 1011100 1110011 0010000 1101101*
L0121104 00111001 1011100 1110011 0010000 1101101*
L0121140 00111001 1011100 1110011 0010000 1101101*
L0121176 00111001 1011100 1110011 0010000 1101101*
L0121212 00111001 1011100 1110011 0010000 1101101*
L0121248 00111001 1011100 1110011 0010000 1101101*
L0121284 00111001 1011100 1110011 0010000 1101101*
L0121320 00111001 1011100 1110011 0010000 1101101*
L0121356 00111001 1011100 1110011 0010000 1101101*
L0121392 00111001 1011100 1110011 0010000 1101101*
L0121428 00111001 1011100 1110011 0010000 1101101*
L0121464 00111001 1011100 1110011 0010000 1101101*
L0121500 00111001 1011100 1110011 0010000 1101101*
L0121536 00111001 1011100 1110011 0010000 1101101*
L0121572 00111001 1011100 1110011 0010000 1101101*
L0121608 00111001 1011100 1110011 0010000 1101101*
L0121644 00111001 1011100 1110011 0010000 1101101*
L0121680 00111001 1011100 1110011 0010000 1101101*
L0121716 00111001 1011100 1110011 0010000 1101101*
L0121752 00111001 1011100 1110011 0010000 1101101*
L0121788 00111001 1011100 1110011 0010000 1101101*
L0121824 00111001 1011100 1110011 0010000 1101101*
L0121860 00111001 1011100 1110011 0010000 1101101*
L0121896 00111001 1011100 1110011 0010000 1101101*
L0121932 00111001 1011100 1110011 0010000 1101101*
L0121968 00111001 1011100 1110011 0010000 1101101*
L0122004 00111001 1011100 1110011 0010000 1101101*
L0122040 00111001 1011100 1110011 0010000 1101101*
L0122076 00111001 1011100 1110011 0010000 1101101*
L0122112 00111001 1011100 1110011 0010000 1101101*
L0122148 00111001 1011100 1110011 0010000 1101101*
L0122184 00111001 1011100 1110011 0010000 1101101*
L0122220 00111001 1011100 1110011 0010000 1101101*
L0122256 00111001 1011100 1110011 0010000 1101101*
L0122292 00111001 1011100 1110011 0010000 1101101*
L0122328 00111001 1011100 1110011 0010000 1101101*
L0122364 00111001 1011100 1110011 0010000 1101101*
L0122400 00111001 1011100 1110011 0010000 1101101*
L0122436 00111001 1011100 1110011 0010000 1101101*
L0122472 00111001 1011100 1110011 0010000 1101101*
L0122508 00111001 1011100 1110011 0010000 1101101*
L0122544 00111001 1011100 1110011 0010000 1101101*
L0122580 00111001 1011100 1110011 0010000 1101101*
L0122616 00111001 1011100 1110011 0010000 1101101*
L0122652 00111001 1011100 1110011 0010000 1101101*
L0122688 00111001 1011100 1110011 0010000 1101101*
L0122724 00111001 1011100 1110011 0010000 1101101*
L0122760 00111001 1011100 1110011 0010000 1101101*
L0122796 00111001 1011100 1110011 0010000 1101101*
L0122832 00111001 1011100 1110011 0010000 1101101*
L0122868 00111001 1011100 1110011 0010000 1101101*
L0122904 00111001 1011100 1110011 0010000 1101101*
L0122940 00111001 1011100 1110011 0010000 1101101*
L0122976 00111001 1011100 1110011 0010000 1101101*
L0123012 00111001 1111100 1110011 0010000 1101101*
L0123048 00111001 1011100 1110011 0010000 1101101*
L0123084 00111001 1011100 1110011 0010100 1101101*
L0123120 00111001 1011100 1110011 0010000 1101101*
L0123156 00111001 1011100 1110011 0010000 1101101*
L0123192 00111001 1011100 1110011 0010000 1101101*
L0123228 00111001 1011100 1110011 0010000 1101101*
L0123264 00111001 1011100 1110011 0010000 1101101*
L0123300 00111001 1011100 1110011 0010000 1101101*
L0123336 00111001 1011100 1110011 0010000 1101101*
L0123372 00111001 1011100 1110011 0010000 1101101*
L0123408 00111001 1011100 1110011 0010000 1101101*
L0123444 00111001 1011100 1110011 0010000 1101101*
L0123480 00111001 1011100 1110011 0010000 1101101*
L0123516 00111001 1011100 1110011 0010000 1101101*
L0123552 00111001 1011100 1110011 0010000 1111101*
L0123588 00111001 1011100 1110011 0010000 1101101*
L0123624 00111001 1011100 1110011 0010000 1101101*
L0123660 00111001 1011100 1110011 0010000 1101101*
L0123696 00111001 1011100 1110011 0010000 1101101*
L0123732 00111001 1011100 1110011 0010000 1101101*
L0123768 00111001 1011100 1110011 0010010 1101101*
L0123804 00111001 1011100 1110011 0010000 1101101*
L0123840 00111001 1011100 1110011 0010000 1101101*
L0123876 00111001 1011100 1110011 0010000 1101101*
L0123912 00111001 1011100 1110011 0010000 1101101*
L0123948 00111001 1011100 1110011 0010000 1101101*
L0123984 00111001 1011100 1110011 0010001 1101101*
L0124020 00111001 1011100 1110011 0010000 1101101*
L0124056 00111001 1011100 1110011 0010000 1101101*
L0124092 00111001 1011100 1110011 0010000 1101101*
L0124128 00111001 1011100 1110011 0010000 1101101*
L0124164 00111001 1011100 1110011 0010000 1101101*
L0124200 00111001 1011100 1110011 0010000 1101101*
L0124236 00111001 1011100 1110011 0010000 1101101*
L0124272 00111001 1011100 1110011 0010000 1101101*
L0124308 00111001 1011100 1110011 0010000 1101101*
L0124344 00111001 1011100 1110011 0010000 1101101*
L0124380 00111001 1011100 1110011 0010000 1101101*
L0124416 00000011 00000011 00000011 00000011 00000011*
L0124456 00000011 00000011 00000011 00000011 000000*
L0124494 000000 000000 000000 000000 000000*
L0124524 00000011 00000011 00000011 00000011 00000011*
L0124564 00000011 00000011 10000011 10000011 000000*
L0124602 000000 000000 000000 100000 100000*
L0124632 00000011 00000011 00000011 00000011 00000011*
L0124672 00000011 00000011 00000011 00000011 000000*
L0124710 000000 000000 000000 000000 000000*
L0124740 00000011 00000111 00100011 00000011 00000011*
L0124780 00000011 00000011 00000011 00000011 000000*
L0124818 010000 000001 010010 000000 000000*
L0124848 00000011 00000011 00000011 00000011 00000011*
L0124888 00000011 00000011 00000011 00000011 000000*
L0124926 000000 000000 000000 000000 000000*
L0124956 00000011 00000011 00000011 00000011 00000011*
L0124996 00001011 00000011 00001011 00000011 000000*
L0125034 000000 000000 000000 000000 000000*
L0125064 00100011 10100011 11000011 11000011 10000011*
L0125104 00000011 00000011 10000011 11100011 011000*
L0125142 000000 000000 001000 111000 110000*
L0125172 00000011 00001011 00000011 00000011 00000011*
L0125212 11100011 00000011 00000011 00000011 000000*
L0125250 110000 000000 000000 000000 000000*
L0125280 00000011 00000011 00000011 00000011 00000011*
L0125320 00000011 00000011 00000011 00000011 000000*
L0125358 000000 000000 000000 000000 000000*
L0125388 00000011 00000011 00000011 00000011 00000011*
L0125428 00000011 00000011 00000011 00000011 100000*
L0125466 100000 000000 100100 000000 000000*
L0125496 00000011 00000011 00000011 00000011 00000011*
L0125536 00000011 00000011 00000011 00000011 000000*
L0125574 000000 000000 000000 000000 000000*
L0125604 00000011 00000011 01000011 01000011 00000011*
L0125644 00000011 00000011 00000011 01000011 010000*
L0125682 000000 000000 000000 000000 000000*
L0125712 00000010 00000000 00100000 00000000 01000000*
L0125752 00000000 00000010 00000000 00000000 100000*
L0125790 000000 000000 000001 000000 001000*
L0125820 01110100 00000010 11000010 00000000 00000011*
L0125860 00010010 00000000 10000011 00000000 000000*
L0125898 001111 000000 001000 000000 000000*
L0125928 00000010 00100000 00000000 11000000 00000000*
L0125968 00000000 00000010 00000000 10000000 000000*
L0126006 000000 000000 000000 001000 000000*
L0126036 00000001 00000000 00100000 00000011 01000000*
L0126076 00000000 00000001 00000000 00000001 100000*
L0126114 000000 000000 000001 000000 001000*
L0126144 00000011 00000010 00000000 00000011 00000000*
L0126184 00000000 00000011 00000000 00000011 000000*
L0126222 000000 000000 000000 000000 000000*
L0126252 00000000 01000001 00000011 00000001 01000011*
L0126292 01000011 00000001 01000011 00000000 000000*
L0126330 000000 000000 000000 000000 000000*
L0126360 00000011 00000011 00000001 00000011 00000000*
L0126400 00000001 00000011 00000000 00000011 000000*
L0126438 000000 000000 000000 000000 000000*
L0126468 00000001 00000001 00000011 00000001 00000011*
L0126508 00100011 00000011 00100011 00000001 000000*
L0126546 000000 000000 000000 000000 001000*
L0126576 00000011 00000011 00000001 00000011 00000001*
L0126616 00000001 00000011 00000001 00000011 000000*
L0126654 000000 000000 000000 000000 000000*
L0126684 00000001 00000001 00000011 00000001 00000011*
L0126724 00000011 11100011 00000011 00000001 000000*
L0126762 000000 110000 000000 000000 000000*
L0126792 01010111 00000011 00100011 00000011 01000011*
L0126832 00010011 00000011 00000011 00000011 100000*
L0126870 001111 000000 000001 000000 001000*
L0126900 00000011 10000001 00000001 00000011 00000001*
L0126940 00000011 00000011 00000011 01100011 000000*
L0126978 000000 000000 000000 110000 000000*
L0127008 00100011 10100011 11000011 11000011 10000011*
L0127048 00000001 00000011 10000001 11100001 011000*
L0127086 000000 000000 001000 111000 110000*
L0127116 10000010 00000011 00000011 00000011 00000011*
L0127156 00000011 00000001 01100011 00000001 000000*
L0127194 000000 000000 110000 000000 000000*
L0127224 00000110 00000000 00000000 00000000 00000000*
L0127264 00000000 00000010 00000000 00000000 000000*
L0127302 000000 000000 000000 000000 000000*
L0127332 01010011 00000000 00000000 00000011 00000000*
L0127372 00010000 00000011 00000000 00000001 000000*
L0127410 001111 000000 000000 000000 000000*
L0127440 00000011 00000011 00000011 00000011 00000011*
L0127480 00000011 00000011 00000011 00000011 000000*
L0127518 000000 000000 000000 000000 000000*
L0127548 01010111 00000011 00000011 00000011 00000011*
L0127588 00010011 00000011 00000011 00000011 000000*
L0127626 001111 000000 000000 000000 000000*
L0127656 00000011 00000011 00000011 00000011 00000011*
L0127696 00000011 00000011 00000011 00000011 000000*
L0127734 000000 001000 000000 000000 000000*
L0127764 00000011 00000011 00000011 00000011 00000011*
L0127804 00000011 00000011 00000011 00000011 000000*
L0127842 000000 000000 000000 000000 000000*
L0127872 00000011 00000011 00000011 00000011 00000011*
L0127912 00000011 00010011 00000011 00000011 000000*
L0127950 000000 000000 000000 000000 000000*
L0127980 00000011 00000011 00000011 00000011 00000011*
L0128020 00000011 00000011 00000011 00000011 000000*
L0128058 000000 000000 000000 000000 000000*
L0128088 00000011 00000011 00000011 00000011 00000011*
L0128128 00000011 00000011 00000011 00000011 000000*
L0128166 000000 000000 000000 000000 000000*
L0128196 00000001 00000001 00000001 00000011 00000000*
L0128236 00000101 00000001 00000100 00000011 000000*
L0128274 000000 000000 000000 000000 000000*
L0128304 00000010 00000010 00000010 00000000 00000011*
L0128344 00000010 00000010 00000011 00000000 000000*
L0128382 000000 000100 000000 000000 000000*
L0128412 00000010 00000010 00000010 00000000 00000011*
L0128452 00000010 00000010 00000011 00000000 000000*
L0128490 000000 000000 000000 000000 000000*
L0128520 00000011 00000011 00000011 00000011 00000011*
L0128560 00000011 00000011 00000011 00000011 000000*
L0128598 000000 000000 000000 000000 000000*
L0128628 00000011 10000011 10000011 10000011 10000011*
L0128668 00000011 00000011 00000011 00000011 000000*
L0128706 000000 000000 000000 000000 000000*
L0128736 00000011 00000011 00000011 00000011 00000011*
L0128776 00000011 00000011 00000011 00000011 000000*
L0128814 000000 000000 000000 000000 000000*
L0128844 00001010 00000010 00000010 00000001 00000011*
L0128884 00000010 00000011 00000011 00000000 000000*
L0128922 000000 000000 000000 000000 000000*
L0128952 00000011 00000011 00000011 00000011 00000011*
L0128992 00000011 00000010 00000011 00000011 000000*
L0129030 000000 000000 000000 000000 000000*
L0129060 10000011 00000011 00000011 00000011 00000011*
L0129100 10000011 00000011 00010011 00000011 000000*
L0129138 000000 000000 000001 000000 000000*
L0129168 00000001 00000000 00000000 00000011 00000000*
L0129208 00000000 00000001 00000000 00001001 000000*
L0129246 000000 000000 000000 000000 000000*
L0129276 00000010 00000011 00000011 00000000 00000011*
L0129316 00001011 00000010 00000011 00000010 000000*
L0129354 000000 000000 000000 000000 000000*
L0129384 00000011 00000011 00000011 00000011 00000011*
L0129424 00000011 00000011 00000011 00000011 000000*
L0129462 000000 000000 000000 000000 000000*
L0129492 00000011 00010011 00000011 00000011 00000011*
L0129532 00000011 00000011 00000011 00000011 000000*
L0129570 000000 000000 000000 000000 000000*
L0129600 00000011 00000011 00100011 00000011 01000011*
L0129640 00000011 00000011 00000011 00000011 100000*
L0129678 000000 000000 000001 000000 001000*
L0129708 00000011 00000000 00000000 00000011 10000000*
L0129748 00000000 00000011 00000000 00000001 011000*
L0129786 000000 000000 000000 000000 110000*
L0129816 00000000 00000000 00000000 00000000 00000000*
L0129856 00000000 00001000 00000000 00001000 000000*
L0129894 000000 000000 000000 000000 000000*
L0129924 00000000 00000000 00000000 00000000 00000000*
L0129964 00000000 00000000 00001000 00000000 000000*
L0130002 000000 000000 000000 000000 000000*
L0130032 00000000 00000000 00000000 00000001 00000000*
L0130072 00000000 00000001 00000000 00000000 000000*
L0130110 000000 000000 000000 000000 000000*
L0130140 00000001 00000001 00000001 00000001 00000000*
L0130180 00000001 00000011 00000000 00001001 000000*
L0130218 000000 000000 000000 000000 000000*
L0130248 01010001 00000001 00000001 00000001 00000001*
L0130288 00000001 00000011 00000001 00000001 000000*
L0130326 000001 000000 000000 000000 000000*
L0130356 00000101 00000001 00000011 00000001 00000011*
L0130396 00010010 00000000 00000001 00000001 000000*
L0130434 001110 000000 000000 000000 000000*
L0130464 00000001 00000011 00000011 00000010 00000010*
L0130504 00000010 00000001 00000001 00000001 000000*
L0130542 000000 000010 000000 000000 000000*
L0130572 00000001 00000011 00000011 00000010 00000011*
L0130612 00000011 00000000 00000011 00000011 000000*
L0130650 000000 000000 000000 000000 000000*
L0130680 00000001 00000001 00000011 00000000 00000010*
L0130720 00000010 00000001 00000011 00000011 000000*
L0130758 000000 000000 000000 000000 000000*
L0130788 00000011 00000011 00000001 00000010 00000011*
L0130828 00000011 00000011 00000011 00100001 001000*
L0130866 000000 000000 001000 001000 000000*
L0130896 01010001 00000011 00000011 00000010 00000011*
L0130936 00010010 00000001 00000011 00000011 000000*
L0130974 001111 000000 000000 000000 000000*
L0131004 00000101 00000011 00000011 00000010 00000011*
L0131044 00000011 00000011 00000001 00000001 000000*
L0131082 000000 000000 000000 000000 000000*
L0131112 00000001 00000011 00000011 00000000 00000010*
L0131152 00000011 00000000 00000011 00000111 000000*
L0131190 000000 000000 000000 000000 000000*
L0131220 00000001 00000001 00000011 00000000 00000011*
L0131260 00000111 00000001 00000011 00000011 000000*
L0131298 000000 000000 000000 000000 000000*
L0131328 00000011 00000001 00000011 00000000 00000010*
L0131368 00000010 00000101 00000011 00000111 000000*
L0131406 000000 000000 000000 000000 000000*
L0131436 00000011 00000001 00000011 00000010 00000011*
L0131476 00000011 00000001 00000111 00000011 000000*
L0131514 000000 000000 000000 000000 000000*
L0131544 00000001 00000011 00000011 00000001 00000011*
L0131584 00000010 00000000 00000011 00000011 000000*
L0131622 000000 000000 000000 000000 000000*
L0131652 00100001 00100001 00000011 00000011 00000011*
L0131692 00000011 00000011 00000011 00000011 000000*
L0131730 000000 000000 000000 010000 010000*
L0131760 00000011 00000011 00000011 00000011 00000011*
L0131800 00000011 00000001 00000011 00000011 000000*
L0131838 000000 000000 000000 000000 000000*
L0131868 00000011 00000011 00000011 00000011 00000011*
L0131908 00000011 00000011 00000011 00000111 000000*
L0131946 000000 000000 000000 000000 000000*
L0131976 00000011 00000011 00000011 00000011 00000011*
L0132016 00000011 00000011 00000011 00000011 000000*
L0132054 000000 000000 000000 000000 000000*
L0132084 00000011 00000011 00010011 00000011 00000011*
L0132124 00000011 00000011 00000011 00000011 000000*
L0132162 000000 000000 000000 000000 000000*
L0132192 11000011 1010100 1011010 0110101 1101110*
L0132228 11000011 1010100 1011010 0110101 1101110*
L0132264 11000011 1010100 1011010 0110101 1101110*
L0132300 11000011 1010100 1011010 0110101 1101110*
L0132336 11000011 1010100 1011010 0110101 1101110*
L0132372 11000011 1010100 1011010 0110101 1101110*
L0132408 11000011 1010100 1011010 0110101 1101110*
L0132444 11000011 1010100 1011010 0111101 1101110*
L0132480 11000011 1010100 1011010 0110101 1101110*
L0132516 11000111 1010100 1011010 0110101 1101110*
L0132552 11000011 1010100 1011010 0110101 1101110*
L0132588 11000011 1010100 1011010 0110101 1101110*
L0132624 11000011 1010100 1011010 0110111 1101110*
L0132660 11000011 1010100 1011010 1110101 1101110*
L0132696 11000011 1010100 1011010 0110101 1101110*
L0132732 11000011 1010100 1011010 0110101 1101110*
L0132768 11000011 1010100 1011010 0110101 1101110*
L0132804 11000011 1010100 1011010 0110101 1101110*
L0132840 11000011 1010100 1011010 0110101 1101110*
L0132876 11000011 1010100 1111010 0110101 1101110*
L0132912 11000011 1010100 1011010 0110101 1101110*
L0132948 11000011 1010100 1011010 0110101 1101110*
L0132984 11000011 1010100 1011010 0110101 1101110*
L0133020 11000011 1010100 1011010 0110101 1101110*
L0133056 11000011 1010100 1011010 0110101 1101110*
L0133092 11000011 1010100 1011010 0110101 1101110*
L0133128 11000011 1010100 1011010 0110101 1101110*
L0133164 11000011 1010100 1011010 0110101 1101110*
L0133200 11000011 1010100 1011010 0110101 1101110*
L0133236 11000011 1010100 1011010 0110101 1101110*
L0133272 11000011 1010100 1011011 0110101 1101110*
L0133308 11000011 1010100 1011010 0110101 1101110*
L0133344 11000011 1010100 1011010 0110101 1101110*
L0133380 11000011 1010100 1011010 0110101 1101110*
L0133416 11000011 1010100 1011010 0110101 1101110*
L0133452 11000011 1010100 1011010 0110101 1101110*
L0133488 11000011 1010100 1011010 0110101 1101111*
L0133524 11000011 1010100 1011010 0110101 1101110*
L0133560 11000011 1010100 1011010 0110101 1101110*
L0133596 11000011 1010100 1011010 0110101 1101110*
L0133632 11001011 1010100 1011010 0110101 1101110*
L0133668 11000011 1010100 1011010 0110101 1101110*
L0133704 11000011 1010100 1011010 0110101 1101110*
L0133740 11000011 1010100 1011010 0110101 1101110*
L0133776 11000011 1010100 1011010 0110101 1101110*
L0133812 11000011 1010100 1011010 0110101 1101110*
L0133848 11000011 1010110 1011010 0110101 1101110*
L0133884 11000011 1010100 1011010 0110101 1101110*
L0133920 11000011 1010100 1011010 0110101 1101110*
L0133956 11000011 1010100 1011010 0110101 1101110*
L0133992 11000011 1010100 1011010 0110101 1101110*
L0134028 11000011 1010100 1011010 0110101 1101110*
L0134064 11000011 1010100 1011010 0110101 1101110*
L0134100 11000011 1010100 1011010 0110101 1101110*
L0134136 11100011 1010100 1011010 0110101 1101110*
L0134172 11000011 1010100 1011010 0110101 1101110*
L0134208 11000011 1010100 1011010 0110101 1101110*
L0134244 11000011 1010100 1011010 0110101 1101110*
L0134280 11000011 1010100 1011010 0110101 1101110*
L0134316 11000011 1010100 1011010 0110101 1101110*
L0134352 11000011 1010100 1011010 0110101 1101110*
L0134388 11000011 1010100 1011010 0110101 1101110*
L0134424 11000011 1010100 1011010 0110101 1111110*
L0134460 11000011 1010100 1011010 0110101 1101110*
L0134496 11000011 1010100 1011010 0110101 1101110*
L0134532 11000011 1010100 1011010 0110101 1101110*
L0134568 11000011 1010100 1011010 0110101 1101110*
L0134604 11000011 1110100 1011010 0110101 1101110*
L0134640 11000011 1010100 1011010 0110101 1111110*
L0134676 11000011 1010100 1011010 0110101 1101110*
L0134712 11000011 1010100 1011010 0110101 1111110*
L0134748 11000011 1010100 1011010 0110101 1101110*
L0134784 11000011 1010100 1011010 0110101 1101110*
L0134820 11000011 1010100 1011010 0110101 1101110*
L0134856 11000011 1010100 1011010 0110101 1101110*
L0134892 11000011 1010100 1011010 0110101 1101110*
L0134928 11000011 1010100 1011010 0110101 1101110*
L0134964 11000011 1010100 1011010 0110101 1101110*
L0135000 11000011 1010100 1011010 0110101 1101110*
L0135036 11000011 1010100 1011010 0110101 1101110*
L0135072 11000011 1010100 1011010 0110101 1101110*
L0135108 11000011 1010100 1011010 0110101 1101110*
L0135144 11000011 1010100 1011010 0110101 1101110*
L0135180 11000011 1010100 1011010 0110101 1101110*
L0135216 11000011 1010100 1011010 0110101 1101110*
L0135252 11000011 1010100 1011010 0110101 1101110*
L0135288 11000011 1010100 1011010 0110101 1101110*
L0135324 11000011 1010100 1011010 0110101 1101110*
L0135360 11000011 1010100 1011010 0110101 1101110*
L0135396 11010011 1010100 1011010 0110101 1101110*
L0135432 11000011 1010100 1011010 0110101 1101110*
L0135468 11000011 1010100 1011010 0110101 1101110*
L0135504 11000011 1010100 1011010 0110101 1101110*
L0135540 11000011 1010100 1011010 0110101 1101110*
L0135576 11000011 1010100 1111010 0110101 1101110*
L0135612 11000011 1010100 1011010 0110101 1101110*
L0135648 11000011 1010100 1011010 0110101 1101110*
L0135684 11000011 1010100 1011010 0110101 1101110*
L0135720 11000011 1010100 1011010 0110101 1101110*
L0135756 11000011 1010100 1011010 0110101 1101110*
L0135792 11000011 1010100 1011010 0110101 1101110*
L0135828 11000011 1010100 1011010 0110101 1101110*
L0135864 11000011 1010100 1011010 0110101 1101110*
L0135900 11000011 1010100 1011010 0110101 1101110*
L0135936 11000011 1010100 1011010 0110101 1101110*
L0135972 11000011 1010100 1011010 0110101 1101110*
L0136008 11000011 1010100 1011010 0110101 1101110*
L0136044 11000011 1010100 1011010 0110101 1101110*
L0136080 11000011 1010100 1011010 0110101 1101110*
L0136116 11000011 1010100 1011010 0110101 1101110*
L0136152 11000011 1010100 1011010 0110101 1101110*
L0136188 11000011 1010100 1011010 0110101 1101110*
L0136224 11000011 1010100 1011010 0110101 1101110*
L0136260 11000011 1010100 1011010 0110101 1101110*
L0136296 11000011 1010100 1011010 0110101 1101110*
L0136332 11000011 1010100 1011010 0110101 1101110*
L0136368 11000011 1010100 1011010 0110101 1101110*
L0136404 11000011 1010100 1011010 0110101 1101110*
L0136440 11000011 1110100 1011010 0110101 1101110*
L0136476 11000011 1110100 1011010 0110101 1101110*
L0136512 11000011 1010100 1011010 0110101 1111110*
L0136548 11000011 1010100 1011010 0110101 1101110*
L0136584 11000011 1010100 1011010 0110101 1101110*
L0136620 11000011 1010100 1011010 0110101 1101110*
L0136656 11000011 1010100 1011010 0110101 1101110*
L0136692 11000011 1010100 1011010 0110101 1101110*
L0136728 11000011 1010100 1011010 0110101 1101110*
L0136764 11000011 1010100 1011010 0110101 1101110*
L0136800 11000011 1010100 1011010 0110101 1101110*
L0136836 11000011 1010100 1011010 0110101 1101110*
L0136872 11000011 1010100 1011010 0110101 1101110*
L0136908 11000011 1010100 1011010 0110101 1101110*
L0136944 11000011 1011100 1011010 0110101 1101110*
L0136980 11000011 1010100 1011010 0110101 1101110*
L0137016 11000011 1010100 1011010 0110101 1101110*
L0137052 11000011 1010100 1011010 0110101 1101110*
L0137088 11000011 1010100 1011010 0110101 1101110*
L0137124 11000011 1010100 1011010 0110101 1101110*
L0137160 11000011 1010100 1011010 0110101 1101110*
L0137196 11000011 1010100 1011010 0110101 1101110*
L0137232 11000011 1010100 1011010 0110101 1101110*
L0137268 11000011 1010100 1011010 0110101 1101110*
L0137304 11000011 1010100 1011010 0110101 1101110*
L0137340 11000011 1010100 1011010 0110101 1101110*
L0137376 11000011 1010100 1011010 0110101 1101110*
L0137412 11000011 1010100 1011010 0110101 1101110*
L0137448 11000011 1010100 1011010 0110101 1101110*
L0137484 11000011 1010100 1011010 0110101 1101110*
L0137520 11000011 1010100 1011010 0110101 1101110*
L0137556 11000011 1010100 1011010 0110101 1101110*
L0137592 11000011 1010100 1011010 0110101 1101110*
L0137628 11000011 1010100 1011010 0110101 1101110*
L0137664 11000011 1010100 1011010 0110101 1101110*
L0137700 11000011 1010100 1011010 0110101 1101110*
L0137736 11000011 1010100 1011010 0110101 1101110*
L0137772 11000011 1010100 1011010 0110101 1101110*
L0137808 11000011 1010100 1011010 0110101 1101110*
L0137844 11000011 1010100 1011010 0110101 1101110*
L0137880 11000011 1010100 1011010 0110101 1101110*
L0137916 11000011 1010100 1011010 0110101 1101110*
L0137952 11000011 1010100 1011010 0110101 1101110*
L0137988 11000011 1010100 1011010 0110101 1101110*
L0138024 11000011 1010100 1011010 0110101 1101110*
L0138060 11000011 1010100 1011010 0110101 1101110*
L0138096 11000011 1010100 1011010 0110101 1101110*
L0138132 11000011 1010100 1011010 0110101 1101110*
L0138168 11000011 1010100 1011010 0110101 1101110*
L0138204 11000011 1010100 1011010 0110101 1101110*
L0138240 11000011 1010100 1011010 0110101 1101110*
L0138276 11000011 1010100 1011010 0110101 1101110*
L0138312 11000011 1010100 1011010 0110101 1101110*
L0138348 11000011 1010100 1011010 0110101 1101110*
L0138384 11000011 1010100 1011010 0110101 1101110*
L0138420 11000011 1010100 1011010 0110101 1101110*
L0138456 11000011 1010100 1011010 0110101 1101110*
L0138492 11000011 1010100 1011010 0110101 1101110*
L0138528 11000011 1010100 1011010 0110101 1101110*
L0138564 11000011 1010100 1011010 0110101 1101110*
L0138600 11000011 1010100 1011010 0110101 1101110*
L0138636 11000011 1010100 1011010 0110101 1101110*
L0138672 11000011 1010100 1011010 0110101 1101110*
L0138708 11000011 1010100 1011010 0110101 1101110*
L0138744 11000011 1010100 1011010 0110101 1101110*
L0138780 11000011 1010100 1011010 0110101 1101110*
L0138816 11000011 1010100 1011010 0110101 1101110*
L0138852 11000011 1010100 1011010 0110101 1101110*
L0138888 11000011 1010100 1011010 0110101 1101110*
L0138924 11000011 1010100 1011010 0110101 1101110*
L0138960 11000011 1010100 1011010 0110101 1101110*
L0138996 11000011 1010100 1011010 0110101 1101110*
L0139032 11000011 1010100 1011010 0110101 1101110*
L0139068 11000011 1010100 1011010 0110101 1101110*
L0139104 11000011 1010100 1011010 0110101 1101110*
L0139140 11000011 1010100 1011010 0110101 1101110*
L0139176 11000011 1010100 1011010 0110101 1101110*
L0139212 11000011 1010100 1011010 0110101 1101110*
L0139248 11000011 1010100 1011010 0110101 1101110*
L0139284 11000011 1010100 1011010 0110101 1101110*
L0139320 11000011 1010100 1011010 0110101 1101110*
L0139356 11000011 1010100 1011010 0110101 1101110*
L0139392 11000011 1010100 1011010 0110101 1101110*
L0139428 11000011 1010100 1011010 0110101 1101110*
L0139464 11000011 1010100 1011010 0110101 1101110*
L0139500 11000011 1010100 1011010 0110101 1101110*
L0139536 11000011 1010100 1011010 0110101 1101110*
L0139572 11000011 1010100 1011010 0110101 1101110*
L0139608 11000011 1010100 1011010 0110101 1101110*
L0139644 11000011 1010100 1011110 0110101 1101110*
L0139680 11000011 1010101 1011010 0110101 1101110*
L0139716 11000011 1010100 1011010 0110101 1101110*
L0139752 11000011 1010100 1011010 0110101 1101110*
L0139788 11000011 1010100 1011010 0110101 1101110*
L0139824 11000011 1010100 1011010 0110101 1101110*
L0139860 11000011 1010100 1011010 0110101 1101110*
L0139896 11000011 1010100 1011010 0110101 1101110*
L0139932 11000011 1010100 1011010 0110101 1101110*
L0139968 00000011 00000011 00000011 00000011 00000011*
L0140008 00000011 00000011 00000011 00000011 000000*
L0140046 000000 000000 000000 000000 000000*
L0140076 00000011 00000011 00000011 00000011 00000011*
L0140116 00000011 00000011 00000011 00000011 000000*
L0140154 000100 000000 000100 000000 000000*
L0140184 00000011 00000011 00000011 00000011 00000011*
L0140224 00000011 00000011 00000011 00000011 000000*
L0140262 000000 000000 000000 000000 000000*
L0140292 00000011 00010011 00000011 00000011 00000011*
L0140332 00000011 00000011 00000011 00000011 000000*
L0140370 000000 000000 000000 000000 000000*
L0140400 00000011 00000011 00000011 00000011 00000011*
L0140440 00000011 00000011 00000011 00000011 000000*
L0140478 000000 000000 000000 000000 000000*
L0140508 00000011 00000011 00000011 00000011 00000011*
L0140548 00001011 00000011 00001011 00000011 000000*
L0140586 000000 000000 000000 000000 000000*
L0140616 00000011 00000011 10011111 00011111 00001111*
L0140656 00000011 00000011 00000011 00011111 000111*
L0140694 000000 000000 000001 000111 000110*
L0140724 00010011 10000111 00000011 10000011 10000011*
L0140764 00100011 00000011 00011111 00000011 000000*
L0140802 001000 000001 000110 000000 000001*
L0140832 00000011 00000011 00000011 00000011 00000011*
L0140872 00000011 00000011 00000011 00000011 000000*
L0140910 000000 000000 000000 000000 000000*
L0140940 00000011 00001011 00000011 00000011 00000011*
L0140980 00000011 00000011 00000011 00000011 000000*
L0141018 000000 000000 000000 000000 000000*
L0141048 00000011 00000011 00000011 00000011 00000011*
L0141088 00000011 00000011 00000011 00000011 000000*
L0141126 000000 000000 000000 000000 000000*
L0141156 00000011 00000011 00000011 00000011 00000111*
L0141196 00000011 00000011 00000011 00000011 000000*
L0141234 000000 000000 000000 000000 000000*
L0141264 00000000 00000010 00000010 00000010 00000000*
L0141304 00000000 00000000 00000000 00000000 000000*
L0141342 000000 000000 000000 000000 000000*
L0141372 00000000 00001011 00000011 00000010 00000001*
L0141412 00000001 01000001 00000001 00000001 000000*
L0141450 000000 010000 000000 000000 000000*
L0141480 00000010 00000010 00000010 00000010 00000000*
L0141520 00000000 00000000 00000000 00000000 000000*
L0141558 000000 000000 000000 000000 000000*
L0141588 00000001 00000010 10001010 00001011 00000010*
L0141628 00000010 00000011 00000010 00000011 000000*
L0141666 000000 000000 000000 000000 000000*
L0141696 00000011 00000010 00000010 00000011 00000010*
L0141736 00000010 00000010 00000010 00000010 000000*
L0141774 000000 000000 000000 000000 000000*
L0141804 00000000 10000011 00000011 00000010 00001011*
L0141844 00000011 00000011 00000011 00000011 000000*
L0141882 000001 000001 000001 000001 000001*
L0141912 00000011 00000010 00000010 00000011 00000011*
L0141952 00000010 00000010 00000010 00000010 000000*
L0141990 000000 000000 000000 000000 000000*
L0142020 00000000 00001011 00000011 00000010 00000010*
L0142060 00000011 01000011 00000011 00000011 000000*
L0142098 000000 000000 000000 000000 000000*
L0142128 00000011 00000011 00000010 00000011 00000011*
L0142168 00000011 00000011 00000010 00000010 000000*
L0142206 000000 000000 000000 000000 000000*
L0142236 00000101 00000110 00000011 00000010 00000010*
L0142276 00000010 00000010 00000011 00000011 000000*
L0142314 000000 000000 000000 000000 000000*
L0142344 00000001 00000011 00000011 00000011 00000011*
L0142384 00000011 00000011 00000011 00000011 000000*
L0142422 000000 000000 000000 000000 000000*
L0142452 00000011 00000010 00000010 00000011 00000010*
L0142492 00010010 00000010 00010010 00000011 000000*
L0142530 000000 000000 000000 000000 000000*
L0142560 00000011 00000011 00000011 00000011 00000011*
L0142600 00000011 00000011 00000011 00000010 000000*
L0142638 000000 000000 000000 000000 000000*
L0142668 00000001 00000011 00000011 00000011 10000011*
L0142708 00000011 00000011 00000011 00000011 000000*
L0142746 000000 000000 000000 000000 000000*
L0142776 00010000 10000010 00000010 00000010 10000000*
L0142816 00100000 00000000 00000000 00000000 000000*
L0142854 001000 000000 000000 000000 000000*
L0142884 00000011 00000010 00000010 10000011 00000010*
L0142924 00000010 00000011 00000010 00000011 000000*
L0142962 000000 000000 000000 000000 000001*
L0142992 00000011 00000011 00000011 00000011 00000011*
L0143032 00000011 00000011 00000011 00000011 000000*
L0143070 000000 000000 000000 000000 000000*
L0143100 00000011 00000011 00000011 00000011 00000011*
L0143140 00000011 00000011 00000011 00000011 000000*
L0143178 000000 000000 000000 000000 000010*
L0143208 00000011 00000011 00000011 00000011 00000011*
L0143248 00000011 00000011 00000011 00000011 000000*
L0143286 000000 000000 000000 000000 000000*
L0143316 00000011 00000011 00000011 00000011 00000011*
L0143356 00000011 00000011 00000011 00000011 000000*
L0143394 000000 000000 000000 000100 000100*
L0143424 00000011 00000011 00000011 00000011 00000011*
L0143464 00000011 00000011 00000011 00000011 000000*
L0143502 000000 000000 000000 000000 000000*
L0143532 00000011 00000011 00000011 00000011 00000011*
L0143572 00000011 00000011 00000011 00000011 000100*
L0143610 000000 000000 000000 000000 000000*
L0143640 00000011 00000011 00000011 00000011 00000011*
L0143680 00000011 00000011 00000011 00000011 000000*
L0143718 000000 000000 000000 000000 000000*
L0143748 00000011 00000000 00000000 00000001 00000010*
L0143788 00000110 00100010 00000110 00000010 000000*
L0143826 000000 000000 000000 000000 000000*
L0143856 00000000 00000011 00000011 00000010 00000001*
L0143896 00000001 00000001 00000001 00000001 000000*
L0143934 000000 000000 000000 000000 000000*
L0143964 00000000 00000011 00000011 00000010 00000001*
L0144004 00000001 00000001 00000001 00000001 000010*
L0144042 000000 000000 000000 000000 000000*
L0144072 00010011 00000011 10011111 10011111 10001111*
L0144112 00100011 00000011 00000011 00011111 000111*
L0144150 001000 000000 000000 000110 000110*
L0144180 00000111 00000011 00000011 00000011 00000011*
L0144220 00011111 00000011 00000011 00000011 000000*
L0144258 000111 000000 000000 000000 000000*
L0144288 00000001 00000011 00000011 00000010 00000001*
L0144328 00000001 00000001 00000011 00000011 000000*
L0144366 000000 000000 000000 000000 000000*
L0144396 10101010 00000011 00000011 00000011 00000011*
L0144436 01000011 00000011 00000001 00000001 000000*
L0144474 010000 000000 000000 000000 000000*
L0144504 00000011 00000011 00011111 00000011 00000011*
L0144544 00000011 00000011 00000011 00001111 000000*
L0144582 000000 000000 000001 000100 000000*
L0144612 00000011 00000011 10000011 00010011 00001111*
L0144652 00000011 00000011 00000011 00000011 000110*
L0144690 000000 000000 000000 000000 000010*
L0144720 00000011 00000000 00000000 00000001 00000000*
L0144760 00000000 00000001 00000010 00000011 000000*
L0144798 000000 000001 000000 000000 000000*
L0144828 00010000 00000011 00000011 10000010 10000011*
L0144868 00100011 00000010 00000001 00000000 000000*
L0144906 001000 000000 000000 000000 000000*
L0144936 00000011 00000011 00000011 00000011 00000011*
L0144976 00000011 00000011 00000011 00000011 000000*
L0145014 000000 000000 000000 000000 000000*
L0145044 00000011 00101011 00000011 00000011 00000011*
L0145084 00000011 01000011 00000011 00000011 000000*
L0145122 000000 010000 000000 000000 000000*
L0145152 00000011 00000011 10000011 00010011 00001111*
L0145192 00000011 00000011 00000011 00000011 000110*
L0145230 000000 000000 000000 000000 000010*
L0145260 00000011 00000010 00000010 00001111 00000010*
L0145300 00000010 00000011 00000010 00010011 000001*
L0145338 000000 000000 000000 000011 000100*
L0145368 00000000 00000010 00000010 00000010 00000000*
L0145408 00000000 00000000 00000000 00000000 000000*
L0145446 000000 000000 000000 000000 000000*
L0145476 00000000 00000010 00000010 00000010 00000000*
L0145516 00000000 00000000 00000000 00001000 000000*
L0145554 000000 000000 000000 000010 000000*
L0145584 00000000 00000010 00000010 00000010 00000010*
L0145624 00000010 00000010 00000010 00000010 000000*
L0145662 000000 000000 000000 000000 000000*
L0145692 00000000 00000010 00000010 00000010 00000010*
L0145732 00000010 00000010 00000010 00000110 000001*
L0145770 000000 000000 000000 000000 000000*
L0145800 00000001 00000010 00000010 00000010 10000010*
L0145840 00000010 00000010 00000010 00000010 000000*
L0145878 000000 000000 000000 000000 000001*
L0145908 00010011 10000011 00000011 10000001 00000010*
L0145948 00100011 00000000 00000011 00000001 000000*
L0145986 001000 000000 000000 000000 000000*
L0146016 00000001 00000011 00000011 00000010 00000011*
L0146056 00000010 00000001 00000001 00000011 000000*
L0146094 000000 000000 000000 000000 000000*
L0146124 00000010 00000011 00000001 00010010 00000010*
L0146164 00000010 00000001 00000001 00000011 000000*
L0146202 000000 000000 000000 000000 000000*
L0146232 00000011 00000001 00000011 00000011 00000011*
L0146272 00000010 00000000 00000001 00000001 000000*
L0146310 000000 000000 000000 000000 000000*
L0146340 00010001 00000011 00000011 00000000 00000010*
L0146380 00100010 00000011 00000011 00000001 000000*
L0146418 001000 000000 000000 000000 000000*
L0146448 00000000 00000011 00000001 00000010 00000010*
L0146488 00000010 00000011 00000001 00000011 000000*
L0146526 000000 000000 000000 000000 000000*
L0146556 00000011 00000001 00010001 00000000 00000010*
L0146596 00000010 00000011 00000011 00010001 000000*
L0146634 000000 000000 000000 000000 000000*
L0146664 00000001 00000011 00000011 00000010 00000011*
L0146704 00000011 00000001 00000011 00000011 000000*
L0146742 000000 000000 000000 000000 000000*
L0146772 00000000 00000001 00000011 00000001 00000010*
L0146812 00000011 00011110 00000011 00000011 000000*
L0146850 000000 000110 000000 000000 000000*
L0146880 00000011 00000001 00000011 00000000 00000011*
L0146920 00000011 00000001 00000011 00000001 000000*
L0146958 000000 000000 000000 000000 000000*
L0146988 00000001 00000001 00000011 00000001 00000010*
L0147028 00000011 00000001 00000011 00000011 000000*
L0147066 000000 001000 000000 000000 000000*
L0147096 00000001 00000011 00000001 00000011 00000010*
L0147136 00000010 00000001 00000011 00000001 000000*
L0147174 000000 000000 000000 000000 000000*
L0147204 00000001 00000001 00000011 10000011 00000011*
L0147244 00000011 00000011 00000011 00000011 000000*
L0147282 000000 000000 000000 000000 000000*
L0147312 00000011 00000011 00000011 00000011 00000011*
L0147352 00000011 00000001 00000011 00000011 000000*
L0147390 000000 000000 000000 000000 000000*
L0147420 00000011 00000011 00000111 00000111 00000011*
L0147460 00000011 00000011 00000011 00000011 000000*
L0147498 000000 000000 000000 000000 000000*
L0147528 00000011 00000011 00000011 00000011 00000011*
L0147568 00000011 00000011 00000011 00000011 000000*
L0147606 000000 000000 000000 000000 000000*
L0147636 00000011 00000011 00000011 00000011 00000011*
L0147676 00000011 00000011 00000011 00000011 000000*
L0147714 000010 000000 000010 000000 000000*
L0147744 11111111 1111010 1111011 0111011 1111101*
L0147780 11111111 1111010 1111011 0111011 1111101*
L0147816 11111111 1111010 1111011 0111011 1111101*
L0147852 11111111 1111010 1111011 0111011 1111101*
L0147888 11111111 1111010 1111011 0111011 1111101*
L0147924 11111111 1111010 1111011 0111011 1111101*
L0147960 11111111 1111010 1111011 0111011 1111101*
L0147996 11111111 1111010 1111011 0111011 1111101*
L0148032 11111111 1111010 1111011 0111011 1111101*
L0148068 11111111 1111010 1111011 0111011 1111101*
L0148104 11111111 1111010 1111011 0111011 1111101*
L0148140 11111111 1111010 1111011 0111011 1111101*
L0148176 11111111 1111010 1111011 0111011 1111101*
L0148212 11111111 1111010 1111011 0111011 1111101*
L0148248 11111111 1111010 1111011 0111011 1111101*
L0148284 11111111 1111010 1111011 0111011 1111101*
L0148320 11111111 1111010 1111011 0111011 1111101*
L0148356 11111111 1111010 1111011 0111011 1111101*
L0148392 11111111 1111010 1111011 0111011 1111101*
L0148428 11111111 1111110 1111011 0111011 1111101*
L0148464 11111111 1111010 1111011 0111011 1111101*
L0148500 11111111 1111010 1111011 0111011 1111101*
L0148536 11111111 1111010 1111011 0111011 1111101*
L0148572 11111111 1111010 1111011 0111011 1111101*
L0148608 11111111 1111010 1111011 0111011 1111101*
L0148644 11111111 1111010 1111011 0111011 1111101*
L0148680 11111111 1111010 1111011 0111011 1111101*
L0148716 11111111 1111011 1111011 0111011 1111101*
L0148752 11111111 1111010 1111011 0111011 1111101*
L0148788 11111111 1111010 1111011 0111011 1111101*
L0148824 11111111 1111010 1111011 0111011 1111101*
L0148860 11111111 1111010 1111011 0111011 1111101*
L0148896 11111111 1111010 1111011 0111011 1111101*
L0148932 11111111 1111010 1111011 0111011 1111101*
L0148968 11111111 1111010 1111011 0111011 1111101*
L0149004 11111111 1111010 1111011 0111011 1111101*
L0149040 11111111 1111010 1111011 0111011 1111101*
L0149076 11111111 1111010 1111011 0111011 1111101*
L0149112 11111111 1111010 1111011 0111011 1111101*
L0149148 11111111 1111010 1111011 0111011 1111101*
L0149184 11111111 1111010 1111011 0111011 1111101*
L0149220 11111111 1111010 1111011 0111011 1111101*
L0149256 11111111 1111010 1111011 0111011 1111101*
L0149292 11111111 1111010 1111011 0111011 1111101*
L0149328 11111111 1111010 1111011 0111011 1111101*
L0149364 11111111 1111010 1111011 0111011 1111101*
L0149400 11111111 1111010 1111011 0111011 1111101*
L0149436 11111111 1111010 1111011 0111011 1111101*
L0149472 11111111 1111010 1111011 0111011 1111101*
L0149508 11111111 1111010 1111011 0111011 1111101*
L0149544 11111111 1111010 1111011 0111011 1111101*
L0149580 11111111 1111010 1111011 0111011 1111101*
L0149616 11111111 1111010 1111011 0111011 1111101*
L0149652 11111111 1111010 1111011 0111011 1111101*
L0149688 11111111 1111010 1111011 0111011 1111101*
L0149724 11111111 1111010 1111011 0111011 1111101*
L0149760 11111111 1111010 1111011 0111011 1111101*
L0149796 11111111 1111010 1111011 0111011 1111101*
L0149832 11111111 1111010 1111011 0111011 1111101*
L0149868 11111111 1111010 1111011 0111011 1111101*
L0149904 11111111 1111010 1111011 0111011 1111101*
L0149940 11111111 1111010 1111111 0111011 1111101*
L0149976 11111111 1111010 1111111 0111011 1111101*
L0150012 11111111 1111010 1111011 0111011 1111101*
L0150048 11111111 1111010 1111011 0111011 1111101*
L0150084 11111111 1111010 1111011 0111011 1111101*
L0150120 11111111 1111010 1111011 0111011 1111101*
L0150156 11111111 1111010 1111011 1111011 1111101*
L0150192 11111111 1111010 1111111 0111011 1111101*
L0150228 11111111 1111010 1111011 0111011 1111101*
L0150264 11111111 1111010 1111111 0111011 1111101*
L0150300 11111111 1111010 1111011 0111011 1111101*
L0150336 11111111 1111010 1111011 0111011 1111101*
L0150372 11111111 1111010 1111011 0111011 1111101*
L0150408 11111111 1111010 1111011 0111011 1111101*
L0150444 11111111 1111010 1111011 0111011 1111101*
L0150480 11111111 1111010 1111011 0111011 1111101*
L0150516 11111111 1111010 1111011 0111011 1111101*
L0150552 11111111 1111010 1111011 0111011 1111101*
L0150588 11111111 1111010 1111011 0111011 1111101*
L0150624 11111111 1111010 1111011 0111011 1111101*
L0150660 11111111 1111010 1111011 0111011 1111101*
L0150696 11111111 1111010 1111011 0111011 1111101*
L0150732 11111111 1111010 1111011 0111011 1111101*
L0150768 11111111 1111010 1111011 0111011 1111101*
L0150804 11111111 1111010 1111011 0111011 1111101*
L0150840 11111111 1111010 1111011 0111011 1111101*
L0150876 11111111 1111010 1111011 0111011 1111101*
L0150912 11111111 1111010 1111011 0111011 1111101*
L0150948 11111111 1111010 1111011 0111011 1111101*
L0150984 11111111 1111010 1111011 0111011 1111101*
L0151020 11111111 1111010 1111011 0111011 1111101*
L0151056 11111111 1111010 1111011 0111011 1111101*
L0151092 11111111 1111010 1111011 0111011 1111101*
L0151128 11111111 1111110 1111011 0111011 1111101*
L0151164 11111111 1111010 1111011 0111011 1111101*
L0151200 11111111 1111010 1111011 0111011 1111101*
L0151236 11111111 1111010 1111011 0111011 1111101*
L0151272 11111111 1111010 1111011 0111011 1111101*
L0151308 11111111 1111010 1111011 0111011 1111101*
L0151344 11111111 1111010 1111011 0111011 1111101*
L0151380 11111111 1111010 1111011 0111011 1111101*
L0151416 11111111 1111010 1111011 0111011 1111101*
L0151452 11111111 1111010 1111011 0111011 1111101*
L0151488 11111111 1111010 1111011 0111011 1111101*
L0151524 11111111 1111010 1111011 0111011 1111101*
L0151560 11111111 1111010 1111011 0111011 1111101*
L0151596 11111111 1111010 1111011 0111011 1111101*
L0151632 11111111 1111010 1111011 0111011 1111101*
L0151668 11111111 1111010 1111011 0111011 1111101*
L0151704 11111111 1111010 1111011 0111011 1111101*
L0151740 11111111 1111010 1111011 0111011 1111101*
L0151776 11111111 1111010 1111011 0111011 1111101*
L0151812 11111111 1111010 1111011 0111011 1111101*
L0151848 11111111 1111010 1111011 0111011 1111101*
L0151884 11111111 1111010 1111011 0111011 1111101*
L0151920 11111111 1111010 1111011 0111011 1111101*
L0151956 11111111 1111010 1111011 0111011 1111111*
L0151992 11111111 1111010 1111011 1111011 1111101*
L0152028 11111111 1111010 1111011 1111011 1111101*
L0152064 11111111 1111010 1111011 0111011 1111101*
L0152100 11111111 1111010 1111011 0111011 1111101*
L0152136 11111111 1111010 1111011 0111011 1111101*
L0152172 11111111 1111010 1111011 0111111 1111101*
L0152208 11111111 1111010 1111011 0111011 1111101*
L0152244 11111111 1111010 1111011 0111011 1111101*
L0152280 11111111 1111010 1111011 0111011 1111101*
L0152316 11111111 1111010 1111011 0111011 1111101*
L0152352 11111111 1111010 1111011 0111011 1111101*
L0152388 11111111 1111010 1111011 0111011 1111101*
L0152424 11111111 1111010 1111011 0111011 1111101*
L0152460 11111111 1111010 1111011 0111011 1111101*
L0152496 11111111 1111010 1111011 0111011 1111101*
L0152532 11111111 1111010 1111011 0111011 1111101*
L0152568 11111111 1111010 1111011 0111011 1111101*
L0152604 11111111 1111010 1111011 0111011 1111101*
L0152640 11111111 1111010 1111011 0111011 1111101*
L0152676 11111111 1111010 1111011 0111011 1111101*
L0152712 11111111 1111010 1111011 0111011 1111101*
L0152748 11111111 1111010 1111011 0111011 1111101*
L0152784 11111111 1111010 1111011 0111011 1111101*
L0152820 11111111 1111010 1111011 0111011 1111101*
L0152856 11111111 1111010 1111011 0111011 1111101*
L0152892 11111111 1111010 1111011 0111011 1111101*
L0152928 11111111 1111010 1111011 0111011 1111101*
L0152964 11111111 1111010 1111011 0111011 1111101*
L0153000 11111111 1111010 1111011 0111011 1111101*
L0153036 11111111 1111010 1111011 0111011 1111101*
L0153072 11111111 1111010 1111011 0111011 1111101*
L0153108 11111111 1111010 1111011 0111011 1111101*
L0153144 11111111 1111010 1111011 0111011 1111101*
L0153180 11111111 1111010 1111011 0111011 1111101*
L0153216 11111111 1111010 1111011 0111011 1111101*
L0153252 11111111 1111010 1111011 0111011 1111101*
L0153288 11111111 1111010 1111011 0111011 1111101*
L0153324 11111111 1111010 1111011 0111011 1111101*
L0153360 11111111 1111010 1111011 0111011 1111101*
L0153396 11111111 1111010 1111011 0111011 1111101*
L0153432 11111111 1111010 1111011 0111011 1111101*
L0153468 11111111 1111010 1111011 0111011 1111101*
L0153504 11111111 1111010 1111011 0111011 1111101*
L0153540 11111111 1111010 1111011 0111011 1111101*
L0153576 11111111 1111010 1111011 0111111 1111101*
L0153612 11111111 1111010 1111011 0111011 1111101*
L0153648 11111111 1111010 1111011 0111011 1111101*
L0153684 11111111 1111010 1111011 0111011 1111101*
L0153720 11111111 1111010 1111011 0111011 1111101*
L0153756 11111111 1111010 1111011 0111011 1111101*
L0153792 11111111 1111010 1111011 0111011 1111101*
L0153828 11111111 1111010 1111011 0111011 1111101*
L0153864 11111111 1111010 1111011 0111011 1111101*
L0153900 11111111 1111010 1111011 0111011 1111101*
L0153936 11111111 1111010 1111011 0111011 1111101*
L0153972 11111111 1111010 1111011 0111011 1111101*
L0154008 11111111 1111010 1111011 0111011 1111101*
L0154044 11111111 1111010 1111011 0111011 1111101*
L0154080 11111111 1111010 1111011 0111011 1111101*
L0154116 11111111 1111010 1111011 0111011 1111101*
L0154152 11111111 1111010 1111011 0111011 1111101*
L0154188 11111111 1111010 1111011 0111011 1111101*
L0154224 11111111 1111010 1111011 0111011 1111101*
L0154260 11111111 1111010 1111011 0111011 1111101*
L0154296 11111111 1111010 1111011 0111011 1111101*
L0154332 11111111 1111010 1111011 0111011 1111101*
L0154368 11111111 1111010 1111011 0111011 1111101*
L0154404 11111111 1111010 1111011 0111011 1111101*
L0154440 11111111 1111010 1111011 0111011 1111101*
L0154476 11111111 1111010 1111011 0111011 1111101*
L0154512 11111111 1111010 1111011 0111011 1111101*
L0154548 11111111 1111010 1111011 0111011 1111101*
L0154584 11111111 1111010 1111011 0111011 1111101*
L0154620 11111111 1111010 1111011 0111011 1111101*
L0154656 11111111 1111010 1111011 0111011 1111101*
L0154692 11111111 1111010 1111011 0111011 1111101*
L0154728 11111111 1111010 1111011 0111011 1111101*
L0154764 11111111 1111010 1111011 0111011 1111101*
L0154800 11111111 1111010 1111011 0111011 1111101*
L0154836 11111111 1111010 1111011 0111011 1111101*
L0154872 11111111 1111010 1111011 0111011 1111101*
L0154908 11111111 1111010 1111011 0111011 1111101*
L0154944 11111111 1111010 1111011 0111011 1111101*
L0154980 11111111 1111010 1111011 0111011 1111101*
L0155016 11111111 1111010 1111011 0111011 1111101*
L0155052 11111111 1111010 1111011 0111011 1111101*
L0155088 11111111 1111010 1111011 0111011 1111101*
L0155124 11111111 1111010 1111011 0111011 1111101*
L0155160 11111111 1111010 1111011 0111011 1111101*
L0155196 11111111 1111010 1111011 0111011 1111101*
L0155232 11111111 1111010 1111011 0111011 1111101*
L0155268 11111111 1111010 1111011 0111011 1111101*
L0155304 11111111 1111010 1111011 0111011 1111101*
L0155340 11111111 1111010 1111011 0111011 1111101*
L0155376 11111111 1111010 1111011 0111011 1111101*
L0155412 11111111 1111010 1111011 0111011 1111101*
L0155448 11111111 1111010 1111011 0111011 1111101*
L0155484 11111111 1111010 1111011 0111011 1111101*
L0155520 00000011 00000011 00000011 00000011 00000011*
L0155560 00000011 00000011 00000011 00000011 000000*
L0155598 000000 000000 000000 000000 000000*
L0155628 11111111 00000011 00000011 00000011 00000011*
L0155668 11111111 00000011 00000011 00000011 000000*
L0155706 001111 000000 000000 000000 000000*
L0155736 00000011 00000011 00000011 00000011 00000011*
L0155776 00000011 00000011 00000011 00000011 000000*
L0155814 000000 000000 000000 000000 000000*
L0155844 00000011 00000011 00000011 00000011 00000011*
L0155884 00000011 00000011 10000011 00000011 000000*
L0155922 000000 000000 000000 000000 000000*
L0155952 00000011 00000011 00000011 00000011 00000011*
L0155992 00000011 10000011 00000011 00000011 000000*
L0156030 000000 000000 000000 000000 000000*
L0156060 00000011 00000011 00000011 00000011 00000011*
L0156100 00000011 00000011 00000011 00000011 000000*
L0156138 000000 000000 000000 000000 000000*
L0156168 00000011 00000011 00000011 00000011 00000011*
L0156208 00000011 00000011 00000011 00000011 000000*
L0156246 000000 000000 000000 000000 000000*
L0156276 00000011 00000011 00000011 00000011 00000011*
L0156316 00000011 00000011 00000011 00000011 000000*
L0156354 000000 000000 000100 000000 000000*
L0156384 00000011 00000011 00000011 00000011 00000011*
L0156424 00000011 00000011 00000011 00000011 000000*
L0156462 000000 000000 000000 000000 000000*
L0156492 00000011 00000011 00000011 00000011 00000011*
L0156532 00000011 00000011 00000011 00000011 000000*
L0156570 100000 000000 100000 000000 000000*
L0156600 00000011 00000011 00000011 00000011 00000011*
L0156640 00000011 00000011 00000011 00000011 000000*
L0156678 000000 000000 000000 000000 000000*
L0156708 00000011 00001011 00000011 00000011 00000011*
L0156748 00000011 00000011 00100011 00000011 000000*
L0156786 000000 000000 000000 000000 000000*
L0156816 00000000 00000000 00000000 00000000 00000000*
L0156856 00000000 00000000 00000000 00000000 000000*
L0156894 000000 000010 000000 000000 000000*
L0156924 00000000 00000000 00000010 00000000 00000000*
L0156964 00000010 00000000 00000000 00000000 000000*
L0157002 000000 000000 000000 000000 000000*
L0157032 01111100 00000000 00000000 00000000 00000000*
L0157072 11111100 00000000 00000000 00000000 000000*
L0157110 001111 000000 000000 000000 000000*
L0157140 10000011 00000000 00000000 00000011 00000000*
L0157180 00000000 00000011 00000000 00000001 000000*
L0157218 000000 000000 000000 000000 000000*
L0157248 00000011 00000000 00000000 00000011 00000000*
L0157288 00000000 00000011 00000000 00000001 000000*
L0157326 000000 000000 000000 000000 000000*
L0157356 00000011 00000011 00000011 00000011 00000011*
L0157396 00000011 00000011 00000011 00000011 000000*
L0157434 010000 000000 010000 000000 000000*
L0157464 00000011 00000011 00000001 00000011 00000011*
L0157504 00000001 00000011 00000011 00000010 000000*
L0157542 000000 001000 000000 000000 000000*
L0157572 00000011 00000011 00000011 00000011 00000011*
L0157612 00000011 00000011 00000011 00000010 000000*
L0157650 000000 000000 000000 000000 000000*
L0157680 00000011 00000011 00000011 00000011 00000011*
L0157720 00000011 00000011 00000011 00000011 000000*
L0157758 000000 000000 000000 100000 000000*
L0157788 00000011 00000011 00000011 00000011 00000011*
L0157828 00000011 00000011 00000011 00000011 000000*
L0157866 100000 000000 000000 000000 000000*
L0157896 00000011 00000011 00000011 00000011 00000011*
L0157936 00000011 00010011 00000011 00000011 000000*
L0157974 000000 000000 000000 000000 000000*
L0158004 00000011 00000011 00000011 00000011 00000011*
L0158044 00000011 00000011 00000011 00000011 000000*
L0158082 000000 000000 000000 000000 000000*
L0158112 00000011 00000011 00000011 00000011 00000011*
L0158152 00000011 00000011 00000011 00000011 000000*
L0158190 000000 000000 000000 000000 000000*
L0158220 00000011 10000111 00000011 00000011 00000011*
L0158260 00000011 00000011 01000011 00000011 000000*
L0158298 000000 000000 000000 000000 000000*
L0158328 11111100 00000000 00000000 00000000 00000000*
L0158368 11111100 00000000 00000000 00000000 000000*
L0158406 001111 000000 000000 000000 000000*
L0158436 00000011 00000000 00000000 00000011 00000000*
L0158476 00000000 00000011 00000000 00000001 000000*
L0158514 000000 000000 000000 000000 000000*
L0158544 00000011 00000011 00000011 00000011 00000011*
L0158584 00000011 00000011 00000011 00000011 000000*
L0158622 000000 100000 000000 100000 000000*
L0158652 00000011 00000011 00000011 00000011 00000011*
L0158692 00000011 00000011 00000011 00000011 000000*
L0158730 000000 000000 100000 000000 000000*
L0158760 10000011 00000011 00000011 00000011 00000011*
L0158800 00000011 00000011 00000011 00000011 000000*
L0158838 000001 000000 000000 000000 000000*
L0158868 01111111 00000011 00000011 00000011 00000011*
L0158908 11111111 00000011 00000011 00000011 000000*
L0158946 001110 000000 000000 000000 000000*
L0158976 00000011 00000011 00000011 00000011 00000011*
L0159016 00000011 01000011 00000011 00000011 000000*
L0159054 000000 000000 000000 000000 000000*
L0159084 00000011 00000011 00000011 00000011 00000011*
L0159124 00000011 00000011 00000011 00000011 000000*
L0159162 000000 000000 000000 000000 000000*
L0159192 00000011 00000011 00000011 00000011 00000011*
L0159232 00000011 00000011 00000011 00000011 000000*
L0159270 000000 000000 000000 000000 000000*
L0159300 00000011 00000011 00000001 00000011 00000011*
L0159340 00000001 00000011 00000011 00000011 000000*
L0159378 000000 000001 000000 000000 000000*
L0159408 00000000 00000000 00000010 00000000 00000000*
L0159448 00000010 00000000 00000000 00000000 000000*
L0159486 000000 000000 000000 000000 000000*
L0159516 00000000 00000000 00000010 00000000 00000000*
L0159556 00000010 00000000 00000000 00000000 000000*
L0159594 000000 000000 000000 100000 000000*
L0159624 10000011 00000011 00000011 00000011 00000011*
L0159664 11111111 00000011 00000011 00000011 000000*
L0159702 001111 000000 000000 000000 000000*
L0159732 01111111 00000011 00000011 00000011 00000011*
L0159772 00000011 00000011 00000011 00000011 000000*
L0159810 000000 000000 000000 000000 000000*
L0159840 00000011 00000011 00000011 00000011 00000011*
L0159880 00000011 00100011 00000011 00000011 000000*
L0159918 000000 000000 000000 000000 000000*
L0159948 00000001 00000000 00000010 00000011 00000000*
L0159988 00000010 00000011 00000000 00000000 000000*
L0160026 000000 000000 000000 000000 000000*
L0160056 00000010 00000011 00000011 00000000 00000011*
L0160096 00000011 00000000 00000011 00000011 000000*
L0160134 000000 000000 000000 010000 000000*
L0160164 00000011 00000011 00000011 00000011 00000011*
L0160204 00000011 00000011 00000011 00000011 000000*
L0160242 010000 000000 000000 000000 000000*
L0160272 00000011 00000000 00000000 00000001 00000000*
L0160312 00000000 00000000 00000000 00000001 000000*
L0160350 000000 010000 000000 010000 000000*
L0160380 00000000 00000011 00000011 00000010 00000011*
L0160420 00000011 00000011 00000011 00000010 000000*
L0160458 000000 000000 010000 000000 000000*
L0160488 00000011 00000011 00000011 00000011 00000011*
L0160528 00000011 00000011 00000011 00000011 000000*
L0160566 000000 000000 000000 000000 000000*
L0160596 00000011 01000011 00000011 00000011 00000011*
L0160636 00000011 00000011 00000011 00000011 000000*
L0160674 000000 000000 000010 000000 000000*
L0160704 00000011 00000011 00000011 00000011 00000011*
L0160744 00000011 00000011 00000011 00000011 000000*
L0160782 000000 000000 000000 000000 000000*
L0160812 00000011 00000000 00000000 00000011 00000000*
L0160852 00000000 00000011 00000000 00000001 000000*
L0160890 000000 000000 000000 010000 000000*
L0160920 00000000 00000000 00000000 00000000 00000000*
L0160960 00000000 00000000 00000000 00000000 000000*
L0160998 000000 000100 000000 000000 000000*
L0161028 00000000 00000000 00000000 00000000 00000000*
L0161068 00000000 00000000 00000000 00000000 000000*
L0161106 000000 000000 000000 000000 000000*
L0161136 00000011 00000000 00000000 00000011 00000000*
L0161176 00000000 00001011 00000000 00000001 000000*
L0161214 000000 000000 000000 000000 000000*
L0161244 00000011 00000011 00000001 00000011 00000011*
L0161284 00000001 00000011 00000011 00000010 000000*
L0161322 000000 000000 000000 000000 000000*
L0161352 00000011 00000011 00000011 00000011 00000011*
L0161392 00000011 00000011 00000011 00000011 000000*
L0161430 000000 000000 000000 000000 000000*
L0161460 00000000 00010011 00000011 00000010 00000011*
L0161500 00000011 00000011 00000011 00000001 000000*
L0161538 000000 000000 001000 000000 000000*
L0161568 00000011 00000001 00000001 00000001 00000010*
L0161608 00000011 00000110 00000001 00000001 000000*
L0161646 000000 000000 000000 000000 000000*
L0161676 00000011 00000001 00000011 00000011 00000010*
L0161716 00000010 00000011 00000001 00000001 000000*
L0161754 000000 000000 000000 000000 000000*
L0161784 00000011 00000011 00000001 00000011 00000010*
L0161824 00000011 00000001 00000011 00000011 000000*
L0161862 000000 000000 000000 000000 000000*
L0161892 00000011 00000001 00000011 00000000 00000011*
L0161932 00000011 00000001 00000111 00000001 000000*
L0161970 000000 000000 000000 000000 000000*
L0162000 00000011 00000001 00000001 00000001 00000011*
L0162040 00000010 00000011 00000001 00000011 000000*
L0162078 000000 000000 000000 000001 000000*
L0162108 00000001 00000011 00000011 00000011 00000010*
L0162148 00000011 00000001 00000001 00000011 000000*
L0162186 000000 000000 000000 000000 000000*
L0162216 00000001 00000011 00000011 00000010 00000010*
L0162256 00000011 00000000 00000011 00000011 000000*
L0162294 000000 000000 000000 000000 000000*
L0162324 00000001 00000011 00000011 00000010 00000011*
L0162364 00000011 00000001 00001011 00000011 000000*
L0162402 000000 000001 000000 000000 000000*
L0162432 00000011 00000001 00000001 00000010 00000010*
L0162472 00000010 00000001 00000011 00000011 000000*
L0162510 000000 000000 000000 000000 000000*
L0162540 00000000 00000011 00000011 00000011 00000011*
L0162580 00000011 00000011 00000001 00000011 000000*
L0162618 000000 000000 000000 000000 000000*
L0162648 00000011 00000011 00000011 00000010 00000010*
L0162688 00000010 00000011 00000011 00000011 000000*
L0162726 000000 000000 000000 000000 000000*
L0162756 00000001 00000011 00000011 00000011 00000011*
L0162796 00000011 00000011 00000011 00000011 000000*
L0162834 000000 000000 000000 000000 000000*
L0162864 00000011 00000011 00000011 00000011 00000011*
L0162904 00000011 00000001 00000011 00000011 000000*
L0162942 000000 000000 000000 000000 000000*
L0162972 00000011 00000011 00000011 00000011 00000011*
L0163012 00000011 00000011 00000011 00000011 000000*
L0163050 000000 000000 000000 000000 000000*
L0163080 00000011 00000011 00000011 00000011 00000011*
L0163120 00000011 00000011 00000011 00000011 000000*
L0163158 000000 000000 000000 000000 000000*
L0163188 00000011 00100011 00000011 00000011 00000011*
L0163228 00000011 00000011 00010011 00000011 000000*
L0163266 000000 000000 000000 000000 000000*
L0163296 01011001 1111001 0111011 1110101 1101011*
L0163332 01011001 1111001 0111011 1110101 1101011*
L0163368 01011001 1111001 0111011 1110101 1101011*
L0163404 01011001 1111001 0111011 1110101 1101011*
L0163440 01011001 1111001 0111011 1110101 1101011*
L0163476 01011001 1111001 0111011 1110101 1101011*
L0163512 01011001 1111001 0111011 1110101 1101011*
L0163548 01011001 1111001 0111011 1110101 1101011*
L0163584 01011001 1111001 0111011 1110101 1101011*
L0163620 01011001 1111001 0111011 1110101 1101011*
L0163656 01011001 1111001 0111011 1110101 1101011*
L0163692 01011001 1111001 0111011 1110101 1101011*
L0163728 01011001 1111001 0111011 1110101 1101011*
L0163764 01011001 1111001 0111011 1110101 1101011*
L0163800 01011001 1111001 0111011 1110101 1101011*
L0163836 01011001 1111001 0111011 1110101 1101011*
L0163872 01011001 1111001 0111011 1110101 1101011*
L0163908 01011001 1111001 0111011 1110101 1101011*
L0163944 01011001 1111001 0111011 1110101 1101011*
L0163980 01011001 1111001 0111011 1110101 1101011*
L0164016 01011001 1111001 0111011 1110101 1101011*
L0164052 01011001 1111001 0111011 1110101 1101011*
L0164088 01011001 1111001 0111011 1110101 1101011*
L0164124 01011001 1111001 0111011 1110101 1101011*
L0164160 01011001 1111001 0111011 1110101 1101011*
L0164196 01011001 1111001 0111011 1110101 1101011*
L0164232 01011001 1111001 0111011 1110101 1101011*
L0164268 01011001 1111001 0111011 1110101 1101011*
L0164304 01011001 1111001 0111011 1110101 1101011*
L0164340 01011001 1111001 0111011 1110101 1101011*
L0164376 01011001 1111001 0111011 1110101 1101011*
L0164412 01011001 1111001 0111011 1110101 1101011*
L0164448 01011001 1111001 0111011 1110101 1101011*
L0164484 01011001 1111001 0111011 1110101 1101011*
L0164520 01011001 1111001 0111011 1110101 1101011*
L0164556 01011001 1111001 0111011 1110101 1101011*
L0164592 01011001 1111001 0111011 1110101 1101011*
L0164628 01011001 1111001 0111011 1110101 1101011*
L0164664 01011001 1111001 0111011 1110101 1101011*
L0164700 01011001 1111001 0111011 1110101 1101011*
L0164736 01011001 1111001 0111011 1110101 1101011*
L0164772 01011001 1111001 0111011 1110101 1101011*
L0164808 01011001 1111001 0111011 1110111 1101011*
L0164844 01011001 1111001 0111011 1110101 1101011*
L0164880 01011001 1111001 0111011 1110101 1101011*
L0164916 01011001 1111001 0111011 1110101 1101011*
L0164952 01011001 1111001 0111011 1110101 1101011*
L0164988 01011001 1111001 0111011 1110101 1101011*
L0165024 01011001 1111001 0111011 1110101 1101011*
L0165060 01011001 1111001 0111011 1110101 1101011*
L0165096 01011001 1111001 0111011 1110101 1101011*
L0165132 01011001 1111001 0111011 1110101 1101011*
L0165168 01011001 1111001 0111011 1110101 1101011*
L0165204 01011001 1111001 0111011 1110101 1101011*
L0165240 01011001 1111001 0111011 1110101 1101011*
L0165276 01011001 1111001 0111011 1110101 1101011*
L0165312 01011001 1111001 0111011 1110101 1101011*
L0165348 01011001 1111001 0111011 1110101 1101011*
L0165384 01011001 1111001 0111011 1110101 1101011*
L0165420 01011001 1111001 0111011 1110101 1101011*
L0165456 01011001 1111001 0111011 1110101 1101011*
L0165492 01011001 1111001 0111011 1110101 1101011*
L0165528 11011001 1111001 0111011 1110101 1101011*
L0165564 01011001 1111001 0111011 1110101 1101111*
L0165600 01011001 1111001 0111011 1110101 1101011*
L0165636 01011001 1111001 0111011 1110101 1101011*
L0165672 01011001 1111001 0111011 1110101 1101011*
L0165708 11011001 1111001 0111011 1110101 1101011*
L0165744 11011001 1111001 0111011 1110101 1101011*
L0165780 01011001 1111001 0111011 1110101 1101011*
L0165816 11011001 1111001 0111011 1110101 1101011*
L0165852 01011001 1111001 0111011 1110101 1101011*
L0165888 01011001 1111001 0111011 1110101 1101011*
L0165924 01011001 1111001 0111011 1110101 1101011*
L0165960 01011001 1111001 0111011 1110101 1101011*
L0165996 01011001 1111001 0111011 1110101 1101011*
L0166032 01011001 1111001 0111011 1110101 1101011*
L0166068 01011001 1111001 0111011 1110101 1101011*
L0166104 01011001 1111001 0111011 1110101 1101011*
L0166140 01011001 1111001 0111011 1110101 1101011*
L0166176 01011001 1111001 0111011 1110101 1101011*
L0166212 01011101 1111001 0111011 1110101 1101011*
L0166248 01011001 1111001 0111011 1110101 1101011*
L0166284 01011001 1111001 0111011 1110101 1101011*
L0166320 01011001 1111001 0111011 1110101 1101011*
L0166356 01011001 1111001 0111011 1110101 1101011*
L0166392 01011001 1111001 0111011 1110101 1101011*
L0166428 01011001 1111001 0111011 1110101 1101011*
L0166464 01011001 1111001 0111011 1110101 1101011*
L0166500 01011001 1111001 0111011 1110101 1101011*
L0166536 01011001 1111001 0111011 1110101 1101011*
L0166572 01011001 1111001 0111011 1110101 1101011*
L0166608 01011001 1111001 0111011 1110101 1101011*
L0166644 01011001 1111001 1111011 1110101 1101011*
L0166680 01011001 1111001 0111011 1110101 1101011*
L0166716 01011001 1111001 0111011 1110101 1101011*
L0166752 01011001 1111001 0111011 1110101 1111011*
L0166788 01011001 1111001 0111011 1110101 1101011*
L0166824 01011001 1111001 0111011 1110101 1101011*
L0166860 01011001 1111001 0111011 1111101 1101011*
L0166896 01011001 1111001 0111011 1110101 1101011*
L0166932 01011001 1111001 0111011 1110101 1101011*
L0166968 01011001 1111001 0111011 1110101 1101011*
L0167004 01011001 1111001 0111011 1110101 1101011*
L0167040 01011001 1111001 0111011 1110101 1101011*
L0167076 01011001 1111001 0111011 1110101 1101011*
L0167112 01011001 1111001 0111011 1110101 1101011*
L0167148 01011001 1111001 0111011 1110101 1101011*
L0167184 01011001 1111001 0111011 1110101 1101011*
L0167220 01011001 1111001 0111011 1110101 1101011*
L0167256 01011001 1111001 0111011 1110101 1101011*
L0167292 01011001 1111001 0111011 1110101 1101011*
L0167328 01011001 1111001 0111011 1110101 1101011*
L0167364 01011001 1111001 0111011 1110101 1101011*
L0167400 01011001 1111001 0111011 1110101 1101011*
L0167436 01011001 1111001 0111011 1110101 1101011*
L0167472 01011001 1111001 0111011 1110101 1101011*
L0167508 01011001 1111001 0111011 1110101 1101011*
L0167544 11011001 1111001 0111011 1110101 1101011*
L0167580 11011001 1111001 0111011 1110101 1101011*
L0167616 11011001 1111001 0111011 1110101 1101011*
L0167652 01011001 1111001 0111011 1110101 1101011*
L0167688 01011001 1111001 0111011 1110101 1101011*
L0167724 01011001 1111001 0111011 1110101 1101011*
L0167760 01011001 1111001 0111011 1110101 1101011*
L0167796 01011001 1111001 0111011 1110101 1101011*
L0167832 01011001 1111001 0111011 1110101 1101011*
L0167868 01011001 1111001 0111011 1110101 1101011*
L0167904 01011001 1111001 0111011 1110101 1101011*
L0167940 01011011 1111001 0111011 1110101 1101011*
L0167976 01011001 1111001 0111011 1110101 1101011*
L0168012 01011001 1111001 0111011 1110101 1101011*
L0168048 01011001 1111001 0111011 1110101 1101011*
L0168084 01011001 1111001 0111011 1110101 1101011*
L0168120 01011001 1111001 0111011 1110101 1101011*
L0168156 01011001 1111001 0111011 1110101 1101011*
L0168192 01011001 1111001 0111011 1110101 1101011*
L0168228 01011001 1111001 0111011 1110101 1101011*
L0168264 01011001 1111001 0111011 1110101 1101011*
L0168300 01011001 1111001 0111011 1110101 1101011*
L0168336 01011001 1111001 0111011 1110101 1101011*
L0168372 01011001 1111001 0111011 1110101 1101011*
L0168408 01011001 1111001 0111011 1110101 1101011*
L0168444 01011001 1111001 0111011 1110101 1101011*
L0168480 01011001 1111001 0111011 1110101 1101011*
L0168516 01011001 1111001 0111011 1110101 1101011*
L0168552 01011001 1111001 0111011 1110101 1101011*
L0168588 01011001 1111001 0111011 1110101 1101011*
L0168624 01011001 1111001 0111011 1110101 1101011*
L0168660 01011001 1111001 0111011 1110101 1101011*
L0168696 01011001 1111001 0111011 1110101 1101011*
L0168732 01011001 1111001 0111011 1110101 1101011*
L0168768 01011001 1111001 0111011 1110101 1101011*
L0168804 01011001 1111001 0111011 1110101 1101011*
L0168840 01011001 1111001 0111011 1110101 1101011*
L0168876 01011001 1111001 0111011 1110101 1101011*
L0168912 01011001 1111001 0111011 1110101 1101011*
L0168948 01011001 1111001 0111011 1110101 1101011*
L0168984 01011001 1111001 0111011 1110101 1101011*
L0169020 01011001 1111001 0111111 1110101 1101011*
L0169056 01011001 1111001 0111011 1110101 1101011*
L0169092 01011001 1111001 0111011 1110101 1101011*
L0169128 01011001 1111001 0111011 1110101 1101011*
L0169164 01011001 1111001 0111011 1110101 1101011*
L0169200 01011001 1111001 0111011 1110101 1101011*
L0169236 01011001 1111001 0111011 1110101 1101011*
L0169272 01011001 1111001 0111011 1110101 1101011*
L0169308 01011001 1111001 0111011 1110101 1101011*
L0169344 01011001 1111001 0111011 1110101 1101011*
L0169380 01011001 1111001 0111011 1110101 1101011*
L0169416 01011001 1111001 0111011 1110101 1101011*
L0169452 01011001 1111001 0111011 1110101 1101011*
L0169488 01011001 1111001 0111011 1110101 1101011*
L0169524 01011001 1111001 0111011 1110101 1101011*
L0169560 01011001 1111001 0111011 1110101 1101011*
L0169596 01011001 1111001 0111011 1110101 1101011*
L0169632 01011001 1111001 0111011 1110101 1101011*
L0169668 01011001 1111001 0111011 1110101 1101011*
L0169704 01011001 1111001 0111011 1110101 1101011*
L0169740 01011001 1111001 0111011 1110101 1101011*
L0169776 01011001 1111001 0111011 1110101 1101011*
L0169812 01011001 1111001 0111011 1110101 1101011*
L0169848 01011001 1111001 0111011 1110101 1101011*
L0169884 01011001 1111001 0111011 1110101 1101011*
L0169920 01011001 1111001 0111011 1110101 1101011*
L0169956 01011001 1111001 0111011 1110101 1101011*
L0169992 01011001 1111001 0111011 1110101 1101011*
L0170028 01011001 1111001 0111011 1110101 1101011*
L0170064 01011001 1111001 0111011 1110101 1101011*
L0170100 01011001 1111001 0111011 1110101 1101011*
L0170136 01011001 1111001 0111011 1110101 1101011*
L0170172 01011001 1111001 0111011 1110101 1101011*
L0170208 01011001 1111001 0111011 1110101 1101011*
L0170244 01011001 1111001 0111011 1110101 1101011*
L0170280 01011001 1111001 0111011 1110101 1101011*
L0170316 01011001 1111001 0111011 1110101 1101011*
L0170352 01011001 1111001 0111011 1110101 1101011*
L0170388 01011001 1111001 0111011 1110101 1101011*
L0170424 01011001 1111001 0111011 1110101 1101011*
L0170460 01011001 1111001 0111011 1110101 1101011*
L0170496 01011001 1111001 0111011 1110101 1101011*
L0170532 01011001 1111001 0111011 1110101 1101011*
L0170568 01011001 1111001 0111011 1110101 1101011*
L0170604 01011001 1111001 0111011 1110101 1101011*
L0170640 01011001 1111001 0111011 1110101 1101011*
L0170676 01011001 1111001 0111011 1110101 1101011*
L0170712 01011001 1111101 0111011 1110101 1101011*
L0170748 01011001 1111001 0111011 1110101 1101011*
L0170784 01011001 1111001 0111011 1110101 1101011*
L0170820 01111001 1111001 0111011 1110101 1101011*
L0170856 01011001 1111001 0111011 1110101 1101011*
L0170892 01011001 1111001 0111011 1110101 1101011*
L0170928 01011001 1111001 0111011 1110101 1101011*
L0170964 01011001 1111001 0111011 1110101 1101011*
L0171000 01011001 1111011 0111011 1110101 1101011*
L0171036 01011001 1111001 0111011 1110101 1101011*
L0171072 00000011 00000011 00000011 00000011 00000011*
L0171112 00000011 00000011 00000011 00000011 000000*
L0171150 000000 000000 000000 000000 000000*
L0171180 00000011 00010011 00000011 00000011 00000011*
L0171220 00000011 00001011 01000011 00000011 000000*
L0171258 000000 000000 000000 000000 000000*
L0171288 00000011 00000011 00000011 00000011 00000011*
L0171328 00000011 00000011 00000011 00000011 000000*
L0171366 000000 000000 000000 000000 000000*
L0171396 00000011 10000011 10000011 10000011 10000011*
L0171436 00000011 00000011 00000011 00000011 000000*
L0171474 000000 000000 000001 000001 000000*
L0171504 00000011 00000011 00000011 00000011 00000011*
L0171544 00000011 00000011 00000011 10000011 000000*
L0171582 000000 000000 000000 000000 000000*
L0171612 00000011 00000011 00000011 00100011 00000011*
L0171652 00000011 00000011 00000011 00000011 100000*
L0171690 000000 000000 000000 000000 000000*
L0171720 00000011 00000011 00000011 00000011 00000011*
L0171760 00000011 00000011 00000011 00000011 000000*
L0171798 000000 000000 000000 000000 000000*
L0171828 10000011 00000011 00000011 00000011 00000011*
L0171868 00000011 00000011 00000011 00000011 000000*
L0171906 000000 000000 000000 000000 000000*
L0171936 00000011 00000011 00000011 00000011 00000011*
L0171976 00000011 00000011 00000011 00000011 000000*
L0172014 000000 000000 000000 000000 000000*
L0172044 00000011 10000011 10000011 10100011 10000011*
L0172084 00000011 00000011 00000011 00000011 000000*
L0172122 000000 000000 000001 000001 000000*
L0172152 00000011 00000011 00000011 00000011 00000011*
L0172192 00000011 00000011 00000011 00000011 000000*
L0172230 000000 000000 000000 000001 000000*
L0172260 00111111 00000011 00000011 00000011 00000011*
L0172300 11111111 00000011 00000011 10000011 100000*
L0172338 111111 000000 000000 000000 000000*
L0172368 00000000 00000000 00000000 00000000 00000000*
L0172408 00000000 00000000 00000000 00000000 000000*
L0172446 000000 000000 000000 000000 000000*
L0172476 00000000 00100000 00000000 00000010 00000000*
L0172516 00000000 00000000 00000000 00000000 000000*
L0172554 000000 000000 000000 000000 000000*
L0172584 00101100 00000000 00000000 00000000 00000000*
L0172624 11101100 00000000 00000000 10000000 100000*
L0172662 110010 000000 000000 000000 000000*
L0172692 00010011 00000001 00000001 10000011 00000001*
L0172732 00010001 00000011 00000001 00000011 000000*
L0172770 001101 000000 000000 000000 000000*
L0172800 00000001 00000001 00000001 00000001 00000001*
L0172840 00000001 10000011 00000001 00000011 000000*
L0172878 000000 000000 000000 000000 000000*
L0172908 00000011 00000011 00000011 01000011 01000011*
L0172948 00000011 00000011 00000011 00000010 000000*
L0172986 000000 000000 000000 000000 000000*
L0173016 00000001 00000011 00000011 00000001 00000011*
L0173056 00000011 00000001 00000011 00000011 000000*
L0173094 000000 000000 000000 000000 000000*
L0173124 00000011 00100001 00000001 00000011 00000001*
L0173164 00000011 00000001 00000011 00000010 000000*
L0173202 000000 000000 000000 000000 000000*
L0173232 00000001 00000011 00000011 00000001 00000011*
L0173272 00000011 00000011 00000011 00000011 000000*
L0173310 000000 000000 000000 000000 000000*
L0173340 00000011 00001001 00000001 00000011 00000011*
L0173380 00000011 00000011 00000011 00000011 000000*
L0173418 000000 001000 100000 000000 000000*
L0173448 00111111 00000011 00000011 00000011 00000011*
L0173488 11111111 00000011 00000011 10000011 100000*
L0173526 111111 000000 000000 000000 000000*
L0173556 00000001 10000011 00000011 00000001 00000011*
L0173596 00000011 00000011 00000011 00000011 000000*
L0173634 000000 000000 000000 000000 000000*
L0173664 00000001 00000011 00000011 00000001 00000011*
L0173704 00000011 00000011 00000011 00000011 000000*
L0173742 000000 100000 000000 000000 000000*
L0173772 01000011 00000001 00000011 00000011 00000001*
L0173812 00000011 00000011 00000011 00000011 000000*
L0173850 000000 000000 000000 100000 000000*
L0173880 00000000 00000000 00000000 00000000 00000000*
L0173920 00000000 01000000 00000000 00000000 000000*
L0173958 000000 000000 000000 000000 000000*
L0173988 00000011 01000001 01000001 00000011 00000001*
L0174028 00000001 00000011 00000001 00000011 000000*
L0174066 000000 000000 000000 000000 000000*
L0174096 00000011 00000011 00000011 00000011 00000011*
L0174136 00000011 00000011 00000011 00000011 000000*
L0174174 000000 000000 000000 100000 000000*
L0174204 01000011 00000011 00000011 00000011 00000011*
L0174244 00000011 00000011 00000011 00000011 000000*
L0174282 000000 000000 000000 000000 000000*
L0174312 00111111 00000011 00000011 00000011 10000011*
L0174352 11111111 00000011 00000011 00000011 000000*
L0174390 111111 000000 000000 000000 000000*
L0174420 00000011 00000011 00000011 00000011 00000011*
L0174460 00000011 00000011 00000011 10000011 100000*
L0174498 000000 000000 000000 000000 000000*
L0174528 00000011 00000011 00000011 00000011 00000011*
L0174568 00000011 00000011 00000011 00000011 000000*
L0174606 000000 000000 000000 000000 000000*
L0174636 00000011 00000011 00000011 00000011 00000011*
L0174676 00000011 00000011 00000011 01000011 000000*
L0174714 000000 000000 000000 000000 100000*
L0174744 00000011 00000011 00000011 00000011 00000011*
L0174784 00000011 00000011 00000011 00000011 000000*
L0174822 000000 000000 000000 000000 000000*
L0174852 00000011 00000011 00000011 00000001 00000011*
L0174892 00000011 00000011 10000011 00000011 000000*
L0174930 000000 000000 000000 000000 000000*
L0174960 00000000 00000000 00000000 00000010 00000000*
L0175000 00000000 00000000 00000000 00000000 000000*
L0175038 000000 000000 000000 000000 000000*
L0175068 00000000 00000100 00000000 00000010 00000000*
L0175108 00000000 00000000 00100000 00000000 000000*
L0175146 000000 000100 000000 000000 000000*
L0175176 00110011 00000011 10000011 00000011 00000011*
L0175216 11110011 00000011 00000011 00000011 000000*
L0175254 111101 000000 000000 000000 000000*
L0175284 00001111 00000011 00000011 00000011 00000011*
L0175324 00001111 00000011 00000011 10000011 100000*
L0175362 000010 000000 000000 000000 000000*
L0175392 01000001 00000011 00000011 00000011 00000011*
L0175432 00000011 00000011 00000011 00000011 000000*
L0175470 000000 000000 000000 000000 000000*
L0175500 00000000 00000000 00000000 00000011 00000001*
L0175540 00000001 00000001 00000001 00000000 000000*
L0175578 000000 000000 000000 100000 000000*
L0175608 00000011 00000011 00000011 00000010 00000010*
L0175648 00000010 00000010 00000010 00000011 000000*
L0175686 000000 000000 000000 000000 000000*
L0175716 00000011 00000011 00000011 00000011 00000011*
L0175756 00000011 00010011 00000011 00000011 000000*
L0175794 000000 000010 010000 000000 000000*
L0175824 00000011 00000001 00000001 00000010 00000000*
L0175864 00000000 00000010 00000001 01000011 000000*
L0175902 000000 000000 000000 000000 000000*
L0175932 00000000 00000010 00000010 00000001 00000011*
L0175972 00000011 00000001 00000010 00000000 000000*
L0176010 000000 000000 000000 000000 100000*
L0176040 00000011 00000011 00000011 00000011 00000011*
L0176080 00000011 00000011 00000011 00000011 000000*
L0176118 000000 010000 000000 000000 000000*
L0176148 00000011 00000011 00000011 00000011 00000011*
L0176188 00000011 00000011 00000011 00000011 000000*
L0176226 000000 000000 000000 000000 000000*
L0176256 00000011 00000011 00000011 00000011 00000011*
L0176296 00000011 00100011 00000011 00000011 000000*
L0176334 000000 000000 000000 000000 000000*
L0176364 00000011 00000001 00000001 00000011 00000001*
L0176404 00000001 00000011 00000001 00000011 000000*
L0176442 000000 000000 000000 000000 000000*
L0176472 00000000 00000000 00000000 00000000 00000000*
L0176512 00000000 00000000 00000000 00000000 000000*
L0176550 000000 000000 000000 000000 100000*
L0176580 00000000 00000000 00000000 00000000 00000000*
L0176620 00000000 00000000 00000000 01000000 000000*
L0176658 000000 000000 000000 000000 000000*
L0176688 00000001 01000001 00000001 00000001 00000001*
L0176728 00000001 00000011 00000001 00000010 000000*
L0176766 000000 000000 000000 000000 000000*
L0176796 00000001 00000001 01000001 00000001 00000001*
L0176836 00000011 00000001 00000011 00000010 000000*
L0176874 000000 000000 000000 000000 000000*
L0176904 00110001 00000001 00000001 00000001 00000011*
L0176944 00010011 00000011 00000011 10000011 100000*
L0176982 001101 000000 000000 000000 000000*
L0177012 00001101 00000001 00000011 00000001 00000010*
L0177052 11101111 00000001 00000011 00000011 000000*
L0177090 110010 000000 000001 000000 000000*
L0177120 00000001 00000011 01000011 00000010 00000011*
L0177160 00000011 00000001 00000011 00000011 000000*
L0177198 000000 000000 000000 000000 000000*
L0177228 00000011 01000011 00000001 00000010 00000011*
L0177268 00000011 00000011 00000001 00000001 000000*
L0177306 000000 000000 000000 000000 000000*
L0177336 00000001 00000001 00000011 00000000 01000010*
L0177376 00000010 00000011 00000011 00000001 000000*
L0177414 000000 000000 000000 000000 000000*
L0177444 00000011 00000011 00000001 01000010 00000011*
L0177484 00000011 00000001 00000001 00000011 000000*
L0177522 000000 000000 000000 000000 000000*
L0177552 00000011 00000011 00000001 01000000 00000010*
L0177592 00000011 00000000 00000011 00000011 000000*
L0177630 000000 000000 000000 000000 000000*
L0177660 00000011 00000011 00000001 00000001 01000011*
L0177700 00000010 00000001 00000001 00000011 000000*
L0177738 000000 000000 000000 000000 000000*
L0177768 00000011 00000001 00000001 00000011 00000010*
L0177808 00000011 00000001 00000011 00000011 100000*
L0177846 000000 000000 000000 000000 000000*
L0177876 00000011 00000001 00000011 00000010 00000011*
L0177916 00000011 00000101 00000011 10000001 000000*
L0177954 000000 000001 000000 000000 000000*
L0177984 00000011 00000001 00000011 00000001 00000010*
L0178024 00000010 00000011 00000011 00000001 000000*
L0178062 000000 000000 000000 000000 000000*
L0178092 00000000 00000011 00000011 00100010 00000011*
L0178132 00000011 00000011 00000001 00000011 000000*
L0178170 000000 000000 000000 000000 000000*
L0178200 00000011 00000011 00000011 00000011 00000011*
L0178240 00000011 00000011 00000011 00000011 000000*
L0178278 000000 000000 000000 000000 000000*
L0178308 00000001 00000001 00000011 00000011 00000011*
L0178348 00000011 00000011 00000011 00000011 000000*
L0178386 000000 000000 000000 000000 000000*
L0178416 00000011 00000011 00000011 00000011 00000011*
L0178456 00000011 00000001 00000011 00000011 000000*
L0178494 000000 000000 000000 000000 000000*
L0178524 00000011 00000011 00000011 00000011 00000011*
L0178564 00000011 00000011 00000011 00000011 000000*
L0178602 000000 000000 000000 000000 000000*
L0178632 00000011 00000011 00000011 00000011 00000011*
L0178672 00000011 00000011 00000011 00000011 000000*
L0178710 000000 000000 000000 000000 000000*
L0178740 00000011 00000011 00000011 00000011 00000011*
L0178780 00000011 00000011 00000011 00000011 000000*
L0178818 000000 000000 000000 000000 000000*
L0178848 10111101 0110101 1111010 0011111 0101111*
L0178884 10111101 0110101 1111010 0011111 0101111*
L0178920 10111101 0110101 1111010 0011111 0101111*
L0178956 10111101 0110101 1111010 0011111 0101111*
L0178992 10111101 0110101 1111010 0011111 0101111*
L0179028 10111101 0110101 1111010 0011111 0101111*
L0179064 10111101 0110101 1111010 0011111 0101111*
L0179100 10111101 0110101 1111010 0011111 0101111*
L0179136 10111101 0110101 1111010 0011111 0101111*
L0179172 10111101 0110101 1111010 0011111 0101111*
L0179208 10111101 0110101 1111010 0011111 0101111*
L0179244 10111101 0110101 1111010 0011111 0101111*
L0179280 10111101 0110101 1111010 0011111 0101111*
L0179316 10111101 0110101 1111010 0011111 0101111*
L0179352 10111101 0110101 1111010 0011111 0101111*
L0179388 10111111 0110101 1111010 0011111 0101111*
L0179424 10111101 0110101 1111010 0011111 0101111*
L0179460 10111101 0110101 1111010 1011111 0101111*
L0179496 10111101 0110101 1111010 0011111 0101111*
L0179532 10111101 0110101 1111010 0011111 0101111*
L0179568 10111101 0110101 1111010 0011111 0101111*
L0179604 10111101 0110101 1111010 0011111 0101111*
L0179640 10111101 0110101 1111010 0011111 0101111*
L0179676 10111101 0110101 1111010 0011111 0101111*
L0179712 10111101 0110101 1111010 0011111 0101111*
L0179748 10111101 0110101 1111010 0011111 0101111*
L0179784 10111101 0110101 1111010 0011111 0101111*
L0179820 10111101 0110101 1111010 0011111 0101111*
L0179856 10111101 0110101 1111010 0011111 0101111*
L0179892 10111101 0110101 1111010 0011111 0101111*
L0179928 10111101 0110101 1111010 0011111 0101111*
L0179964 10111101 0110101 1111010 0011111 0101111*
L0180000 10111101 0110101 1111010 0011111 0101111*
L0180036 10111101 0110101 1111010 0011111 0101111*
L0180072 10111101 0110101 1111010 0011111 0101111*
L0180108 10111101 0110101 1111010 0011111 0101111*
L0180144 10111101 0110101 1111010 0011111 0101111*
L0180180 10111101 0110101 1111010 0011111 0101111*
L0180216 10111101 0110101 1111010 0011111 0101111*
L0180252 10111101 0110101 1111010 0011111 0101111*
L0180288 10111101 0110101 1111010 0011111 0101111*
L0180324 10111101 0110101 1111010 0011111 0101111*
L0180360 10111101 0111101 1111010 0011111 0101111*
L0180396 10111101 0110101 1111010 0011111 0101111*
L0180432 10111101 0110101 1111010 0011111 0101111*
L0180468 10111101 0110101 1111010 0011111 0101111*
L0180504 10111101 0110101 1111010 0011111 0101111*
L0180540 10111101 0110101 1111011 0011111 0101111*
L0180576 10111101 0110101 1111010 0011111 0101111*
L0180612 10111101 0110101 1111010 0011111 0101111*
L0180648 10111101 0110101 1111011 0011111 0101111*
L0180684 10111101 0110101 1111010 0011111 0101111*
L0180720 10111101 0110101 1111010 0011111 0101111*
L0180756 10111101 0110101 1111011 0011111 0101111*
L0180792 10111101 0110101 1111010 0011111 0101111*
L0180828 10111101 0110101 1111010 0011111 0101111*
L0180864 10111101 0110101 1111010 0011111 0101111*
L0180900 10111101 0110101 1111010 0011111 1101111*
L0180936 10111101 0110101 1111010 0011111 0101111*
L0180972 10111101 0110101 1111010 0011111 0101111*
L0181008 10111101 0110101 1111010 0011111 1101111*
L0181044 10111101 0110101 1111010 0011111 0101111*
L0181080 10111101 0110101 1111010 0011111 0101111*
L0181116 10111101 0110101 1111010 0011111 0101111*
L0181152 10111101 0110101 1111010 0011111 1101111*
L0181188 10111101 0110101 1111010 0011111 0101111*
L0181224 10111101 0110101 1111010 0011111 1101111*
L0181260 11111101 0110101 1111010 0011111 0101111*
L0181296 11111101 0110101 1111010 0011111 0101111*
L0181332 10111101 0110101 1111011 0011111 0101111*
L0181368 11111101 0110101 1111010 0011111 0101111*
L0181404 10111101 0110101 1111010 0011111 1101111*
L0181440 10111101 0110101 1111011 0011111 0101111*
L0181476 10111101 0110101 1111010 0011111 0101111*
L0181512 10111101 0110101 1111010 0011111 0101111*
L0181548 10111101 0110101 1111010 0011111 0101111*
L0181584 10111101 0110101 1111010 0011111 0101111*
L0181620 10111101 0110101 1111010 0011111 0101111*
L0181656 10111101 0110101 1111010 0111111 0101111*
L0181692 10111101 0110101 1111010 0011111 0101111*
L0181728 10111101 0110101 1111010 0011111 0101111*
L0181764 10111101 0110101 1111010 0011111 0101111*
L0181800 10111101 0110101 1111010 0011111 0101111*
L0181836 10111101 0110101 1111010 0011111 0101111*
L0181872 10111101 0110101 1111010 0011111 1101111*
L0181908 10111101 0110101 1111010 0011111 0101111*
L0181944 10111101 0110101 1111010 0011111 0101111*
L0181980 10111101 0110101 1111011 0011111 0101111*
L0182016 10111101 0110101 1111010 0011111 0101111*
L0182052 10111101 0110101 1111010 0011111 0101111*
L0182088 10111101 0110101 1111010 0011111 0101111*
L0182124 10111101 0110101 1111010 0011111 0101111*
L0182160 10111101 0110101 1111010 0011111 0101111*
L0182196 10111101 0110101 1111010 0011111 0101111*
L0182232 10111101 0110101 1111010 0011111 0101111*
L0182268 10111101 0110101 1111010 0011111 0101111*
L0182304 10111101 0110101 1111010 0011111 0101111*
L0182340 10111101 0110101 1111010 0011111 0101111*
L0182376 10111101 0110101 1111010 0011111 0101111*
L0182412 10111101 0110101 1111010 0011111 0101111*
L0182448 10111101 0110101 1111010 0011111 0101111*
L0182484 10111101 0110101 1111010 0011111 0101111*
L0182520 10111101 1110101 1111010 0011111 0101111*
L0182556 10111101 0110101 1111010 0011111 0101111*
L0182592 10111101 0110101 1111010 0011111 0101111*
L0182628 10111101 0110101 1111010 0011111 0101111*
L0182664 10111101 0110101 1111010 0011111 0101111*
L0182700 10111101 0110101 1111011 0011111 0101111*
L0182736 10111101 0110101 1111010 0011111 0101111*
L0182772 10111101 0110101 1111010 0011111 0101111*
L0182808 10111101 0110101 1111010 0011111 0101111*
L0182844 10111101 0110101 1111010 0011111 0101111*
L0182880 10111101 0110101 1111010 0011111 0101111*
L0182916 10111101 0110101 1111010 0011111 0101111*
L0182952 10111101 0110101 1111010 0011111 0101111*
L0182988 10111101 0110101 1111010 0011111 0101111*
L0183024 10111101 0110101 1111010 0011111 0101111*
L0183060 10111101 0110101 1111010 0011111 0101111*
L0183096 11111101 0110101 1111010 0011111 0101111*
L0183132 11111101 0110101 1111010 0011111 0101111*
L0183168 11111101 0110101 1111010 0011111 0101111*
L0183204 10111101 0110101 1111010 0011111 0101111*
L0183240 10111101 0110101 1111010 0011111 0101111*
L0183276 10111101 0110101 1111010 0011111 0101111*
L0183312 10111101 0110101 1111010 0011111 0101111*
L0183348 10111101 0110101 1111010 0011111 0101111*
L0183384 10111101 0110101 1111010 0011111 0101111*
L0183420 10111101 0110101 1111010 0011111 0101111*
L0183456 10111101 0110101 1111010 0011111 0101111*
L0183492 10111101 0110101 1111010 0011111 0101111*
L0183528 10111101 0110101 1111010 0011111 0101111*
L0183564 10111101 0110101 1111010 0011111 0101111*
L0183600 10111101 0110101 1111010 0011111 0101111*
L0183636 10111101 0110101 1111010 0011111 0101111*
L0183672 10111101 0110101 1111010 0011111 0101111*
L0183708 10111101 0110101 1111010 0011111 0101111*
L0183744 10111101 0110101 1111010 0011111 0101111*
L0183780 10111101 0110101 1111010 0011111 0101111*
L0183816 10111101 0110101 1111011 0011111 0101111*
L0183852 10111101 0110101 1111010 0011111 0101111*
L0183888 10111101 0110101 1111010 0011111 0101111*
L0183924 10111101 0110101 1111011 0011111 0101111*
L0183960 10111101 0110101 1111010 0011111 0101111*
L0183996 10111101 0110101 1111010 0011111 0101111*
L0184032 10111101 0110101 1111010 0011111 0101111*
L0184068 10111101 0110101 1111010 0011111 0101111*
L0184104 10111101 0110101 1111010 0011111 0101111*
L0184140 10111101 0110101 1111010 0011111 0101111*
L0184176 10111101 0110101 1111010 0011111 0101111*
L0184212 10111101 0110101 1111010 0011111 0101111*
L0184248 10111101 0110101 1111010 0011111 0101111*
L0184284 10111101 0110101 1111010 0011111 0101111*
L0184320 10111101 0110101 1111010 0011111 0101111*
L0184356 10111101 0110101 1111010 0011111 0101111*
L0184392 10111101 0110101 1111010 0011111 0101111*
L0184428 10111101 0110101 1111010 0011111 0101111*
L0184464 10111101 0110101 1111010 0011111 0101111*
L0184500 10111101 0110101 1111010 0011111 0101111*
L0184536 10111101 0110101 1111010 0011111 0101111*
L0184572 10111101 0110101 1111010 0011111 0101111*
L0184608 10111101 0110101 1111010 0011111 0101111*
L0184644 10111101 0110101 1111010 0011111 0101111*
L0184680 10111101 0110101 1111010 0011111 0101111*
L0184716 10111101 0110101 1111010 0011111 0101111*
L0184752 10111101 0110101 1111010 0011111 0101111*
L0184788 10111101 0110101 1111010 0011111 0101111*
L0184824 10111101 0110101 1111010 0011111 0101111*
L0184860 10111101 0110101 1111010 0011111 0101111*
L0184896 10111101 0110101 1111010 0011111 0101111*
L0184932 10111101 0110111 1111010 0011111 0101111*
L0184968 10111101 0110101 1111010 0011111 0111111*
L0185004 10111101 0110101 1111110 0011111 0101111*
L0185040 10111101 0110101 1111010 0011111 0101111*
L0185076 10111101 0110101 1111010 0011111 0101111*
L0185112 10111101 0110101 1111010 0011111 0101111*
L0185148 10111101 0110101 1111010 0011111 0101111*
L0185184 10111101 0110101 1111010 0011111 0101111*
L0185220 10111101 0110101 1111010 0011111 0101111*
L0185256 10111101 0110101 1111010 0011111 0101111*
L0185292 10111101 0110101 1111010 0011111 0101111*
L0185328 10111101 0110101 1111010 0011111 0101111*
L0185364 10111101 0110101 1111010 0011111 0101111*
L0185400 10111101 0110101 1111010 0011111 0101111*
L0185436 10111101 0110101 1111010 0011111 0101111*
L0185472 10111101 0110101 1111010 0011111 0101111*
L0185508 10111101 0110101 1111010 0011111 0101111*
L0185544 10111101 0110101 1111010 0011111 0101111*
L0185580 10111101 0110101 1111010 0011111 0101111*
L0185616 10111101 0110101 1111010 0011111 0101111*
L0185652 10111101 0110101 1111010 0011111 0101111*
L0185688 10111101 0110101 1111010 0011111 0101111*
L0185724 10111101 0110101 1111010 0011111 0101111*
L0185760 10111101 0110101 1111010 0011111 0101111*
L0185796 10111101 0110101 1111010 0011111 0101111*
L0185832 10111101 0110101 1111010 0011111 0101111*
L0185868 10111101 0110101 1111010 0011111 0101111*
L0185904 10111101 0110101 1111010 0011111 0101111*
L0185940 10111101 0110101 1111010 0011111 0101111*
L0185976 10111101 0110101 1111010 0011111 0101111*
L0186012 10111101 0110101 1111010 0011111 0101111*
L0186048 10111101 0110101 1111010 0011111 0101111*
L0186084 10111101 0110101 1111010 0011111 0101111*
L0186120 10111101 0110101 1111010 0011111 0101111*
L0186156 10111101 0110101 1111010 0011111 0101111*
L0186192 10111101 0110101 1111010 0011111 0101111*
L0186228 10111101 0110101 1111010 0011111 0101111*
L0186264 10111101 0110101 1111010 0011111 0101111*
L0186300 10111101 0110101 1111010 0011111 0101111*
L0186336 10111101 0110101 1111010 0011111 0101111*
L0186372 10111101 0110101 1111010 0011111 0101111*
L0186408 10111101 0110101 1111010 0011111 0101111*
L0186444 10111101 0110101 1111010 0011111 0101111*
L0186480 10111101 0110101 1111010 0011111 0101111*
L0186516 10111101 0110101 1111010 0011111 0101111*
L0186552 10111101 0110101 1111010 0011111 0101111*
L0186588 10111101 0110101 1111010 0011111 0101111*
C4578*
E962
