Programmer Jedec Bit Map
Date Extracted: Fri Jan 13 13:50:29 2017

QF186624*
QP160*
QV0*
F0*
X0*
J0 0*
N VERSION P.20131013*
N DEVICE XC95216-10-PQ160*
N PPMAP 131 101*
N PPMAP 133 102*
N PPMAP 134 103*
N PPMAP 135 104*
N PPMAP 136 105*
N PPMAP 137 106*
N PPMAP 138 107*
N PPMAP 139 108*
N PPMAP 140 109*
N PPMAP 15 11*
N PPMAP 145 111*
N PPMAP 146 112*
N PPMAP 147 113*
N PPMAP 148 114*
N PPMAP 149 115*
N PPMAP 150 116*
N PPMAP 152 117*
N PPMAP 154 118*
N PPMAP 155 119*
N PPMAP 16 12*
N PPMAP 158 122*
N PPMAP 159 123*
N PPMAP 160 124*
N PPMAP 161 125*
N PPMAP 162 126*
N PPMAP 164 128*
N PPMAP 166 129*
N PPMAP 17 13*
N PPMAP 167 130*
N PPMAP 170 131*
N PPMAP 171 132*
N PPMAP 173 133*
N PPMAP 174 134*
N PPMAP 175 135*
N PPMAP 178 138*
N PPMAP 179 139*
N PPMAP 18 14*
N PPMAP 180 140*
N PPMAP 182 142*
N PPMAP 185 143*
N PPMAP 186 144*
N PPMAP 187 145*
N PPMAP 188 146*
N PPMAP 191 147*
N PPMAP 192 148*
N PPMAP 193 149*
N PPMAP 19 15*
N PPMAP 194 150*
N PPMAP 197 151*
N PPMAP 198 152*
N PPMAP 199 153*
N PPMAP 200 154*
N PPMAP 201 155*
N PPMAP 202 156*
N PPMAP 205 158*
N PPMAP 206 159*
N PPMAP 20 16*
N PPMAP 21 17*
N PPMAP 22 18*
N PPMAP 23 19*
N PPMAP 3 2*
N PPMAP 25 21*
N PPMAP 30 22*
N PPMAP 31 23*
N PPMAP 32 24*
N PPMAP 33 25*
N PPMAP 34 26*
N PPMAP 35 27*
N PPMAP 36 28*
N PPMAP 37 29*
N PPMAP 4 3*
N PPMAP 38 30*
N PPMAP 43 32*
N PPMAP 44 33*
N PPMAP 45 34*
N PPMAP 46 35*
N PPMAP 47 36*
N PPMAP 49 37*
N PPMAP 50 38*
N PPMAP 51 39*
N PPMAP 5 4*
N PPMAP 55 42*
N PPMAP 56 43*
N PPMAP 57 44*
N PPMAP 58 45*
N PPMAP 60 47*
N PPMAP 61 48*
N PPMAP 63 49*
N PPMAP 6 5*
N PPMAP 64 50*
N PPMAP 70 52*
N PPMAP 71 53*
N PPMAP 72 54*
N PPMAP 73 55*
N PPMAP 74 56*
N PPMAP 75 57*
N PPMAP 76 58*
N PPMAP 77 59*
N PPMAP 7 6*
N PPMAP 78 60*
N PPMAP 82 62*
N PPMAP 83 63*
N PPMAP 84 64*
N PPMAP 85 65*
N PPMAP 86 66*
N PPMAP 87 67*
N PPMAP 88 68*
N PPMAP 89 69*
N PPMAP 8 7*
N PPMAP 95 72*
N PPMAP 97 74*
N PPMAP 99 76*
N PPMAP 100 77*
N PPMAP 102 78*
N PPMAP 103 79*
N PPMAP 9 8*
N PPMAP 110 82*
N PPMAP 111 83*
N PPMAP 112 84*
N PPMAP 113 85*
N PPMAP 114 86*
N PPMAP 115 87*
N PPMAP 116 88*
N PPMAP 117 89*
N PPMAP 10 9*
N PPMAP 118 90*
N PPMAP 121 91*
N PPMAP 122 92*
N PPMAP 123 93*
N PPMAP 125 95*
N PPMAP 126 96*
N PPMAP 127 97*
N PPMAP 128 98*
L0000000 00000011 00000011 00000011 00000011 00000011*
L0000040 00000011 00000011 00000011 00000011 000000*
L0000078 000100 000000 000000 000000 000000*
L0000108 00000011 10000011 00000011 00000011 00000011*
L0000148 00000011 00000011 00000011 00000011 000000*
L0000186 000000 000000 000000 000000 000000*
L0000216 00000011 00000011 00000011 00000011 00000011*
L0000256 00000011 00000011 00000011 00000011 000000*
L0000294 000000 000000 000000 000000 000000*
L0000324 00000011 00000011 10000011 00000011 00000011*
L0000364 00000011 00000011 00000011 00000011 000100*
L0000402 000000 000000 000000 000000 000000*
L0000432 00000011 00000011 00000011 00000011 00000011*
L0000472 00000011 00000011 00000011 00000011 000000*
L0000510 000000 000000 000000 000000 000000*
L0000540 00000011 00010011 00000011 00000011 00000011*
L0000580 00000011 00100011 00000011 00000011 000000*
L0000618 000000 000000 000000 000000 000000*
L0000648 00000001 00000010 00000000 00000001 00000001*
L0000688 00000010 00000011 00000001 00000011 000000*
L0000726 000000 000000 000000 000000 000000*
L0000756 00000001 00101010 00000010 00000001 00000001*
L0000796 00000010 00000000 00000010 00000011 000000*
L0000834 000000 100000 000000 000000 000000*
L0000864 00000011 00000011 00000011 00000011 00000011*
L0000904 00000011 00000011 00000011 00000011 000000*
L0000942 000000 000000 000000 000000 000000*
L0000972 01101011 00000011 00000011 00000011 00000011*
L0001012 01000011 00000011 00000011 00000011 000000*
L0001050 100000 000000 000000 000000 000000*
L0001080 00000011 00000011 00000011 00000011 00000011*
L0001120 00000011 00000011 00000011 00000011 000000*
L0001158 000000 000000 000000 000000 000000*
L0001188 00000111 00000111 00000111 00000111 00000111*
L0001228 00000011 00000011 00000011 00000011 000000*
L0001266 000010 000010 000000 000000 000000*
L0001296 00000000 00000000 00000000 00000000 00000000*
L0001336 00000001 00000000 00000000 00000000 000000*
L0001374 000000 000000 000000 000000 000000*
L0001404 00000000 00000011 00000001 00000000 00000001*
L0001444 00000010 00000001 00000001 00000011 000000*
L0001482 001000 000000 000000 000000 000000*
L0001512 00101010 10000010 10000001 00000000 00000000*
L0001552 00000111 00000000 00001001 00000110 000000*
L0001590 000000 000000 000010 000010 000010*
L0001620 01000001 00000011 00000010 00000011 00000011*
L0001660 11000010 00000011 00000110 00000011 000000*
L0001698 110000 000010 000000 000000 000000*
L0001728 00000011 00000010 00000011 00000011 00000011*
L0001768 00000011 00000010 00000011 00000010 000000*
L0001806 000000 000000 000000 000000 000000*
L0001836 00000000 00000011 00010011 00010011 00000010*
L0001876 00010010 00010011 00010010 00010011 000100*
L0001914 000000 000100 000000 000000 000000*
L0001944 01001011 00000010 10000011 00000011 00000111*
L0001984 01000011 00001010 00000011 00000110 000000*
L0002022 100000 000000 000010 000000 000011*
L0002052 00100010 10000011 00000011 00000111 00000011*
L0002092 00000010 00000011 00000010 00000011 000000*
L0002130 000000 000000 000000 000011 000000*
L0002160 00000011 00000010 00000011 00000011 00000011*
L0002200 00000011 00000010 00000011 00000010 000000*
L0002238 000000 000000 000000 000000 000000*
L0002268 00000011 00000011 00000011 00010011 00000011*
L0002308 00000010 00000011 00000011 00000011 000000*
L0002346 000000 000000 000000 000000 000000*
L0002376 00000001 00000001 00000010 00000011 00000011*
L0002416 00000000 00000011 00000010 00000001 000000*
L0002454 000000 000000 000000 000000 000000*
L0002484 10010011 00000010 00000011 00000011 00000011*
L0002524 00100010 00000010 00000011 00000010 000000*
L0002562 000000 000000 000000 000000 000000*
L0002592 00000011 00000010 00000011 00000011 00000011*
L0002632 00000011 00000011 00000011 00000010 000000*
L0002670 000000 000000 000000 000000 000000*
L0002700 00000001 00000011 00000010 00010011 00000011*
L0002740 00000011 00000011 00000011 00000011 000000*
L0002778 000000 000000 000000 000000 000000*
L0002808 01101000 10000000 10000000 00000000 00000000*
L0002848 11001100 00001000 00001000 00000100 000000*
L0002886 110000 000000 000010 000010 000010*
L0002916 00000011 00000011 00000011 00000011 00000011*
L0002956 00000011 00000111 00000011 00000011 000000*
L0002994 000010 000000 000000 000000 000000*
L0003024 00000011 00000000 00000010 00000011 00000011*
L0003064 00000000 00000011 00000010 00000001 000000*
L0003102 000000 000000 000000 000000 000000*
L0003132 00000011 00000011 00000011 00000011 00000011*
L0003172 00000011 00000111 00000111 00000011 000000*
L0003210 000001 000001 000001 000001 000001*
L0003240 00000011 00000011 00000011 00000011 00000011*
L0003280 00000011 00000011 00000011 00000011 000000*
L0003318 000000 000000 000000 000000 000000*
L0003348 00000011 00000011 00000011 00000011 00000011*
L0003388 00000011 00100011 00000011 00000011 000000*
L0003426 000000 000000 000000 000000 000000*
L0003456 00000011 00000011 00000011 00000011 00000011*
L0003496 00000011 00000011 00000011 00000011 000000*
L0003534 000000 000000 000000 000000 000000*
L0003564 00000011 00000011 00010011 00000011 00000011*
L0003604 00000011 00000011 00000011 00000011 000000*
L0003642 000000 000000 000000 000000 000000*
L0003672 00000011 00000011 00000011 00000011 00000011*
L0003712 00000011 00000011 00000011 00000011 000000*
L0003750 000000 000000 000000 000000 000000*
L0003780 00000011 00000000 00000010 00000011 00000010*
L0003820 00000000 00000010 00000010 00010000 000000*
L0003858 000000 000000 000000 000000 000000*
L0003888 00000000 00000011 00000001 00000000 00000001*
L0003928 00000011 00000001 00000001 00000011 000000*
L0003966 000000 000000 000000 000000 000000*
L0003996 00000000 00000011 00010001 00000000 00000001*
L0004036 00000011 00000001 00000001 00000011 000000*
L0004074 000000 000000 000000 000000 000010*
L0004104 01000011 10000011 10000011 00000011 00000011*
L0004144 01001011 00000011 00001011 00000011 000000*
L0004182 110000 000000 000000 000010 000010*
L0004212 00101011 00000011 00000111 00000011 00000011*
L0004252 10000111 00000011 00000011 00000111 000000*
L0004290 000000 000000 000011 000000 000000*
L0004320 00000000 00000011 00000011 00000011 00000011*
L0004360 00000011 00000011 00000001 00000011 000000*
L0004398 000000 000000 000000 000000 000000*
L0004428 00000011 00000011 00000011 00000011 00000011*
L0004468 00010011 00000011 00000011 00000011 000000*
L0004506 000000 000000 000000 000000 000000*
L0004536 00000011 00000011 00000001 00000000 00000001*
L0004576 00000011 00000001 00000011 00000011 000000*
L0004614 000000 000000 000000 000000 000000*
L0004644 00000011 01000011 00000011 00000011 00000011*
L0004684 00000011 00000011 00000011 00000011 000000*
L0004722 000000 000000 000000 000000 000000*
L0004752 01101011 10000000 10000010 00000011 00000011*
L0004792 11001100 00001011 00001010 00000101 000000*
L0004830 110000 000000 000010 000010 000010*
L0004860 00000100 00000011 00000001 00000000 00000000*
L0004900 00000011 00000000 00000001 00000010 000000*
L0004938 000001 000000 000000 000000 000000*
L0004968 00000011 00000011 00000011 00000011 00000011*
L0005008 00000011 00000011 00000011 00000011 000000*
L0005046 000000 000000 000000 000000 000000*
L0005076 00000011 00000011 00000011 00000011 00000011*
L0005116 00000011 00010011 00000011 00000011 000000*
L0005154 000000 000000 000000 000000 000000*
L0005184 00000011 00000011 00000011 00000011 00000011*
L0005224 00000011 00000011 00000011 00000011 000000*
L0005262 000000 000000 000000 000000 000000*
L0005292 00000011 00000000 00000010 00000011 00000011*
L0005332 00000000 00000011 00010010 00000001 000000*
L0005370 000000 000000 000000 000000 000000*
L0005400 00000000 00000000 00000000 00000000 00000000*
L0005440 00000000 00000000 00000000 00000000 000000*
L0005478 000000 000000 000000 000000 000000*
L0005508 00000000 00000010 00000000 00000000 00000000*
L0005548 00000010 01000000 00000000 00000010 000000*
L0005586 000000 000000 000000 000000 000000*
L0005616 00000000 00000010 00000011 00000011 00000010*
L0005656 00000010 00000010 00000010 00000010 000000*
L0005694 000000 000000 000000 000000 000000*
L0005724 00000010 00000010 00000011 00000011 00000011*
L0005764 00000010 00000010 00000010 00000010 000000*
L0005802 000000 000000 000010 000000 000000*
L0005832 01000011 00000010 10000011 00000111 00000011*
L0005872 01000010 00001010 00000011 00000110 000000*
L0005910 100000 000000 000010 000001 000010*
L0005940 00101001 10000011 00000101 00000001 00000110*
L0005980 00001011 00000001 00000011 00000011 000000*
L0006018 000000 000000 000001 000010 000001*
L0006048 00000011 00000001 00000001 00000000 00000011*
L0006088 00000010 00000001 00000011 00000011 000000*
L0006126 001000 000000 000000 000000 000000*
L0006156 00000000 00000011 00000011 00000010 00000011*
L0006196 00000011 00000001 00000011 00000001 000000*
L0006234 000000 000000 000000 000010 000000*
L0006264 00000001 00000001 00000001 00000011 00000010*
L0006304 00000011 00000000 00000011 00000011 000000*
L0006342 000000 000000 000000 000000 000000*
L0006372 00000011 00000011 00000011 00000000 00000010*
L0006412 00000010 00000001 00000011 00000001 000100*
L0006450 000000 000000 000000 000000 000000*
L0006480 00000011 00000001 00000011 00000010 00000011*
L0006520 00000011 00000001 00000011 00000011 000000*
L0006558 000000 000000 000000 000000 000000*
L0006588 00000001 00000001 00000011 00000000 00000011*
L0006628 00000011 00000001 00000001 00000011 000000*
L0006666 000100 000000 000000 000000 000000*
L0006696 00000000 00000011 00000011 00000000 00000011*
L0006736 00000011 00000011 00000011 00000011 000000*
L0006774 000000 000000 000000 000000 000000*
L0006804 00000001 00000011 00000011 00000011 00000010*
L0006844 00000011 00000010 00000001 00000001 000000*
L0006882 000000 000100 000000 000000 000000*
L0006912 00000010 00000001 00000011 00000000 00000011*
L0006952 00000011 00000001 00000001 00000011 000000*
L0006990 000000 000000 000000 000000 000000*
L0007020 00000001 00000011 00000011 00000010 00000011*
L0007060 00000010 00000001 00000011 00010011 000000*
L0007098 000000 000000 000000 000000 000000*
L0007128 00000011 00000011 00000011 00000000 00000010*
L0007168 00000011 00000000 00000011 00000001 000000*
L0007206 000000 000000 000000 000000 000000*
L0007236 00000001 00000001 00000011 00000011 00000011*
L0007276 00000011 00000011 00000011 00000011 000000*
L0007314 000000 000100 000000 000000 000000*
L0007344 00000011 00000011 00000011 00000011 00000011*
L0007384 00000011 00000001 00000011 00000011 000000*
L0007422 000000 000000 000000 000000 000000*
L0007452 00000011 00000011 00000011 00000011 00000011*
L0007492 00000011 00000011 00000011 00000111 000000*
L0007530 000000 000000 000000 000000 000000*
L0007560 01101011 10000011 10000011 00000011 00000011*
L0007600 01001011 00001011 00000011 00000111 000000*
L0007638 100000 000000 000010 000010 000010*
L0007668 00000011 00000111 00000011 00000011 00000011*
L0007708 10000111 00000011 00001011 00000011 000000*
L0007746 010000 000001 000000 000000 000000*
L0007776 11010101 0010110 1110111 1011011 0111001*
L0007812 11010101 0010110 1110111 1011011 0111001*
L0007848 11010101 0010110 1110111 1011011 0111001*
L0007884 11010101 0010110 1110111 1011011 0111001*
L0007920 11010101 0010110 1110111 1011011 0111001*
L0007956 11010101 0010110 1110111 1011011 0111001*
L0007992 11010101 0010110 1110111 1011011 0111001*
L0008028 11010101 0010110 1110111 1011011 0111001*
L0008064 11010101 0010110 1110111 1011011 0111001*
L0008100 11010101 0010110 1110111 1011011 0111001*
L0008136 11010101 0010110 1110111 1011011 0111001*
L0008172 11010101 0010110 1110111 1011011 0111001*
L0008208 11010101 0010110 1110111 1011011 0111001*
L0008244 11010101 0010110 1110111 1011011 0111001*
L0008280 11010101 0010110 1110111 1011011 0111001*
L0008316 11010101 0010110 1110111 1011011 0111001*
L0008352 11010101 0010110 1110111 1011011 0111001*
L0008388 11010101 0010110 1110111 1011011 0111001*
L0008424 11010101 0010110 1110111 1011011 0111001*
L0008460 11010101 0010110 1110111 1011011 0111001*
L0008496 11010101 0010110 1110111 1011011 0111001*
L0008532 11010101 0010110 1110111 1011011 0111001*
L0008568 11010101 0010110 1110111 1011011 0111001*
L0008604 11010101 0010110 1110111 1011011 0111001*
L0008640 11010101 0010110 1110111 1011011 0111101*
L0008676 11010101 0010110 1110111 1011011 0111001*
L0008712 11010101 0010110 1110111 1011011 0111001*
L0008748 11010101 0010110 1110111 1111011 0111001*
L0008784 11010101 0010110 1110111 1011011 0111001*
L0008820 11010101 0010110 1110111 1011011 0111001*
L0008856 11010101 1010110 1110111 1011011 0111001*
L0008892 11010101 0010110 1110111 1011011 0111001*
L0008928 11010101 0010110 1110111 1011011 0111001*
L0008964 11010101 0010110 1110111 1011011 0111001*
L0009000 11010101 0010110 1110111 1011011 0111001*
L0009036 11010101 0010110 1110111 1011011 0111001*
L0009072 11010101 0010110 1110111 1011011 0111001*
L0009108 11010101 0010110 1110111 1011011 0111001*
L0009144 11010101 0010110 1110111 1011011 0111001*
L0009180 11010101 0010110 1110111 1011011 0111001*
L0009216 11010101 0010110 1110111 1011011 0111001*
L0009252 11010101 0010110 1110111 1011011 0111001*
L0009288 11010101 0010110 1110111 1011011 0111001*
L0009324 11010101 0010110 1110111 1011011 0111001*
L0009360 11010101 0010110 1110111 1011011 0111001*
L0009396 11010101 0010110 1110111 1011011 0111001*
L0009432 11010101 0010110 1110111 1011011 0111001*
L0009468 11010101 0010110 1110111 1011011 0111001*
L0009504 11010101 0010110 1110111 1011011 0111001*
L0009540 11010101 0010110 1110111 1011011 0111001*
L0009576 11010101 0010110 1110111 1011011 0111001*
L0009612 11010101 0010110 1110111 1011011 0111001*
L0009648 11010101 0010110 1110111 1011011 0111001*
L0009684 11010101 0010110 1110111 1011011 0111001*
L0009720 11010101 0010110 1110111 1011011 0111001*
L0009756 11010101 0010110 1110111 1011011 0111001*
L0009792 11010101 0010110 1110111 1011011 0111001*
L0009828 11010101 0010110 1110111 1011011 0111001*
L0009864 11010101 0010110 1110111 1011011 0111001*
L0009900 11010101 0010110 1110111 1011011 0111001*
L0009936 11010101 0010110 1110111 1011011 0111001*
L0009972 11010101 0010110 1110111 1011011 0111001*
L0010008 11010101 0010110 1110111 1011011 0111001*
L0010044 11010101 0010110 1110111 1011011 0111001*
L0010080 11010101 0010110 1110111 1011011 0111001*
L0010116 11010101 0010110 1110111 1011011 0111001*
L0010152 11010101 0010110 1110111 1011111 0111001*
L0010188 11010101 0010110 1110111 1011011 0111001*
L0010224 11010101 0010110 1110111 1011011 0111001*
L0010260 11011101 0010110 1110111 1011011 0111001*
L0010296 11010101 0010110 1110111 1011011 0111001*
L0010332 11010101 0010110 1110111 1011011 0111001*
L0010368 11010101 0010110 1110111 1011011 0111001*
L0010404 11010101 0010110 1110111 1011011 0111001*
L0010440 11010101 0010110 1110111 1011011 0111001*
L0010476 11010101 0010110 1110111 1011011 0111001*
L0010512 11010101 0010110 1110111 1011011 0111001*
L0010548 11010101 0010110 1110111 1011011 0111001*
L0010584 11010101 0010110 1110111 1011011 0111001*
L0010620 11010101 0010110 1110111 1011011 0111001*
L0010656 11010101 0010110 1110111 1011011 0111001*
L0010692 11010101 0010110 1110111 1011011 0111001*
L0010728 11010101 0010110 1110111 1011011 0111001*
L0010764 11010101 0010110 1110111 1011011 0111001*
L0010800 11010101 0010110 1110111 1011011 0111001*
L0010836 11010101 0010110 1110111 1011011 0111001*
L0010872 11010101 0010110 1110111 1011011 0111001*
L0010908 11010101 0010110 1110111 1011011 0111001*
L0010944 11010101 0010110 1110111 1011011 0111001*
L0010980 11010101 0010110 1110111 1011011 0111001*
L0011016 11010101 0010110 1110111 1011011 0111001*
L0011052 11010101 0010110 1110111 1011011 0111001*
L0011088 11010101 0010110 1110111 1011011 0111001*
L0011124 11010101 0010110 1110111 1011011 0111001*
L0011160 11010101 0010110 1110111 1011011 0111001*
L0011196 11010101 0010110 1110111 1011011 0111001*
L0011232 11010101 0010110 1110111 1011011 0111001*
L0011268 11010101 0010110 1110111 1011011 0111001*
L0011304 11010101 0010110 1110111 1011011 0111001*
L0011340 11010101 0010110 1110111 1011011 1111001*
L0011376 11010101 0010110 1110111 1011011 0111001*
L0011412 11010101 0010110 1110111 1011011 0111001*
L0011448 11010101 0010110 1110111 1011011 0111001*
L0011484 11010101 0010110 1110111 1011011 0111001*
L0011520 11010101 0010110 1110111 1011011 0111001*
L0011556 11010101 0010110 1110111 1011011 0111001*
L0011592 11010101 0010110 1110111 1011011 0111001*
L0011628 11010101 0010110 1110111 1011011 0111001*
L0011664 11010101 0010110 1110111 1011011 0111001*
L0011700 11010101 0010110 1110111 1011011 0111001*
L0011736 11010101 0010110 1110111 1011011 0111001*
L0011772 11010101 0010110 1110111 1011011 0111001*
L0011808 11010101 0010110 1110111 1011011 0111001*
L0011844 11010101 0010110 1110111 1011011 0111001*
L0011880 11010101 0010110 1110111 1011011 0111001*
L0011916 11010101 0010110 1110111 1011011 0111001*
L0011952 11010101 0010110 1110111 1011011 0111001*
L0011988 11010111 0010110 1110111 1011011 0111001*
L0012024 11010101 0010110 1110111 1011011 0111001*
L0012060 11010101 0010110 1110111 1011011 0111001*
L0012096 11010101 0110110 1110111 1011011 0111001*
L0012132 11010101 0010110 1110111 1011011 0111001*
L0012168 11010101 0010110 1110111 1011011 0111001*
L0012204 11010101 0010110 1110111 1011011 0111001*
L0012240 11010101 0010110 1110111 1011011 0111001*
L0012276 11010101 0010110 1110111 1011011 0111001*
L0012312 11010101 0010110 1110111 1011011 0111001*
L0012348 11010101 0010110 1110111 1011011 0111001*
L0012384 11010101 0010110 1110111 1011011 0111001*
L0012420 11010101 0010110 1110111 1011011 0111001*
L0012456 11010101 0010110 1110111 1011011 0111001*
L0012492 11010101 0010110 1110111 1011011 0111001*
L0012528 11010101 0010110 1110111 1011011 0111001*
L0012564 11010101 0010110 1110111 1011011 0111001*
L0012600 11010101 0010110 1110111 1011011 0111001*
L0012636 11010101 0010110 1110111 1011011 0111001*
L0012672 11010101 0010110 1110111 1011011 0111001*
L0012708 11010101 0010110 1110111 1011011 0111001*
L0012744 11010101 0010110 1110111 1011011 0111001*
L0012780 11010101 0010110 1110111 1011011 0111001*
L0012816 11010101 0010110 1110111 1011011 0111001*
L0012852 11010101 0010110 1110111 1011011 0111001*
L0012888 11010101 0010110 1110111 1011011 0111001*
L0012924 11010101 0010110 1110111 1011011 0111001*
L0012960 11010101 0010110 1110111 1011011 0111001*
L0012996 11010101 0010110 1110111 1011011 0111001*
L0013032 11010101 0010110 1110111 1011011 0111001*
L0013068 11010101 0010110 1110111 1011011 0111001*
L0013104 11010101 0010110 1110111 1011011 0111001*
L0013140 11010101 0010110 1110111 1011011 0111001*
L0013176 11010101 0010110 1110111 1011011 0111001*
L0013212 11010101 0010110 1110111 1011011 0111001*
L0013248 11010101 0010110 1110111 1011011 0111001*
L0013284 11010101 0010110 1110111 1011011 0111001*
L0013320 11010101 0010110 1110111 1011011 0111001*
L0013356 11010101 0010110 1110111 1011011 0111001*
L0013392 11010101 0010110 1110111 1011011 0111001*
L0013428 11010101 0010110 1110111 1011011 0111001*
L0013464 11010101 0010110 1110111 1011011 0111001*
L0013500 11010101 0010110 1110111 1011011 0111001*
L0013536 11010101 0010110 1110111 1011011 0111001*
L0013572 11010101 0010110 1110111 1011011 0111001*
L0013608 11010101 0010110 1110111 1011011 0111001*
L0013644 11010101 0010110 1110111 1011011 0111001*
L0013680 11010101 0010110 1110111 1011011 0111001*
L0013716 11010101 0010110 1110111 1011011 0111001*
L0013752 11010101 0010110 1110111 1011011 0111001*
L0013788 11010101 0010111 1110111 1011011 0111001*
L0013824 11010101 0010110 1110111 1011011 0111011*
L0013860 11010101 0010110 1110111 1011011 0111001*
L0013896 11010101 0010110 1110111 1011011 0111001*
L0013932 11010101 0010110 1110111 1011011 0111001*
L0013968 11010101 0010110 1110111 1011011 0111001*
L0014004 11010101 0010110 1110111 1011011 0111001*
L0014040 11010101 0011110 1110111 1011011 0111001*
L0014076 11010101 0010110 1110111 1011011 0111001*
L0014112 11010101 0010110 1110111 1011011 0111001*
L0014148 11010101 0010110 1110111 1011011 0111101*
L0014184 11010101 0010110 1110111 1011011 0111001*
L0014220 11010101 0010110 1110111 1011011 0111001*
L0014256 11010101 0010110 1110111 1011011 0111001*
L0014292 11010101 0010110 1110111 1011011 0111001*
L0014328 11010101 0010110 1110111 1011011 0111001*
L0014364 11010101 0010110 1110111 1011011 0111001*
L0014400 11010101 0010110 1110111 1011011 0111001*
L0014436 11010101 0010110 1110111 1011011 0111001*
L0014472 11010101 0010110 1110111 1011011 0111001*
L0014508 11010101 0010110 1110111 1011011 0111001*
L0014544 11010101 0010110 1110111 1011011 0111001*
L0014580 11110101 0010110 1110111 1011011 0111001*
L0014616 11010101 0010110 1110111 1011011 0111001*
L0014652 11010101 0010110 1110111 1011011 0111001*
L0014688 11010101 0010110 1111111 1011011 0111001*
L0014724 11010101 0010110 1110111 1011011 0111001*
L0014760 11010101 0010110 1110111 1011011 0111001*
L0014796 11011101 0010110 1110111 1011011 0111001*
L0014832 11010101 0010110 1110111 1011011 0111001*
L0014868 11010101 0010110 1110111 1011111 0111001*
L0014904 11010101 0010110 1110111 1011011 0111001*
L0014940 11010101 0010110 1110111 1011011 0111001*
L0014976 11010101 0010110 1110111 1011011 0111001*
L0015012 11010101 0010110 1110111 1011011 0111001*
L0015048 11010101 0010110 1110111 1011011 0111001*
L0015084 11010101 0010110 1110111 1011011 0111001*
L0015120 11010101 0010110 1110111 1011011 0111001*
L0015156 11010101 0010110 1110111 1011011 0111001*
L0015192 11010101 0010110 1110111 1011011 0111001*
L0015228 11010101 0010110 1110111 1011011 0111001*
L0015264 11010101 0010110 1110111 1011011 0111001*
L0015300 11010101 0010110 1110111 1011011 0111001*
L0015336 11010101 0010110 1110111 1011011 0111001*
L0015372 11010101 0010110 1110111 1011011 0111001*
L0015408 11010101 0010110 1110111 1011011 0111001*
L0015444 11010101 0010110 1110111 1011011 0111001*
L0015480 11010101 0010110 1110111 1011011 0111001*
L0015516 11010101 0010110 1110111 1011011 0111001*
L0015552 00000011 00000011 00000011 00000011 00000011*
L0015592 10000011 00000011 00000011 00000011 000000*
L0015630 000000 000000 000000 000000 000000*
L0015660 00000011 00000111 00000111 00000111 00000111*
L0015700 00000011 10000011 00000111 00000011 000000*
L0015738 000000 000000 000010 000010 000010*
L0015768 00000011 00000011 00000011 00000011 00000011*
L0015808 00000011 00000011 00000011 00000011 000001*
L0015846 000000 000000 000000 000000 000000*
L0015876 00000011 00101011 00000011 00000011 00000011*
L0015916 00000011 00000011 00000011 00000111 000000*
L0015954 000000 000000 000000 000000 000000*
L0015984 00000011 00000011 00000011 00000011 00000011*
L0016024 00000011 00000011 00000011 00000011 000000*
L0016062 000000 000000 000000 000000 000000*
L0016092 00000011 10000111 10000111 10000111 10000111*
L0016132 00000011 00000011 00000111 00000011 000000*
L0016170 000000 000001 000011 000011 000011*
L0016200 00000011 00000011 00000011 00000011 00000011*
L0016240 00100011 00100011 00000011 00000011 000000*
L0016278 000000 000000 000000 000000 000000*
L0016308 00000011 00000011 00000011 00000011 00000011*
L0016348 01000011 01000011 00000011 00000011 000000*
L0016386 000000 000000 000000 000000 000000*
L0016416 00000011 00000011 00000011 00000011 00000011*
L0016456 00000011 00000011 00000011 00000011 000000*
L0016494 000000 000000 000000 000000 000000*
L0016524 10000111 00000011 00000011 00000011 00000011*
L0016564 00000011 00000011 00000011 00000011 000000*
L0016602 000000 000000 000000 000000 000000*
L0016632 00000011 00000011 00000011 00000011 00000011*
L0016672 00000011 00000011 00000011 00000011 000000*
L0016710 000000 000000 000000 000000 000000*
L0016740 00000011 00000011 00000011 00000011 00000011*
L0016780 00000011 00000011 00000011 00000011 000000*
L0016818 000000 000010 000000 000000 000000*
L0016848 00000000 00000010 00000000 00000000 00000000*
L0016888 00000000 00000000 00000000 00000000 000000*
L0016926 000000 001000 000000 000000 000000*
L0016956 00000000 00000001 00000011 00000000 00000011*
L0016996 00000001 00000000 00000010 00000011 000000*
L0017034 001000 000000 000000 000000 000000*
L0017064 01111000 00000011 10000111 00000000 00000001*
L0017104 00010000 00000000 00000000 00000001 000000*
L0017142 010000 000000 000000 000000 000000*
L0017172 00000011 00000001 00000011 00000011 00000011*
L0017212 10000111 10000011 00000011 00000110 000001*
L0017250 000100 000000 000000 000000 000000*
L0017280 00000001 00000001 00000011 00000011 00000011*
L0017320 00000011 00000010 00000111 00000011 000000*
L0017358 000000 000000 000000 000001 000000*
L0017388 01111011 00000001 00000011 00000011 00000011*
L0017428 10000110 10000011 00000010 00000110 000001*
L0017466 010000 000000 000000 000000 000000*
L0017496 00000001 00000001 00000011 00000010 00000011*
L0017536 00000011 00000010 00000011 00000011 000000*
L0017574 000000 000000 000000 000000 000000*
L0017604 00000011 00000001 00000011 00000010 00000011*
L0017644 00000010 00000011 10000010 10000010 000000*
L0017682 000000 000000 000000 000000 000000*
L0017712 00000001 00000011 00000011 00000011 00000011*
L0017752 00000011 00000010 00000011 00000011 000000*
L0017790 000000 000000 000000 000000 000000*
L0017820 00000011 00000011 00000011 00000011 00000011*
L0017860 00000010 00000011 00000010 00000010 000000*
L0017898 100000 000000 000000 000000 000000*
L0017928 00000011 00000010 00000000 00000011 00000000*
L0017968 00000011 00000011 00000001 00000011 000000*
L0018006 000000 000000 000000 000000 000000*
L0018036 00000001 00000011 00000011 00000011 00000011*
L0018076 00000011 00000010 00000011 00000011 000000*
L0018114 000010 000000 000000 000000 000000*
L0018144 00000001 00000011 00000011 00000011 00000011*
L0018184 00000011 00000010 00000011 00000011 000000*
L0018222 000000 000000 000000 000000 000000*
L0018252 00000011 00001001 00000011 00000011 00000011*
L0018292 00000011 00000011 00000010 00000011 000000*
L0018330 000000 000000 000000 000000 000000*
L0018360 00001000 00000000 00000000 00000000 00000000*
L0018400 10000100 10000000 00000000 00000100 000001*
L0018438 000000 000000 000000 000000 000000*
L0018468 01110011 10000111 00000011 00000011 00000011*
L0018508 00000011 00000011 00000011 00000011 000000*
L0018546 010000 000000 000000 000000 000000*
L0018576 00000011 00000000 00000000 00000011 00000000*
L0018616 00000010 00000011 00000001 00000001 000000*
L0018654 000000 000000 000000 000000 000000*
L0018684 00000011 00000011 00000011 00000011 00000011*
L0018724 00000011 00000011 00000011 00000011 000000*
L0018762 000000 001000 000000 000000 000000*
L0018792 00000011 00000011 00000011 00000011 00000011*
L0018832 00000011 00000011 00000011 00000111 000000*
L0018870 000000 000000 000000 000000 000000*
L0018900 00000011 00000011 00000011 00000011 00000011*
L0018940 00000011 00000011 00000011 00000011 000001*
L0018978 000000 000000 000000 000000 000000*
L0019008 00000011 00000011 00000011 00000011 00000011*
L0019048 00001011 00000011 00000011 00000011 000000*
L0019086 000000 000000 000000 000000 000000*
L0019116 00000011 00000011 00000011 00000011 00000011*
L0019156 00000011 00000011 00000011 00000011 000000*
L0019194 000000 000000 000000 000000 000000*
L0019224 00000011 00000011 00000011 00000011 00000011*
L0019264 00000011 10000011 10000011 00000011 000000*
L0019302 000000 000000 000000 000000 000000*
L0019332 00000011 01010010 00000000 00000011 00000000*
L0019372 10000010 00000011 00000001 10000000 000000*
L0019410 000000 010000 000000 000000 000000*
L0019440 00000000 00000001 00000011 00000000 00000011*
L0019480 00000001 00000000 00000010 00000011 000000*
L0019518 000000 000000 000000 000000 000000*
L0019548 00000000 00000001 00000011 00000000 00000011*
L0019588 00000001 00000000 00000010 00000011 000000*
L0019626 001000 000000 000000 000000 000000*
L0019656 01111011 00000011 00000011 00000011 00000011*
L0019696 11110111 11100011 00000011 00000111 000001*
L0019734 010100 000000 000000 000000 000000*
L0019764 00000011 00000011 00000011 00000011 00000011*
L0019804 00000011 00000011 00000011 00000011 000000*
L0019842 100000 000001 000010 000000 000000*
L0019872 00000001 00000011 00000011 00000011 00000011*
L0019912 01100011 01100010 00000011 00000011 000000*
L0019950 000000 000000 000000 000000 000000*
L0019980 00000000 00000011 00000011 00000010 00000011*
L0020020 00000001 00000000 00000011 00000011 000000*
L0020058 000000 000000 000000 000000 000000*
L0020088 00000011 00000011 00000011 00000001 00000011*
L0020128 00000011 00000011 00000010 00000011 000000*
L0020166 000000 000000 000000 000000 000000*
L0020196 00000011 00000011 00000011 00000011 00000011*
L0020236 00000011 00000011 00000011 00000011 000000*
L0020274 000001 000000 000000 000000 000000*
L0020304 01111011 00000000 00000000 00000011 00000000*
L0020344 10000110 11100011 00000001 00000101 000001*
L0020382 010000 000000 000000 000000 000000*
L0020412 00000000 00000011 00000011 00000000 00000011*
L0020452 01110001 00000000 00000010 00000010 000000*
L0020490 000100 000000 000000 000000 000011*
L0020520 00000011 00000011 00000011 00000011 00000011*
L0020560 00000011 00000011 00000011 00000011 000000*
L0020598 000000 000000 000000 000000 000000*
L0020628 00000011 00000011 00000011 00001011 00000011*
L0020668 00000011 00000011 00000011 00000011 000000*
L0020706 000000 000000 000000 000000 000000*
L0020736 00000011 00000011 00000011 00000011 00000011*
L0020776 00000011 00000011 00000011 00000011 000000*
L0020814 000000 000000 000000 000000 000000*
L0020844 00000011 00000000 00000000 00000011 00000000*
L0020884 00001010 00000011 00000001 00000001 000000*
L0020922 000000 000000 000000 000000 000000*
L0020952 00000000 00000000 00000000 00000000 00000000*
L0020992 00000000 00000000 00000000 00000000 000000*
L0021030 000000 000010 000000 000000 000000*
L0021060 00000000 00000001 00000011 00000000 00000001*
L0021100 00000000 00000000 00000000 00000000 000000*
L0021138 000010 000000 000000 000000 000000*
L0021168 00000001 00000001 00000011 00000011 00000011*
L0021208 00000010 00000010 00000010 00000010 000000*
L0021246 000000 000000 000000 000000 000000*
L0021276 00000001 00000001 00000011 00000010 00000011*
L0021316 00000010 00000010 00000010 00000010 000000*
L0021354 000001 000000 000000 000000 000000*
L0021384 00111001 00000011 00000011 00000011 00000011*
L0021424 10000110 10000010 00000010 00000110 000001*
L0021462 000000 000000 000000 000000 000000*
L0021492 01000011 00000001 00000011 10000110 00000011*
L0021532 00000011 00000001 00000001 00000001 000000*
L0021570 010000 000000 000000 000000 000000*
L0021600 00000011 00000001 00000011 00000011 00000011*
L0021640 00000010 00000000 00000011 00000011 000000*
L0021678 000000 000000 000000 000000 000000*
L0021708 00000010 00000001 00000001 00000010 00000011*
L0021748 00000011 00000001 00000011 00000001 000000*
L0021786 000000 000000 000000 000000 000000*
L0021816 00000001 00000011 00000001 00000011 00000011*
L0021856 00000010 00000000 00000011 00000011 000000*
L0021894 000000 000000 000000 000000 000000*
L0021924 00000011 00000011 00000001 00000010 00000011*
L0021964 00000011 00000011 00000011 00000001 000000*
L0022002 000000 000000 000000 000000 000000*
L0022032 00111010 00000011 00000001 00000011 00000011*
L0022072 00000111 00000000 00000011 00000001 000000*
L0022110 010000 000000 000001 000010 000000*
L0022140 01000001 00000011 00000011 00000010 00000011*
L0022180 10000010 10000010 00000011 00000101 000001*
L0022218 000000 000000 000000 000000 000000*
L0022248 00000010 00000001 00000011 00000000 00000011*
L0022288 00000011 00000011 00000011 00000011 000000*
L0022326 000000 000000 000000 000000 000000*
L0022356 00000001 00000011 00000011 00000010 00000011*
L0022396 00000011 00000101 00000011 00000011 000000*
L0022434 000000 000000 000000 000000 000000*
L0022464 00000011 00000001 00000011 00000001 00000011*
L0022504 01000011 01000011 00000011 00000011 000000*
L0022542 000000 000000 000000 000000 000000*
L0022572 00000010 00000001 00000011 00000010 00000010*
L0022612 00100011 00100011 00000001 00000011 000000*
L0022650 000000 000000 000000 000000 000000*
L0022680 00000011 00000011 00000011 00000010 00000010*
L0022720 00000011 00000010 00000011 00000011 000000*
L0022758 000000 000000 000000 000000 000000*
L0022788 00000001 00000001 00000011 00000011 00000011*
L0022828 00000011 00000011 00000011 00000011 000000*
L0022866 000000 000000 000000 000000 000000*
L0022896 00000011 00000011 00000011 00000011 00000011*
L0022936 00000011 00000001 00000011 00000011 000000*
L0022974 000000 000000 000000 000000 000000*
L0023004 00000011 00000011 00000011 00000011 00000011*
L0023044 00000011 00000011 00000011 00000011 000000*
L0023082 000000 000000 000000 000000 000000*
L0023112 01111011 00000011 00000011 00000011 00000011*
L0023152 11110111 10000011 00000011 00000111 000001*
L0023190 010100 000000 000000 000000 000000*
L0023220 00000011 00000011 00000011 00000011 10000111*
L0023260 00000011 01100011 00000011 00000011 000000*
L0023298 000000 000000 000000 000000 000000*
L0023328 11011011 1111101 0111111 1010011 0101011*
L0023364 11011011 1111101 0111111 1010011 0101011*
L0023400 11011011 1111101 0111111 1010011 0101011*
L0023436 11011011 1111101 0111111 1010011 0101011*
L0023472 11011011 1111101 0111111 1010011 0101011*
L0023508 11011011 1111101 0111111 1010011 0101011*
L0023544 11011011 1111101 0111111 1010011 0101011*
L0023580 11011011 1111101 0111111 1010011 0101011*
L0023616 11011011 1111101 0111111 1010011 0101011*
L0023652 11011011 1111101 0111111 1010011 0101011*
L0023688 11011011 1111101 0111111 1010011 0101011*
L0023724 11011011 1111101 0111111 1010011 0101011*
L0023760 11011011 1111101 0111111 1010011 0101011*
L0023796 11011011 1111101 0111111 1010011 0101011*
L0023832 11011011 1111101 0111111 1010011 0101011*
L0023868 11011011 1111101 0111111 1010011 0101011*
L0023904 11011011 1111101 0111111 1010011 0101011*
L0023940 11011011 1111101 0111111 1010011 0101011*
L0023976 11011011 1111101 0111111 1010011 0101011*
L0024012 11011011 1111101 0111111 1010011 0101011*
L0024048 11011011 1111101 0111111 1010011 0101011*
L0024084 11011011 1111101 0111111 1010011 0101011*
L0024120 11011011 1111101 0111111 1010011 0101011*
L0024156 11011011 1111101 0111111 1010011 0101011*
L0024192 11011011 1111101 0111111 1010011 0101011*
L0024228 11011011 1111101 0111111 1010011 0101011*
L0024264 11011011 1111101 0111111 1010011 0101011*
L0024300 11011011 1111101 0111111 1010011 0101011*
L0024336 11011011 1111101 0111111 1010011 0101011*
L0024372 11011011 1111101 0111111 1010011 0101011*
L0024408 11011011 1111101 0111111 1010011 0101011*
L0024444 11011011 1111101 0111111 1010011 0101011*
L0024480 11011011 1111101 0111111 1010011 0101011*
L0024516 11011011 1111101 0111111 1010011 0101011*
L0024552 11011011 1111101 0111111 1010011 0101011*
L0024588 11011011 1111101 0111111 1010011 0101011*
L0024624 11011011 1111101 0111111 1010011 0101011*
L0024660 11011011 1111101 0111111 1010011 0101011*
L0024696 11011011 1111101 0111111 1010011 0101011*
L0024732 11011011 1111101 0111111 1010011 0101011*
L0024768 11011011 1111101 0111111 1010011 0101011*
L0024804 11011011 1111101 0111111 1010011 0101011*
L0024840 11011011 1111101 0111111 1010011 0101011*
L0024876 11011011 1111101 0111111 1010011 0101011*
L0024912 11011011 1111101 0111111 1010011 0101011*
L0024948 11011011 1111101 0111111 1010011 0101011*
L0024984 11011011 1111101 0111111 1010011 0101011*
L0025020 11011011 1111101 0111111 1010011 0101011*
L0025056 11011011 1111101 0111111 1010011 0101011*
L0025092 11011011 1111101 0111111 1010011 0101011*
L0025128 11011011 1111101 0111111 1010011 0101011*
L0025164 11011011 1111101 0111111 1010011 0101011*
L0025200 11011011 1111101 0111111 1010011 0101011*
L0025236 11011011 1111101 0111111 1010011 0101011*
L0025272 11011011 1111101 0111111 1010011 0101011*
L0025308 11011011 1111101 0111111 1010011 0101011*
L0025344 11011011 1111101 0111111 1010011 0101011*
L0025380 11011011 1111101 0111111 1010011 0101011*
L0025416 11011011 1111101 0111111 1010011 0101011*
L0025452 11011011 1111101 0111111 1010011 0101011*
L0025488 11011011 1111101 0111111 1010011 0101011*
L0025524 11011011 1111101 0111111 1010011 0101011*
L0025560 11011011 1111101 0111111 1010011 0101011*
L0025596 11011011 1111101 0111111 1010011 0101011*
L0025632 11011011 1111101 0111111 1010011 0101011*
L0025668 11011011 1111101 0111111 1010011 0101011*
L0025704 11011011 1111101 0111111 1010011 0101011*
L0025740 11011011 1111101 0111111 1010011 0101011*
L0025776 11011011 1111101 0111111 1010011 0101011*
L0025812 11011011 1111101 0111111 1010011 0101011*
L0025848 11011011 1111101 0111111 1010011 0101011*
L0025884 11011011 1111101 0111111 1010011 0101011*
L0025920 11011011 1111101 0111111 1010011 0101011*
L0025956 11011011 1111101 0111111 1010011 0101011*
L0025992 11011011 1111101 0111111 1010011 0101011*
L0026028 11011011 1111101 0111111 1010011 0101011*
L0026064 11011011 1111101 0111111 1010011 0101011*
L0026100 11011011 1111101 0111111 1010011 0101011*
L0026136 11011011 1111101 0111111 1010011 0101011*
L0026172 11011011 1111101 0111111 1010011 0101011*
L0026208 11011011 1111101 0111111 1010011 0101011*
L0026244 11011011 1111101 0111111 1010011 0101011*
L0026280 11011011 1111101 0111111 1010011 0101011*
L0026316 11011011 1111101 0111111 1010011 0101011*
L0026352 11011011 1111101 0111111 1010011 0101011*
L0026388 11011011 1111101 0111111 1010011 0101011*
L0026424 11011011 1111101 0111111 1010011 0101011*
L0026460 11011011 1111101 0111111 1010011 0101011*
L0026496 11011011 1111101 0111111 1010011 0101011*
L0026532 11011011 1111101 0111111 1010011 0101011*
L0026568 11011011 1111101 0111111 1010011 0101011*
L0026604 11011011 1111101 0111111 1010011 0101011*
L0026640 11011011 1111101 0111111 1010011 0101011*
L0026676 11011011 1111101 0111111 1010011 0101011*
L0026712 11011011 1111101 0111111 1010011 0101011*
L0026748 11011011 1111101 0111111 1010011 0101011*
L0026784 11011011 1111101 0111111 1010011 0101011*
L0026820 11011011 1111101 0111111 1010011 0101011*
L0026856 11011011 1111101 0111111 1010011 0101011*
L0026892 11011011 1111101 0111111 1110011 0101011*
L0026928 11011011 1111101 0111111 1010011 0101011*
L0026964 11011011 1111101 0111111 1010011 0101011*
L0027000 11011011 1111101 0111111 1010011 0101011*
L0027036 11011011 1111101 0111111 1010011 0101011*
L0027072 11011011 1111101 0111111 1010011 0101011*
L0027108 11011011 1111101 0111111 1010011 0101011*
L0027144 11011011 1111101 0111111 1010011 0101011*
L0027180 11011011 1111101 0111111 1010111 0101011*
L0027216 11011011 1111101 0111111 1011011 0101011*
L0027252 11011011 1111101 0111111 1010011 0101011*
L0027288 11011011 1111101 0111111 1010011 0101011*
L0027324 11011011 1111101 0111111 1010011 0101011*
L0027360 11011011 1111101 0111111 1010011 0101011*
L0027396 11011011 1111101 0111111 1010011 0101011*
L0027432 11011111 1111101 0111111 1010011 0101011*
L0027468 11011011 1111101 0111111 1010011 0101011*
L0027504 11011011 1111101 0111111 1010011 0101011*
L0027540 11011011 1111101 0111111 1010011 0101011*
L0027576 11011011 1111101 0111111 1010011 0101011*
L0027612 11011011 1111101 0111111 1010011 0101011*
L0027648 11011011 1111101 0111111 1010011 0101011*
L0027684 11011011 1111101 0111111 1010011 0101011*
L0027720 11011011 1111101 0111111 1010011 0101011*
L0027756 11011011 1111101 0111111 1010011 0101111*
L0027792 11011011 1111101 0111111 1010011 0101011*
L0027828 11011011 1111101 1111111 1010011 0101011*
L0027864 11011011 1111101 0111111 1010011 0111011*
L0027900 11011011 1111101 0111111 1010011 0101011*
L0027936 11011011 1111101 0111111 1010011 0101011*
L0027972 11011011 1111101 0111111 1010011 0101011*
L0028008 11011011 1111101 0111111 1010011 0101011*
L0028044 11011011 1111101 0111111 1010011 0101011*
L0028080 11011011 1111101 0111111 1010011 0101011*
L0028116 11011011 1111101 0111111 1010011 0101011*
L0028152 11011011 1111101 0111111 1010011 0101011*
L0028188 11011011 1111101 0111111 1010011 0101011*
L0028224 11011011 1111101 0111111 1010011 0101011*
L0028260 11011011 1111101 0111111 1010011 0101011*
L0028296 11011011 1111101 0111111 1010011 0101011*
L0028332 11011011 1111101 0111111 1010011 0101011*
L0028368 11011011 1111101 0111111 1010011 0101011*
L0028404 11011011 1111101 0111111 1010011 0101011*
L0028440 11011011 1111101 0111111 1010011 0101011*
L0028476 11111011 1111101 0111111 1010011 0101011*
L0028512 11011011 1111101 0111111 1010011 0101011*
L0028548 11011011 1111101 0111111 1010011 0101011*
L0028584 11011011 1111101 0111111 1010011 0101011*
L0028620 11011011 1111101 0111111 1010011 0101011*
L0028656 11011011 1111101 0111111 1010011 0101011*
L0028692 11011011 1111101 0111111 1010011 0101011*
L0028728 11011011 1111111 0111111 1010011 0101011*
L0028764 11011011 1111101 0111111 1010011 0101011*
L0028800 11011011 1111101 0111111 1010011 0101011*
L0028836 11011011 1111101 0111111 1010011 0101011*
L0028872 11011011 1111101 0111111 1010011 0101011*
L0028908 11011011 1111101 0111111 1010011 0101011*
L0028944 11011011 1111101 0111111 1010011 0101011*
L0028980 11011011 1111101 0111111 1010011 0101011*
L0029016 11011011 1111101 0111111 1010011 0101011*
L0029052 11011011 1111101 0111111 1010011 0101011*
L0029088 11011011 1111101 0111111 1010011 0101011*
L0029124 11011011 1111101 0111111 1010011 0101011*
L0029160 11011011 1111101 0111111 1010011 0101011*
L0029196 11011011 1111101 0111111 1010011 0101011*
L0029232 11011011 1111101 0111111 1010011 0101011*
L0029268 11011011 1111101 0111111 1010011 0101011*
L0029304 11011011 1111101 0111111 1010011 0101011*
L0029340 11011011 1111101 0111111 1010011 0101011*
L0029376 11011011 1111101 0111111 1010011 0101011*
L0029412 11011011 1111101 0111111 1010011 0101011*
L0029448 11011011 1111101 0111111 1010011 0101011*
L0029484 11011011 1111101 0111111 1010011 0101011*
L0029520 11011011 1111101 0111111 1010011 0101011*
L0029556 11011011 1111101 0111111 1010011 0101011*
L0029592 11011011 1111101 0111111 1010011 0101011*
L0029628 11011011 1111101 0111111 1010011 0101011*
L0029664 11011011 1111101 0111111 1010011 0101011*
L0029700 11011011 1111101 0111111 1010011 0101011*
L0029736 11011011 1111101 0111111 1010011 0101011*
L0029772 11011011 1111101 0111111 1010011 0101011*
L0029808 11011011 1111101 0111111 1010011 0101011*
L0029844 11011011 1111101 0111111 1010011 0101011*
L0029880 11011011 1111101 0111111 1010011 0101011*
L0029916 11011011 1111101 0111111 1010011 0101011*
L0029952 11011011 1111101 0111111 1010011 0101011*
L0029988 11011011 1111101 0111111 1010011 0101011*
L0030024 11011011 1111101 0111111 1010011 0101011*
L0030060 11011011 1111101 0111111 1010011 0101011*
L0030096 11011011 1111101 0111111 1010011 0101011*
L0030132 11011011 1111101 0111111 1010011 0101011*
L0030168 11011011 1111101 0111111 1010011 0101011*
L0030204 11011011 1111101 0111111 1010011 0101011*
L0030240 11011011 1111101 0111111 1010011 0101011*
L0030276 11011011 1111101 0111111 1010011 0101011*
L0030312 11011011 1111101 0111111 1010011 0101011*
L0030348 11011011 1111101 0111111 1010011 0101011*
L0030384 11011011 1111101 0111111 1010011 0101011*
L0030420 11011011 1111101 0111111 1010011 0101011*
L0030456 11011011 1111101 0111111 1010011 0101011*
L0030492 11011011 1111101 0111111 1010011 0101011*
L0030528 11011011 1111101 0111111 1010011 0101011*
L0030564 11011011 1111101 0111111 1010011 1101011*
L0030600 11011011 1111101 0111111 1010011 0101011*
L0030636 11011011 1111101 0111111 1010011 0101011*
L0030672 11011011 1111101 0111111 1010011 0101011*
L0030708 11011011 1111101 0111111 1010011 0101011*
L0030744 11011011 1111101 0111111 1010011 0101011*
L0030780 11011011 1111101 0111111 1010011 0101011*
L0030816 11011011 1111101 0111111 1010011 0101011*
L0030852 11011011 1111101 0111111 1010011 0101011*
L0030888 11011011 1111101 0111111 1010011 0101011*
L0030924 11011011 1111101 0111111 1010011 0101011*
L0030960 11011011 1111101 0111111 1010011 0101011*
L0030996 11011011 1111101 0111111 1010011 0101011*
L0031032 11011011 1111101 0111111 1010011 0101011*
L0031068 11011011 1111101 0111111 1010011 0101011*
L0031104 00000011 00000011 00000011 00000011 00000011*
L0031144 00000011 00000011 00000011 00000011 000000*
L0031182 000000 000000 000000 000000 000000*
L0031212 00000011 00000011 00000011 00000011 00000011*
L0031252 00000011 00000111 00000011 00000011 000000*
L0031290 000000 000000 000000 000000 000000*
L0031320 00000011 00000011 00000011 00000011 00000011*
L0031360 00000011 00000011 00000011 00010011 000000*
L0031398 000000 000000 000000 000000 000000*
L0031428 00000011 01000011 00000011 00000011 00000011*
L0031468 00000011 00100011 00010011 00000011 000000*
L0031506 000000 100001 000000 000000 000000*
L0031536 00000011 00000011 00000011 00000011 00000011*
L0031576 00000011 00000011 10000011 00000011 000000*
L0031614 000000 000000 000000 000000 000000*
L0031644 00000011 00011111 00011111 00011111 00011111*
L0031684 00000011 00000011 00000011 10000011 000111*
L0031722 000000 000000 001110 001110 001110*
L0031752 00000011 00000011 00000011 00000011 00000011*
L0031792 00000011 00000011 00000011 00000011 000000*
L0031830 000000 000000 000000 000000 000000*
L0031860 00000011 10011111 10011111 10011111 10011111*
L0031900 00000011 00000011 00000011 00000011 100111*
L0031938 000000 000000 001111 001111 001111*
L0031968 00000011 00000011 00000011 00000011 00000011*
L0032008 00000011 00000011 00000011 00000011 000000*
L0032046 000000 000000 000000 000000 000000*
L0032076 00000011 10011111 10011111 10011111 10011111*
L0032116 00000011 00000011 00000011 00000011 100111*
L0032154 000000 000000 001111 001111 001111*
L0032184 00000011 00000011 00000011 00000011 00000011*
L0032224 00000011 00000011 00000011 00000011 000000*
L0032262 000000 000000 000000 000000 000000*
L0032292 00000011 10011111 10011111 10011111 10011111*
L0032332 00000011 00000011 00000011 00000011 100111*
L0032370 000000 000000 001111 001111 001111*
L0032400 00000000 00000000 00000000 00000000 00000000*
L0032440 00000000 00000000 00000000 00000000 000000*
L0032478 000000 000000 000000 000000 000000*
L0032508 00000000 10011100 10011100 10011100 10011100*
L0032548 00000010 00000000 00000000 00000000 100111*
L0032586 000000 000000 001111 001111 001111*
L0032616 01100000 00000000 10011100 00000000 00000000*
L0032656 01111110 00000000 00000000 00000000 000000*
L0032694 101110 000000 000000 000000 000000*
L0032724 00000011 00000011 00000011 00000011 00000011*
L0032764 10000011 00000011 10011111 10011111 000000*
L0032802 000001 000000 000000 000000 000000*
L0032832 00000000 00000011 00000011 00000010 00000011*
L0032872 00000011 00000010 00000011 00000011 000000*
L0032910 000000 000000 000000 000000 000000*
L0032940 00000011 10011100 10011110 10011111 10011110*
L0032980 00000010 00000011 00000010 00000000 100111*
L0033018 000000 000000 001111 001111 001111*
L0033048 01100000 00000011 00000011 00000010 00000011*
L0033088 11000011 00000010 10011111 10011111 000000*
L0033126 000001 000000 000000 000000 000000*
L0033156 00000011 10011100 00000010 00000011 00000010*
L0033196 00111110 00000011 00000010 00000000 000000*
L0033234 101110 000000 000000 000000 000000*
L0033264 00000000 00000011 00000011 00000010 00000011*
L0033304 00000011 00000010 00000011 00000011 000000*
L0033342 000000 000000 000000 000000 000000*
L0033372 00000011 00000000 00000010 00000011 00000010*
L0033412 00000010 00000011 00000010 00000000 000000*
L0033450 000000 000010 000000 000000 000000*
L0033480 00000011 00000011 00000011 00000011 00000011*
L0033520 00000001 00000011 00000011 00000011 000000*
L0033558 000000 000000 000000 000000 000000*
L0033588 00000000 10011111 10011111 10011110 10011111*
L0033628 00000011 00000010 00000011 00000011 100111*
L0033666 000000 000000 001111 001111 001111*
L0033696 00000000 00000011 00000011 00000010 00000011*
L0033736 00000011 00000010 00000011 00000011 000000*
L0033774 000000 000000 000000 000000 000000*
L0033804 00000011 10011100 10011111 10011111 10011110*
L0033844 00000011 00000011 00000010 00000011 100111*
L0033882 000000 000000 001111 001111 001111*
L0033912 01100000 00000000 00000000 00000000 00000000*
L0033952 11111100 00000000 10011100 10011100 000000*
L0033990 101111 000000 000000 000000 000000*
L0034020 00000011 00000011 00000011 00000011 00000011*
L0034060 00000011 00000011 00000011 00000011 000000*
L0034098 010000 000000 001111 000000 000000*
L0034128 00000011 00000010 00000010 00000011 00000010*
L0034168 00000000 00000011 00000000 00000001 000000*
L0034206 000000 000000 000000 000000 000000*
L0034236 00000011 10011111 10011111 10011111 10011111*
L0034276 00000011 00000011 00000011 00000011 100111*
L0034314 000000 000000 001111 001111 001111*
L0034344 00000011 00000011 00000011 00000011 00000011*
L0034384 00000011 00000011 00010011 00000011 000000*
L0034422 000000 000000 000000 000000 000000*
L0034452 00000011 00000011 00000011 00000011 00000011*
L0034492 00000011 00000011 00000011 00010011 000000*
L0034530 000000 000000 000000 000000 000000*
L0034560 00000011 00000011 00000011 00000011 00000011*
L0034600 00000011 00000011 00000011 00000011 000000*
L0034638 000000 000000 000000 000000 000000*
L0034668 00000011 10011111 10011111 10011111 10011111*
L0034708 00000011 00000011 00000011 00000011 100111*
L0034746 000000 000000 001111 001111 001111*
L0034776 00000011 00000011 00000011 00000011 00000011*
L0034816 00000011 00000011 00000011 00000011 000000*
L0034854 000000 000000 000000 000000 000000*
L0034884 00000011 10011111 10011111 10011111 10011111*
L0034924 00000001 00000011 00000011 00000011 100111*
L0034962 000000 000000 001111 001111 001111*
L0034992 00000000 00000000 00000000 00000000 00000000*
L0035032 00000010 00000000 00000000 00000000 000000*
L0035070 000000 000000 000000 000000 000000*
L0035100 00000000 00000000 00000000 00000000 00000000*
L0035140 00000010 00010000 00000000 00000000 000000*
L0035178 000000 000000 000000 000000 000000*
L0035208 00100011 00000011 00000011 00000011 00000011*
L0035248 10000011 00000011 00000011 00000011 000000*
L0035286 100001 000000 000000 001111 000000*
L0035316 01000011 00000011 00000011 00000011 00000011*
L0035356 01111111 00000011 10011111 10011111 000000*
L0035394 001110 000000 000000 000000 000000*
L0035424 00000000 00000011 00000011 00000010 00000011*
L0035464 00000011 00000010 00001011 00000011 000000*
L0035502 000000 000000 000000 000000 000000*
L0035532 00000000 00010010 00010000 00010010 00010010*
L0035572 00000010 00000000 00000000 00001001 000100*
L0035610 000000 000000 001000 001000 001000*
L0035640 00000011 00000001 00000011 00000001 00000001*
L0035680 00000011 00000011 00000011 10000010 000000*
L0035718 000000 000000 000000 000000 000000*
L0035748 00000011 00000011 00000011 00000011 00000011*
L0035788 00000011 00001011 10000011 00000011 000000*
L0035826 000000 000000 000000 000000 000000*
L0035856 01100011 00000010 00000010 00000011 00000010*
L0035896 11111100 00000011 10011100 10011101 000000*
L0035934 101111 000000 000000 000000 000000*
L0035964 00000000 00000001 00000001 00000000 00000001*
L0036004 00000011 00000000 00000011 00000010 000000*
L0036042 000000 000000 000000 000000 001111*
L0036072 00000011 00000011 00000011 00000011 00000011*
L0036112 00000011 00000011 00000011 00000011 000000*
L0036150 000000 000000 000000 000000 000000*
L0036180 00000011 10011111 10011111 10011111 10011111*
L0036220 00000011 00000011 00000011 00000011 100111*
L0036258 000000 000000 001111 001111 001111*
L0036288 00000011 00000011 00000011 00000011 00000011*
L0036328 00000011 00000011 00000111 00000011 000000*
L0036366 000000 000000 000000 000000 000000*
L0036396 00000011 00011010 00011010 00011011 00011010*
L0036436 00000000 00000011 00000000 00000101 000110*
L0036474 000000 000000 001100 001100 001100*
L0036504 00000000 00000000 00000000 00000000 00000000*
L0036544 00000000 00000000 00000000 00000000 000000*
L0036582 000000 000000 000000 000000 000000*
L0036612 00000000 10011100 10011100 10011100 10011100*
L0036652 00000010 00000000 00000000 00000000 100111*
L0036690 000000 000000 001111 001111 001111*
L0036720 00000000 00000000 00000010 00000010 00000010*
L0036760 00000010 00000010 00000010 00000000 000000*
L0036798 000000 000000 000000 000000 000000*
L0036828 10011100 00000000 00000010 00000010 00000010*
L0036868 00000010 00000010 00000010 00000000 000000*
L0036906 000000 000000 000000 000000 000000*
L0036936 00000000 00000000 00000010 00000010 00000010*
L0036976 10111110 00000010 10011110 10011100 000000*
L0037014 101111 000000 000000 000000 000000*
L0037044 01100000 00000011 00000011 10011101 00000010*
L0037084 01000011 00000011 00000011 00000001 000000*
L0037122 000000 000000 000000 000000 000000*
L0037152 00000001 00000011 00000011 00000010 00000011*
L0037192 00000011 00000001 00000011 00000011 100111*
L0037230 000000 000000 000000 000000 000000*
L0037260 01100000 00000011 00000011 00000010 00000011*
L0037300 11111111 00000001 10011111 10011101 000000*
L0037338 101111 000000 000000 000000 000000*
L0037368 00000001 00000001 00000001 00000010 00000011*
L0037408 00000011 00000011 00000011 00000001 000000*
L0037446 010000 000000 000000 000000 000000*
L0037476 00000001 00000011 00000011 00000010 00000011*
L0037516 00000011 00000001 00000011 00000001 000000*
L0037554 000000 000000 000000 000000 000000*
L0037584 00000011 00000001 00000011 00000010 00000011*
L0037624 00000011 00000001 00000011 00000011 000000*
L0037662 000000 000000 000000 000000 000000*
L0037692 00000011 00011011 00011001 00011001 00011010*
L0037732 00000011 00000001 00000001 00000011 000110*
L0037770 000000 000000 001100 001100 001100*
L0037800 00000010 00000011 00000001 00000000 00000011*
L0037840 00000011 00000011 00000011 00000111 000000*
L0037878 000000 000000 000000 000000 000000*
L0037908 00000011 00000001 00000011 00000010 00000011*
L0037948 00000011 00000001 00000111 00000011 000000*
L0037986 000000 000100 000000 000000 000000*
L0038016 00000011 00000001 00000011 00000000 00000011*
L0038056 00000011 00000001 00000011 00000011 000000*
L0038094 000000 000000 000000 000000 000000*
L0038124 00000001 00000011 00000011 00000011 00000011*
L0038164 00000011 00000011 00000011 00000001 000000*
L0038202 000000 000000 000000 000000 000000*
L0038232 00000011 00000001 00000001 00000010 00000010*
L0038272 00000011 00000010 00000011 00001011 000000*
L0038310 000000 000000 000000 000000 000000*
L0038340 00000001 00100001 00000011 00000011 00000011*
L0038380 00000011 11000011 00001011 00000011 000000*
L0038418 000000 001000 000000 000000 000000*
L0038448 00000011 00000011 00000011 00000011 00000011*
L0038488 00000011 00000001 00000011 00000011 000000*
L0038526 000000 000000 000000 000000 000000*
L0038556 00000011 00000011 00000011 00000011 00000011*
L0038596 00000011 00000011 00000011 00000011 000000*
L0038634 000000 000000 000000 000000 000000*
L0038664 01100011 00000011 00000011 00000011 00000011*
L0038704 11111111 00000011 10011111 10011111 000000*
L0038742 101111 000000 000000 000000 000000*
L0038772 00000011 00000011 00000011 00000011 10011111*
L0038812 00000011 00000011 00000011 00000011 000000*
L0038850 000000 000000 000000 000000 000000*
L0038880 10111001 1000101 1100111 0011001 0101101*
L0038916 10111001 1000101 1100111 0011001 0101101*
L0038952 10111001 1000101 1100111 0011001 0101101*
L0038988 10111001 1000101 1100111 0011001 0101101*
L0039024 10111001 1000101 1100111 0011001 0101101*
L0039060 10111001 1000101 1100111 0011001 0101101*
L0039096 10111001 1000101 1100111 0011001 0101101*
L0039132 10111001 1000101 1100111 0011001 0101101*
L0039168 10111001 1000101 1100111 0011001 0101101*
L0039204 10111001 1000101 1100111 0011001 0101101*
L0039240 10111001 1000101 1100111 0011001 0101101*
L0039276 10111001 1000101 1100111 0011001 0101101*
L0039312 10111001 1000101 1100111 0011001 0101101*
L0039348 10111001 1000101 1100111 0011001 0101101*
L0039384 10111001 1000101 1100111 0011001 0101101*
L0039420 10111001 1000101 1100111 0011001 0101101*
L0039456 10111001 1000101 1100111 0011001 0101101*
L0039492 10111001 1000101 1100111 0011001 0101101*
L0039528 10111001 1000101 1100111 0011001 1101101*
L0039564 10111001 1000101 1100111 0011001 0101101*
L0039600 10111001 1000101 1100111 0011001 0101101*
L0039636 10111001 1000101 1100111 0011001 0101101*
L0039672 10111001 1000101 1100111 0011001 0101101*
L0039708 10111001 1000101 1100111 0011001 0101101*
L0039744 10111001 1000101 1100111 0011001 0101101*
L0039780 10111001 1000101 1100111 0011001 0101101*
L0039816 10111001 1000101 1100111 0011001 0101101*
L0039852 10111001 1000101 1100111 0011001 0101101*
L0039888 10111001 1000101 1100111 0011001 0101101*
L0039924 10111001 1000101 1100111 0011001 0101101*
L0039960 10111001 1000101 1100111 0011001 0101101*
L0039996 10111001 1000101 1100111 0011001 0101101*
L0040032 10111001 1000101 1100111 0011001 0101101*
L0040068 10111001 1100101 1100111 0011001 0101101*
L0040104 10111001 1000101 1100111 0011001 0101101*
L0040140 10111001 1000101 1100111 0011001 0101101*
L0040176 10111001 1000101 1100111 0011001 0101101*
L0040212 10111001 1000101 1100111 0011001 0101101*
L0040248 10111001 1000101 1100111 0011001 0101101*
L0040284 10111001 1000101 1100111 0011001 0101101*
L0040320 10111001 1000101 1100111 0011001 0101101*
L0040356 10111001 1000101 1100111 0011001 0101101*
L0040392 10111001 1000101 1100111 0011001 0101101*
L0040428 10111001 1000101 1100111 0011001 0101101*
L0040464 10111001 1000101 1100111 0011001 0101101*
L0040500 10111001 1000101 1100111 0011001 0101101*
L0040536 10111001 1000101 1100111 0011001 0101101*
L0040572 10111001 1000101 1100111 0011001 0101101*
L0040608 10111001 1000101 1100111 0011001 0101101*
L0040644 10111001 1000101 1100111 0011001 0101101*
L0040680 10111001 1000101 1100111 0011001 0101101*
L0040716 10111001 1000101 1100111 0011001 0101101*
L0040752 10111001 1000101 1100111 0011001 0101101*
L0040788 10111001 1000101 1100111 0011001 0101101*
L0040824 10111001 1000101 1100111 0011001 0101101*
L0040860 10111001 1000101 1100111 0011001 0101101*
L0040896 10111001 1000101 1100111 0011001 0101101*
L0040932 10111001 1000101 1100111 0011001 0101101*
L0040968 10111001 1000101 1100111 0011001 0101101*
L0041004 10111001 1000101 1100111 0011001 0101101*
L0041040 10111001 1000101 1100111 0011001 0101101*
L0041076 10111001 1000101 1100111 0011001 0101101*
L0041112 10111001 1000101 1100111 0011001 0101101*
L0041148 10111001 1000101 1100111 0011001 0101101*
L0041184 10111001 1000101 1100111 0011001 0101101*
L0041220 10111001 1000101 1100111 0011001 0101101*
L0041256 10111001 1000101 1100111 0011001 0101101*
L0041292 10111001 1000101 1100111 0011001 0101101*
L0041328 10111001 1000101 1100111 0011001 0101101*
L0041364 10111001 1000101 1100111 0011001 0101101*
L0041400 10111001 1000101 1100111 0011001 0101101*
L0041436 10111001 1000101 1100111 0011001 0101101*
L0041472 10111011 1000101 1100111 0011001 0101101*
L0041508 10111001 1000101 1100111 0011001 0101101*
L0041544 10111001 1000101 1100111 0011001 0101101*
L0041580 10111101 1000101 1100111 0011001 0101101*
L0041616 10111001 1000101 1100111 0011001 0101101*
L0041652 10111001 1000101 1100111 0011001 0101101*
L0041688 10111001 1000101 1100111 0011101 0101101*
L0041724 10111001 1000101 1100111 0011001 0101101*
L0041760 10111001 1000101 1100111 0011001 0101101*
L0041796 10111001 1000101 1101111 0011001 0101101*
L0041832 10111001 1000101 1100111 0011001 0101101*
L0041868 10111001 1000101 1100111 0011001 0101101*
L0041904 10111001 1001101 1100111 0011001 0101101*
L0041940 10111001 1000101 1100111 0011001 0101101*
L0041976 10111001 1000101 1100111 0011001 0101101*
L0042012 10111001 1000101 1100111 0011001 0111101*
L0042048 10111001 1000101 1100111 0011001 0101101*
L0042084 10111001 1000101 1100111 0011001 0101101*
L0042120 10111001 1000101 1100111 0011001 0101101*
L0042156 10111001 1000101 1100111 0011001 0101101*
L0042192 10111001 1000101 1100111 0011001 0101101*
L0042228 10111001 1000101 1100111 0011001 0101101*
L0042264 10111001 1000101 1100111 0011001 0101101*
L0042300 10111001 1000101 1100111 0011001 0101101*
L0042336 10111001 1000101 1100111 0011001 0101101*
L0042372 10111001 1000101 1100111 0011001 0101101*
L0042408 10111001 1000101 1100111 0011001 0101101*
L0042444 10111001 1000101 1100111 0011011 0101101*
L0042480 10111001 1000101 1100111 0011001 0101101*
L0042516 10111001 1000101 1100111 0011001 0101101*
L0042552 10111001 1000101 1100111 0011001 0101101*
L0042588 10111001 1000101 1100111 0011001 0101101*
L0042624 10111001 1000101 1100111 0011001 0101101*
L0042660 10111001 1000101 1100111 0011001 0101101*
L0042696 10111001 1000101 1100111 0011001 0101101*
L0042732 10111001 1000101 1100111 0011001 0101101*
L0042768 10111001 1000101 1100111 0011001 0101101*
L0042804 10111001 1000101 1100111 0011001 0101101*
L0042840 10111001 1000101 1100111 0011001 0101101*
L0042876 10111001 1000101 1100111 0011001 0101101*
L0042912 10111001 1000101 1100111 0011001 0101101*
L0042948 10111001 1000101 1100111 0011001 0101101*
L0042984 10111001 1000101 1100111 0011001 0101101*
L0043020 10111001 1000101 1100111 0011001 0101101*
L0043056 10111001 1000101 1100111 0011001 0101101*
L0043092 10111001 1000101 1100111 0011001 0101101*
L0043128 10111001 1000101 1100111 0011001 0101101*
L0043164 10111001 1000101 1100111 0011001 0101101*
L0043200 10111001 1000101 1100111 0011001 0101101*
L0043236 10111001 1000101 1100111 0011001 0101101*
L0043272 10111001 1000101 1100111 0011001 0101101*
L0043308 10111001 1000101 1100111 0011001 0101101*
L0043344 10111001 1000101 1100111 0011001 0101101*
L0043380 10111001 1000101 1100111 1011001 0101101*
L0043416 10111001 1000101 1100111 0011001 0101101*
L0043452 10111001 1000101 1100111 0011001 0101101*
L0043488 10111001 1000101 1100111 0011001 0101101*
L0043524 10111001 1000101 1100111 0011001 0101101*
L0043560 10111001 1000101 1100111 0011001 0101101*
L0043596 10111001 1000101 1100111 0011001 0101101*
L0043632 10111001 1000101 1100111 0011001 0101101*
L0043668 10111001 1000101 1100111 0011001 0101101*
L0043704 10111001 1000101 1100111 0011001 0101101*
L0043740 10111001 1000101 1100111 0011001 0101101*
L0043776 10111001 1000101 1100111 0011001 0101101*
L0043812 10111001 1000101 1100111 0011001 0101101*
L0043848 10111001 1000101 1100111 0011001 0101101*
L0043884 10111001 1000101 1100111 0011001 0101101*
L0043920 10111001 1000101 1100111 0011001 0101101*
L0043956 10111001 1000101 1100111 0011001 0101101*
L0043992 10111001 1000101 1100111 0011001 0101101*
L0044028 10111001 1000101 1100111 0011001 0101111*
L0044064 10111001 1000101 1100111 0011001 0101101*
L0044100 10111001 1000101 1100111 0011001 0101101*
L0044136 10111001 1000101 1100111 0011001 0101101*
L0044172 10111001 1000101 1100111 0011001 0101101*
L0044208 10111001 1000101 1100111 0011001 0101101*
L0044244 10111001 1000101 1100111 0011001 0101101*
L0044280 10111001 1000101 1100111 0011001 0101101*
L0044316 10111001 1000101 1100111 0011001 0101101*
L0044352 10111001 1000101 1100111 0011001 0101101*
L0044388 10111001 1000101 1100111 0011001 0101101*
L0044424 10111001 1000101 1100111 0011001 0101101*
L0044460 10111001 1000101 1100111 0011001 0101101*
L0044496 10111001 1000101 1100111 0011001 0101101*
L0044532 10111001 1000101 1100111 0011001 0101101*
L0044568 10111001 1000101 1100111 0011001 0101101*
L0044604 10111001 1000101 1100111 0011001 0101101*
L0044640 10111001 1000101 1100111 0011001 0101101*
L0044676 10111001 1000101 1100111 0011001 0101101*
L0044712 10111001 1000101 1100111 0011001 0101101*
L0044748 10111001 1000101 1100111 0111001 0101101*
L0044784 10111001 1000101 1100111 0011001 0101101*
L0044820 10111001 1000101 1100111 0011001 0101101*
L0044856 10111001 1000101 1110111 0011001 0101101*
L0044892 10111001 1000101 1100111 0011001 0101101*
L0044928 10111001 1000101 1100111 0011001 0101101*
L0044964 10111001 1000101 1100111 0011001 0101101*
L0045000 10111001 1010101 1100111 0011001 0101101*
L0045036 10111001 1000101 1100111 0011001 0101101*
L0045072 10111001 1000101 1100111 0011001 0101101*
L0045108 10111001 1000101 1100111 0011001 0101101*
L0045144 10111001 1000101 1100111 0011001 0101101*
L0045180 10111001 1000101 1100111 0011001 0101101*
L0045216 10111001 1000101 1100111 0011001 0101101*
L0045252 10111001 1000101 1100111 0011001 0101101*
L0045288 10111001 1000101 1100111 0011001 0101101*
L0045324 10111001 1000101 1100111 0011001 0101101*
L0045360 10111001 1000101 1100111 0011001 0101101*
L0045396 10111001 1000101 1100111 0011001 0101101*
L0045432 10111001 1000101 1100111 0011001 0101101*
L0045468 10111001 1000101 1100111 0011001 0101101*
L0045504 10111001 1000101 1100111 0011001 0101101*
L0045540 10111001 1000101 1100111 0011001 0101101*
L0045576 10111001 1000101 1100111 0011001 0101101*
L0045612 10111001 1000101 1100111 0011001 0101101*
L0045648 10111001 1000101 1100111 0011001 0101101*
L0045684 10111001 1000101 1100111 0011001 0101101*
L0045720 10111001 1000101 1100111 0011001 0101101*
L0045756 10111001 1000101 1100111 0011001 0101101*
L0045792 10111001 1000101 1100111 0011001 0101101*
L0045828 10111001 1000101 1100111 0011001 0101101*
L0045864 10111001 1000101 1100111 0011001 0101101*
L0045900 10111001 1000101 1100111 0011001 0101101*
L0045936 10111001 1000101 1100111 0011001 0101101*
L0045972 10111001 1000101 1100111 0011001 0101101*
L0046008 10111001 1000101 1100111 0011001 0101101*
L0046044 10111001 1000101 1100111 0011001 0101101*
L0046080 10111001 1000101 1100111 0011001 0101101*
L0046116 10111001 1000111 1100111 0011001 0101101*
L0046152 10111001 1000101 1100111 0011001 0101101*
L0046188 10111001 1000101 1100111 0011001 0101101*
L0046224 10111001 1000101 1100111 0011001 0101101*
L0046260 10111001 1000101 1100111 0011001 0101101*
L0046296 10111001 1000101 1100111 0011001 0101101*
L0046332 10111001 1000101 1100111 0011001 0101101*
L0046368 10111001 1000101 1100111 0011001 0101101*
L0046404 10111001 1000101 1100111 0011001 0101101*
L0046440 10111001 1000101 1100111 0011001 0101101*
L0046476 10111001 1000101 1100111 0011001 0101101*
L0046512 10111001 1000101 1100111 0011001 0101101*
L0046548 10111001 1000101 1100111 0011001 0101101*
L0046584 10111001 1000101 1100111 0011001 0101101*
L0046620 11111001 1000101 1100111 0011001 0101101*
L0046656 00000011 00000011 00000011 00000011 00000011*
L0046696 00000011 00000011 00000011 00000011 000000*
L0046734 000000 000000 100000 000000 000000*
L0046764 00000011 00000011 00000011 00000011 00000011*
L0046804 00000011 00000011 00000011 00000011 000000*
L0046842 000000 000000 000000 100000 000000*
L0046872 00000011 00000011 00000011 00000011 00000011*
L0046912 00000011 00000011 01000011 00000011 000000*
L0046950 000000 000000 000000 000000 000000*
L0046980 00000011 00000011 00000011 00000011 00000011*
L0047020 00000011 00000011 00000011 01000011 000000*
L0047058 000000 000000 000000 000000 000000*
L0047088 00000011 10000011 00000011 00000011 00000011*
L0047128 00000011 00000011 00000011 00000011 000000*
L0047166 000000 000000 000000 000000 000000*
L0047196 10000011 00000011 00000011 00000011 00000011*
L0047236 00000011 00000011 00000011 00000011 000000*
L0047274 000000 000000 000000 000000 000000*
L0047304 00000011 00000011 00000011 00000011 00000011*
L0047344 00000011 00000011 00000111 00000011 000000*
L0047382 000000 000000 000000 000000 000000*
L0047412 00000011 00000011 00000011 00000011 00000011*
L0047452 00000011 00000011 00000011 00000111 000000*
L0047490 000000 000000 000000 000000 000000*
L0047520 01111111 00000011 10000011 00000011 10010011*
L0047560 00000011 00000011 00000011 00010011 000000*
L0047598 000000 000100 000000 000001 000000*
L0047628 00000011 00000011 00000011 10000011 00000011*
L0047668 00000011 00000011 00000011 00000011 000100*
L0047706 000100 000000 000000 000000 000001*
L0047736 00000011 00000011 00000011 00000011 00000011*
L0047776 00000011 00000011 00000011 00000011 000000*
L0047814 000000 000000 010000 000000 000000*
L0047844 00000011 00000011 00000011 00000011 00000011*
L0047884 00000011 00000011 00000011 00000011 000000*
L0047922 000000 000000 000000 010000 000000*
L0047952 00001100 00000010 10000011 00000000 10010011*
L0047992 00000011 00000000 00000011 00000010 000100*
L0048030 000000 000100 000000 000000 000001*
L0048060 01110010 00000011 00000010 10000000 00000011*
L0048100 00000011 00000000 00010010 00010011 000000*
L0048138 000100 000000 000001 000001 000000*
L0048168 00001100 00000010 00000011 10000000 10000011*
L0048208 00000011 00000000 00000011 00000010 000000*
L0048246 000100 000100 000000 000000 000000*
L0048276 01110011 00000011 10000010 00000011 00010011*
L0048316 00000011 00000011 00010010 00000011 000000*
L0048354 000000 000000 000001 000000 000000*
L0048384 01111111 00000000 10000000 10000011 10010000*
L0048424 00000000 00000011 00000000 00000000 000000*
L0048462 000100 000100 000000 000000 000000*
L0048492 00000000 00000001 00000000 00010011 00000000*
L0048532 00000000 00000111 00000000 00000001 000000*
L0048570 000000 000000 000000 000000 000000*
L0048600 00000011 00000000 00000000 00000010 00000000*
L0048640 00000000 00000010 00000000 00000000 000000*
L0048678 000000 000000 000010 000000 000000*
L0048708 00000000 00010101 00000000 00000010 00000000*
L0048748 00000000 00000010 00000000 00000001 000000*
L0048786 000000 000000 000000 000010 000000*
L0048816 00000011 00000010 00000011 00000011 00000011*
L0048856 00000011 00000011 10000011 00000010 000000*
L0048894 000000 000000 000000 000000 000000*
L0048924 00000000 00000011 00000011 00000011 00000011*
L0048964 00000011 00000011 00000011 10000011 000000*
L0049002 000000 000000 000000 000000 000000*
L0049032 01111111 00000011 10000011 10000011 10010011*
L0049072 00000011 00000011 00000011 00000011 000000*
L0049110 000100 000100 000000 000000 000000*
L0049140 00000011 00000010 00010011 00000011 00000011*
L0049180 00000111 00000011 00000011 00000010 000000*
L0049218 000000 000000 000000 000000 000000*
L0049248 00000011 00000010 00000011 00000011 00000011*
L0049288 00000011 00000011 00000011 00000010 000000*
L0049326 000000 000000 000000 000000 000000*
L0049356 00000001 00001011 00000010 00000011 00000011*
L0049396 00000011 00000011 00000011 00000011 000000*
L0049434 000000 000000 000000 000000 000000*
L0049464 00000000 00000000 00000000 00000000 00000000*
L0049504 00000000 00000000 00000000 00000000 000000*
L0049542 000000 000000 000000 000000 000000*
L0049572 00000011 00000011 00000011 00000011 10000011*
L0049612 00000011 00000011 00000011 00000011 000000*
L0049650 000000 000000 000000 000000 000000*
L0049680 01111111 00000001 10000000 10000011 10010000*
L0049720 00000000 00000011 00000000 00000001 000000*
L0049758 000100 000100 000000 000000 000000*
L0049788 00000011 00000011 00000011 00000011 00000011*
L0049828 00000011 00010011 00000011 00000011 000000*
L0049866 000000 000001 000000 000000 000000*
L0049896 00000011 00000011 00000011 00000011 00000011*
L0049936 00000011 00000011 00000011 00000011 000000*
L0049974 000000 000000 000000 000000 000000*
L0050004 00000011 00000011 00000011 00000011 00000011*
L0050044 00000111 00000111 00000011 00000011 000000*
L0050082 000001 000001 000001 000001 000001*
L0050112 01111111 00000011 10000011 10000011 10010011*
L0050152 00000011 00000011 00000011 00000011 000000*
L0050190 000100 000100 000000 000000 000000*
L0050220 00000011 00000011 00000011 00000011 00000011*
L0050260 00010011 00000011 00000011 00000011 000000*
L0050298 000001 000000 000000 000000 000000*
L0050328 00000011 00000011 00000011 00000011 00000011*
L0050368 00000011 00000011 00000011 00000011 000000*
L0050406 000000 000000 000100 000000 000000*
L0050436 00000001 01000010 00000011 00000011 00000011*
L0050476 00000011 00000011 00000011 00000010 000000*
L0050514 000000 000000 000000 000100 000000*
L0050544 00000010 00000001 00000000 00000000 00000000*
L0050584 00000000 00000000 00000000 00000001 000000*
L0050622 000000 000000 000000 000000 000000*
L0050652 00000010 00000001 00010000 00010000 00000000*
L0050692 00010000 00010000 00010000 00010001 000100*
L0050730 000000 000000 000000 000000 000000*
L0050760 00000011 00000011 00000011 00000011 00000011*
L0050800 00000011 00000011 00001011 00000011 000000*
L0050838 000000 000000 000000 000000 000000*
L0050868 00000011 00101011 00000011 00000011 00000011*
L0050908 00000011 00000011 00000011 00001011 000000*
L0050946 000000 000000 000000 000000 000000*
L0050976 00000011 00000011 00000011 00000011 00000011*
L0051016 00000011 00000011 00000011 00000011 000000*
L0051054 000000 000000 000000 000000 000000*
L0051084 00000011 00000011 10000011 00000010 00000011*
L0051124 00000011 00000010 00000011 00000011 000000*
L0051162 000000 000000 000000 000000 000000*
L0051192 00000010 00000011 00000011 00000001 00000011*
L0051232 00000011 00000001 00000011 00000011 000000*
L0051270 000000 000000 000000 000000 000000*
L0051300 00000011 00000011 00000011 00000011 00000011*
L0051340 00000011 00000011 00000011 00000011 000000*
L0051378 000000 000100 000000 000000 000000*
L0051408 00000011 00000001 00000000 00000011 00000000*
L0051448 00000001 00000011 00000001 00000001 000000*
L0051486 000000 000000 000000 000000 000000*
L0051516 00000000 00000010 00000011 00000000 00010011*
L0051556 00000010 00000000 00000010 00000010 000000*
L0051594 000000 000000 000000 000000 000000*
L0051624 00000011 00000011 00000011 00000011 00000011*
L0051664 00000010 00000011 00000010 00000011 000000*
L0051702 000000 000000 000000 000000 000000*
L0051732 00000011 10000011 00000011 00000011 00000011*
L0051772 00000011 00000011 00000011 00000011 000000*
L0051810 000000 000000 000000 000000 000000*
L0051840 00000011 00000011 00000011 00000011 00000011*
L0051880 00000011 00000011 00000011 00000011 000000*
L0051918 000000 000000 000000 000000 000000*
L0051948 00000011 00000101 00000000 00000011 00000000*
L0051988 00000000 00000011 00000000 00000001 000000*
L0052026 000000 000000 000000 000000 000000*
L0052056 00000000 00000010 00000010 00000000 00000011*
L0052096 00000011 00000000 00100010 00000010 000000*
L0052134 000000 000000 000000 000000 000000*
L0052164 00000000 00000010 00000010 00000000 00000011*
L0052204 00000011 00000000 00000010 00100010 000000*
L0052242 000000 000000 000000 000000 000000*
L0052272 00000000 00000000 00000000 00000011 00000000*
L0052312 00000000 00000011 00000000 00000000 000000*
L0052350 000000 000000 000000 000000 000000*
L0052380 01111100 00000000 00000000 00000010 00000000*
L0052420 00000000 00000010 00000000 00000000 000000*
L0052458 000000 000000 000000 000000 000000*
L0052488 00000000 00000010 00000011 00000011 00000011*
L0052528 00000011 00000011 00000011 00000010 000000*
L0052566 000000 000000 000000 000000 000000*
L0052596 00000001 00000011 00000011 00001000 00000010*
L0052636 00000010 00000001 00000001 00000001 000000*
L0052674 000000 000000 000000 000000 000000*
L0052704 00000011 00000001 00000001 00000001 00000010*
L0052744 00000011 00000000 00000001 00000011 000000*
L0052782 000000 000000 000000 000000 000000*
L0052812 00000001 00000001 00000011 00001011 00000011*
L0052852 00000010 00000001 00000001 00000011 000000*
L0052890 000000 000000 000000 000000 000000*
L0052920 00000001 00000001 00000001 00000100 00000010*
L0052960 00000010 00000011 00000011 00000001 000000*
L0052998 000000 000000 000000 000000 000000*
L0053028 00000010 00000011 00000001 00000011 00000011*
L0053068 00000010 00000001 00000001 00000011 000000*
L0053106 000000 000000 000000 000000 000000*
L0053136 00000001 00000011 00000001 00000001 00000010*
L0053176 00000011 00000000 00000001 00000011 000000*
L0053214 000000 000000 000000 000000 000000*
L0053244 00000010 00000001 00000001 00000000 00000010*
L0053284 00000011 00000000 11101111 11101101 000000*
L0053322 000000 000000 111110 111110 000000*
L0053352 00000000 00000011 00000001 00000010 00000011*
L0053392 00000011 00000001 00000011 00000011 000000*
L0053430 000000 000000 000000 000000 000000*
L0053460 00000011 00000001 00000011 10000010 00000011*
L0053500 00000011 00000011 00000001 00000001 000000*
L0053538 000000 000000 000000 000000 000000*
L0053568 00000001 00000001 00000011 00000010 00000011*
L0053608 00000011 00000001 00000011 00000011 000000*
L0053646 000000 000000 000000 000000 000000*
L0053676 10000000 00000001 00000011 00000011 00000011*
L0053716 00000011 00000010 00000011 00000011 000000*
L0053754 000000 000000 000000 000000 000000*
L0053784 00000001 00000001 00000011 00000010 00000010*
L0053824 00000010 00000011 00000011 00000011 000000*
L0053862 000000 000000 000000 000000 000000*
L0053892 00000001 00000001 00000011 00000011 00000011*
L0053932 00000011 00000011 00000011 00000011 000000*
L0053970 000100 000000 000000 000000 000000*
L0054000 00000011 00000011 00000011 00000011 00000011*
L0054040 00000011 00000001 00000011 00000011 000000*
L0054078 000000 000000 000000 000000 000000*
L0054108 00000011 00000011 00000011 00000011 00000011*
L0054148 00000011 00000011 00000011 00000011 000000*
L0054186 000000 000000 000000 000000 000000*
L0054216 00000011 00000011 00000011 00000011 00000011*
L0054256 00000011 00000011 00000011 00000011 000000*
L0054294 000000 000000 001000 000000 000000*
L0054324 00000011 00000011 00000011 00000011 00000011*
L0054364 00000011 00000011 00000011 00000011 000000*
L0054402 000000 000000 000000 001000 000000*
L0054432 11111111 1111101 1111111 1111001 1111101*
L0054468 11111111 1111101 1111111 1111001 1111101*
L0054504 11111111 1111101 1111111 1111001 1111101*
L0054540 11111111 1111101 1111111 1111001 1111101*
L0054576 11111111 1111101 1111111 1111001 1111101*
L0054612 11111111 1111101 1111111 1111001 1111101*
L0054648 11111111 1111101 1111111 1111001 1111101*
L0054684 11111111 1111101 1111111 1111001 1111101*
L0054720 11111111 1111101 1111111 1111001 1111101*
L0054756 11111111 1111101 1111111 1111001 1111101*
L0054792 11111111 1111101 1111111 1111001 1111101*
L0054828 11111111 1111101 1111111 1111001 1111101*
L0054864 11111111 1111101 1111111 1111001 1111101*
L0054900 11111111 1111101 1111111 1111001 1111101*
L0054936 11111111 1111101 1111111 1111001 1111101*
L0054972 11111111 1111101 1111111 1111001 1111101*
L0055008 11111111 1111101 1111111 1111001 1111101*
L0055044 11111111 1111101 1111111 1111001 1111101*
L0055080 11111111 1111101 1111111 1111001 1111101*
L0055116 11111111 1111101 1111111 1111001 1111101*
L0055152 11111111 1111101 1111111 1111001 1111101*
L0055188 11111111 1111101 1111111 1111001 1111101*
L0055224 11111111 1111101 1111111 1111001 1111101*
L0055260 11111111 1111101 1111111 1111001 1111101*
L0055296 11111111 1111101 1111111 1111001 1111101*
L0055332 11111111 1111101 1111111 1111001 1111101*
L0055368 11111111 1111101 1111111 1111001 1111101*
L0055404 11111111 1111101 1111111 1111001 1111101*
L0055440 11111111 1111101 1111111 1111001 1111101*
L0055476 11111111 1111101 1111111 1111001 1111101*
L0055512 11111111 1111101 1111111 1111001 1111101*
L0055548 11111111 1111101 1111111 1111001 1111101*
L0055584 11111111 1111101 1111111 1111001 1111101*
L0055620 11111111 1111101 1111111 1111001 1111101*
L0055656 11111111 1111101 1111111 1111001 1111101*
L0055692 11111111 1111101 1111111 1111001 1111111*
L0055728 11111111 1111101 1111111 1111001 1111101*
L0055764 11111111 1111101 1111111 1111001 1111101*
L0055800 11111111 1111101 1111111 1111001 1111101*
L0055836 11111111 1111101 1111111 1111001 1111101*
L0055872 11111111 1111101 1111111 1111001 1111101*
L0055908 11111111 1111101 1111111 1111001 1111101*
L0055944 11111111 1111101 1111111 1111001 1111101*
L0055980 11111111 1111101 1111111 1111001 1111101*
L0056016 11111111 1111101 1111111 1111001 1111101*
L0056052 11111111 1111101 1111111 1111001 1111101*
L0056088 11111111 1111101 1111111 1111001 1111101*
L0056124 11111111 1111101 1111111 1111001 1111101*
L0056160 11111111 1111101 1111111 1111001 1111101*
L0056196 11111111 1111101 1111111 1111001 1111101*
L0056232 11111111 1111101 1111111 1111001 1111101*
L0056268 11111111 1111101 1111111 1111001 1111101*
L0056304 11111111 1111101 1111111 1111001 1111101*
L0056340 11111111 1111101 1111111 1111001 1111101*
L0056376 11111111 1111101 1111111 1111001 1111101*
L0056412 11111111 1111101 1111111 1111001 1111101*
L0056448 11111111 1111101 1111111 1111001 1111101*
L0056484 11111111 1111101 1111111 1111001 1111101*
L0056520 11111111 1111101 1111111 1111001 1111101*
L0056556 11111111 1111101 1111111 1111001 1111101*
L0056592 11111111 1111101 1111111 1111001 1111101*
L0056628 11111111 1111101 1111111 1111001 1111101*
L0056664 11111111 1111101 1111111 1111001 1111101*
L0056700 11111111 1111101 1111111 1111001 1111101*
L0056736 11111111 1111101 1111111 1111001 1111101*
L0056772 11111111 1111101 1111111 1111001 1111101*
L0056808 11111111 1111101 1111111 1111001 1111101*
L0056844 11111111 1111101 1111111 1111001 1111101*
L0056880 11111111 1111101 1111111 1111001 1111101*
L0056916 11111111 1111101 1111111 1111001 1111101*
L0056952 11111111 1111101 1111111 1111001 1111101*
L0056988 11111111 1111101 1111111 1111001 1111101*
L0057024 11111111 1111101 1111111 1111001 1111101*
L0057060 11111111 1111101 1111111 1111001 1111101*
L0057096 11111111 1111101 1111111 1111001 1111101*
L0057132 11111111 1111101 1111111 1111001 1111101*
L0057168 11111111 1111101 1111111 1111001 1111101*
L0057204 11111111 1111101 1111111 1111001 1111101*
L0057240 11111111 1111101 1111111 1111001 1111101*
L0057276 11111111 1111101 1111111 1111001 1111101*
L0057312 11111111 1111101 1111111 1111001 1111101*
L0057348 11111111 1111101 1111111 1111001 1111101*
L0057384 11111111 1111101 1111111 1111001 1111101*
L0057420 11111111 1111101 1111111 1111001 1111101*
L0057456 11111111 1111101 1111111 1111001 1111101*
L0057492 11111111 1111101 1111111 1111001 1111101*
L0057528 11111111 1111101 1111111 1111001 1111101*
L0057564 11111111 1111101 1111111 1111001 1111101*
L0057600 11111111 1111101 1111111 1111001 1111101*
L0057636 11111111 1111101 1111111 1111001 1111101*
L0057672 11111111 1111101 1111111 1111001 1111101*
L0057708 11111111 1111101 1111111 1111001 1111101*
L0057744 11111111 1111101 1111111 1111001 1111101*
L0057780 11111111 1111101 1111111 1111001 1111101*
L0057816 11111111 1111101 1111111 1111001 1111101*
L0057852 11111111 1111101 1111111 1111001 1111101*
L0057888 11111111 1111101 1111111 1111001 1111101*
L0057924 11111111 1111101 1111111 1111001 1111101*
L0057960 11111111 1111101 1111111 1111001 1111101*
L0057996 11111111 1111111 1111111 1111001 1111101*
L0058032 11111111 1111101 1111111 1111001 1111101*
L0058068 11111111 1111101 1111111 1111001 1111101*
L0058104 11111111 1111101 1111111 1111001 1111101*
L0058140 11111111 1111101 1111111 1111001 1111101*
L0058176 11111111 1111101 1111111 1111001 1111101*
L0058212 11111111 1111101 1111111 1111001 1111101*
L0058248 11111111 1111101 1111111 1111001 1111101*
L0058284 11111111 1111101 1111111 1111001 1111101*
L0058320 11111111 1111101 1111111 1111101 1111101*
L0058356 11111111 1111101 1111111 1111001 1111101*
L0058392 11111111 1111101 1111111 1111001 1111101*
L0058428 11111111 1111101 1111111 1111001 1111101*
L0058464 11111111 1111101 1111111 1111001 1111101*
L0058500 11111111 1111101 1111111 1111001 1111101*
L0058536 11111111 1111101 1111111 1111001 1111101*
L0058572 11111111 1111101 1111111 1111001 1111101*
L0058608 11111111 1111101 1111111 1111001 1111101*
L0058644 11111111 1111101 1111111 1111001 1111101*
L0058680 11111111 1111101 1111111 1111001 1111101*
L0058716 11111111 1111101 1111111 1111001 1111101*
L0058752 11111111 1111101 1111111 1111001 1111101*
L0058788 11111111 1111101 1111111 1111001 1111101*
L0058824 11111111 1111101 1111111 1111001 1111101*
L0058860 11111111 1111101 1111111 1111001 1111101*
L0058896 11111111 1111101 1111111 1111001 1111101*
L0058932 11111111 1111101 1111111 1111001 1111101*
L0058968 11111111 1111101 1111111 1111001 1111101*
L0059004 11111111 1111101 1111111 1111001 1111101*
L0059040 11111111 1111101 1111111 1111001 1111101*
L0059076 11111111 1111101 1111111 1111001 1111101*
L0059112 11111111 1111101 1111111 1111001 1111101*
L0059148 11111111 1111101 1111111 1111001 1111101*
L0059184 11111111 1111101 1111111 1111001 1111101*
L0059220 11111111 1111101 1111111 1111001 1111101*
L0059256 11111111 1111101 1111111 1111001 1111101*
L0059292 11111111 1111101 1111111 1111001 1111101*
L0059328 11111111 1111101 1111111 1111001 1111101*
L0059364 11111111 1111101 1111111 1111001 1111101*
L0059400 11111111 1111101 1111111 1111001 1111101*
L0059436 11111111 1111101 1111111 1111001 1111101*
L0059472 11111111 1111101 1111111 1111001 1111101*
L0059508 11111111 1111101 1111111 1111001 1111101*
L0059544 11111111 1111101 1111111 1111001 1111101*
L0059580 11111111 1111101 1111111 1111001 1111101*
L0059616 11111111 1111101 1111111 1111001 1111101*
L0059652 11111111 1111101 1111111 1111001 1111101*
L0059688 11111111 1111101 1111111 1111001 1111101*
L0059724 11111111 1111101 1111111 1111011 1111101*
L0059760 11111111 1111101 1111111 1111001 1111101*
L0059796 11111111 1111101 1111111 1111001 1111101*
L0059832 11111111 1111101 1111111 1111001 1111101*
L0059868 11111111 1111101 1111111 1111001 1111101*
L0059904 11111111 1111101 1111111 1111001 1111101*
L0059940 11111111 1111101 1111111 1111001 1111101*
L0059976 11111111 1111101 1111111 1111001 1111101*
L0060012 11111111 1111101 1111111 1111001 1111101*
L0060048 11111111 1111101 1111111 1111001 1111101*
L0060084 11111111 1111101 1111111 1111001 1111101*
L0060120 11111111 1111101 1111111 1111001 1111101*
L0060156 11111111 1111101 1111111 1111001 1111101*
L0060192 11111111 1111101 1111111 1111001 1111101*
L0060228 11111111 1111101 1111111 1111001 1111101*
L0060264 11111111 1111101 1111111 1111001 1111101*
L0060300 11111111 1111101 1111111 1111001 1111101*
L0060336 11111111 1111101 1111111 1111001 1111101*
L0060372 11111111 1111101 1111111 1111001 1111101*
L0060408 11111111 1111101 1111111 1111001 1111101*
L0060444 11111111 1111101 1111111 1111001 1111101*
L0060480 11111111 1111101 1111111 1111001 1111101*
L0060516 11111111 1111101 1111111 1111001 1111101*
L0060552 11111111 1111101 1111111 1111001 1111101*
L0060588 11111111 1111101 1111111 1111001 1111101*
L0060624 11111111 1111101 1111111 1111001 1111101*
L0060660 11111111 1111101 1111111 1111001 1111101*
L0060696 11111111 1111101 1111111 1111001 1111101*
L0060732 11111111 1111101 1111111 1111001 1111101*
L0060768 11111111 1111101 1111111 1111001 1111101*
L0060804 11111111 1111101 1111111 1111001 1111101*
L0060840 11111111 1111101 1111111 1111001 1111101*
L0060876 11111111 1111101 1111111 1111001 1111101*
L0060912 11111111 1111101 1111111 1111001 1111101*
L0060948 11111111 1111101 1111111 1111001 1111101*
L0060984 11111111 1111101 1111111 1111001 1111101*
L0061020 11111111 1111101 1111111 1111001 1111101*
L0061056 11111111 1111101 1111111 1111001 1111101*
L0061092 11111111 1111101 1111111 1111001 1111101*
L0061128 11111111 1111101 1111111 1111001 1111101*
L0061164 11111111 1111101 1111111 1111001 1111101*
L0061200 11111111 1111101 1111111 1111001 1111101*
L0061236 11111111 1111101 1111111 1111001 1111101*
L0061272 11111111 1111101 1111111 1111001 1111101*
L0061308 11111111 1111101 1111111 1111001 1111101*
L0061344 11111111 1111101 1111111 1111001 1111101*
L0061380 11111111 1111101 1111111 1111001 1111101*
L0061416 11111111 1111101 1111111 1111001 1111101*
L0061452 11111111 1111101 1111111 1111001 1111101*
L0061488 11111111 1111101 1111111 1111001 1111101*
L0061524 11111111 1111101 1111111 1111001 1111101*
L0061560 11111111 1111101 1111111 1111001 1111101*
L0061596 11111111 1111101 1111111 1111001 1111101*
L0061632 11111111 1111101 1111111 1111001 1111101*
L0061668 11111111 1111101 1111111 1111001 1111101*
L0061704 11111111 1111101 1111111 1111001 1111101*
L0061740 11111111 1111101 1111111 1111001 1111101*
L0061776 11111111 1111101 1111111 1111001 1111101*
L0061812 11111111 1111101 1111111 1111001 1111101*
L0061848 11111111 1111101 1111111 1111001 1111101*
L0061884 11111111 1111101 1111111 1111001 1111101*
L0061920 11111111 1111101 1111111 1111001 1111101*
L0061956 11111111 1111101 1111111 1111001 1111101*
L0061992 11111111 1111101 1111111 1111001 1111101*
L0062028 11111111 1111101 1111111 1111001 1111101*
L0062064 11111111 1111101 1111111 1111001 1111101*
L0062100 11111111 1111101 1111111 1111001 1111101*
L0062136 11111111 1111101 1111111 1111001 1111101*
L0062172 11111111 1111101 1111111 1111001 1111101*
L0062208 00000011 00000011 00000011 00000011 00000011*
L0062248 00000011 00000011 10000011 00000011 000000*
L0062286 000000 000000 000000 000000 000000*
L0062316 00000011 00000011 00000011 00000011 00000011*
L0062356 00000011 00000011 00000011 10000011 000000*
L0062394 000000 000000 000000 000000 000000*
L0062424 00000011 00000011 00000011 00000011 00000011*
L0062464 00000011 00000011 00000011 00000011 000000*
L0062502 000000 000000 000000 000000 000000*
L0062532 00000011 11111111 11111111 11111111 11111111*
L0062572 00000011 00000011 00011111 00000011 111000*
L0062610 000010 000000 111111 111111 111101*
L0062640 00000011 00000011 00000011 00000011 00000011*
L0062680 00000011 00000011 00000011 00000011 000000*
L0062718 000000 000000 000000 000000 000000*
L0062748 00000011 11111111 11111111 11111111 11111111*
L0062788 00000011 00000011 00011111 00000011 111000*
L0062826 000010 000000 111111 111111 111101*
L0062856 00000011 00000011 00000011 00000011 00000011*
L0062896 00000011 00000011 01000011 00000011 000000*
L0062934 000000 000000 000000 000000 000000*
L0062964 00000011 10000011 10000011 10000011 10000011*
L0063004 00000011 00000011 00000011 01000011 100000*
L0063042 000000 000000 000001 000001 000001*
L0063072 00000011 00000011 00000011 00000011 00000011*
L0063112 00000011 00000011 00000011 00000011 000000*
L0063150 000000 000000 000000 000000 000000*
L0063180 00000011 00000011 00000011 00000011 00000011*
L0063220 00000011 00000011 00000011 00000011 000000*
L0063258 000000 001000 000000 000000 000000*
L0063288 00000011 00000011 00000011 00000011 00000011*
L0063328 00000011 00000011 00000011 00000011 000000*
L0063366 000000 000000 000000 000000 000000*
L0063396 00000011 00000011 00000011 00000011 00000011*
L0063436 00000011 00000011 00000011 00000011 000000*
L0063474 000000 000100 000000 000000 000000*
L0063504 00000000 00000000 00000000 00000000 00000000*
L0063544 00000001 00000000 00100000 00000000 000000*
L0063582 000000 000000 000000 000000 000000*
L0063612 00000000 11000000 11000000 11000000 11000000*
L0063652 00000000 00000000 00000000 00100000 110000*
L0063690 000000 000000 100001 100001 100001*
L0063720 00000000 00000000 11111100 00000000 00000000*
L0063760 11111100 00000000 00000000 00000000 000000*
L0063798 111100 000000 000000 000000 000000*
L0063828 00000011 00000011 00000011 00000011 00000011*
L0063868 00000010 00000011 11100011 11111111 000111*
L0063906 000001 000000 000000 000000 000000*
L0063936 00000000 00000011 00000011 00000000 00000011*
L0063976 00000011 00000000 00000011 00000011 000000*
L0064014 000000 000000 000000 000000 000000*
L0064044 00000011 10000000 10000000 10000011 10000000*
L0064084 00000000 00000011 00000000 00000000 100000*
L0064122 000000 000000 000001 000001 000001*
L0064152 00000000 00000011 00000011 00000000 00000011*
L0064192 00000011 00000000 00000011 00010011 000000*
L0064230 000000 000000 000000 000000 000000*
L0064260 00000011 11100000 11100000 11100011 11100000*
L0064300 00000000 00000011 00000000 00000000 111100*
L0064338 000000 000000 110001 110001 110001*
L0064368 00000000 00000011 00000011 00000000 00000011*
L0064408 00000011 00000000 00000011 00000011 000000*
L0064446 000000 000000 000000 000000 000000*
L0064476 00000011 10000000 10000000 10000011 10000000*
L0064516 00000001 00000011 00000000 00000000 100000*
L0064554 000000 000000 000001 000001 000001*
L0064584 00000011 00000011 00000011 00000011 00000011*
L0064624 00000011 00000011 00000011 00000011 000000*
L0064662 000000 000000 000000 000000 000000*
L0064692 00000000 00000011 00000011 00000000 00000011*
L0064732 00000011 00010000 00000011 00000011 000000*
L0064770 000000 000000 000000 000000 000000*
L0064800 00000000 00000011 00000011 00000000 00000011*
L0064840 00000011 00000000 00000011 00000011 000000*
L0064878 000000 000000 000000 000000 000000*
L0064908 00000011 10000000 10000011 10000011 10000000*
L0064948 00000011 00000011 00000000 00000011 100000*
L0064986 000000 000000 000001 000001 000001*
L0065016 00000000 00000000 00000000 00000000 00000000*
L0065056 00000000 00000000 11100000 11111100 000111*
L0065094 000001 000000 000000 000000 000000*
L0065124 00000011 11111111 00000011 00000011 00000011*
L0065164 11111110 00000011 00000011 00000011 000000*
L0065202 111100 000000 000000 000000 000000*
L0065232 00000011 00000000 00000000 00000011 00000000*
L0065272 00000001 00000011 00000000 00000001 000000*
L0065310 000000 000000 000000 000000 000000*
L0065340 00000011 11111111 11111111 11111111 11111111*
L0065380 00000011 00000011 00011111 00000011 111000*
L0065418 000010 000000 111111 111111 111101*
L0065448 00000011 00000011 00000011 00000011 00000011*
L0065488 11111111 00000011 11100011 11111111 000111*
L0065526 111101 000000 000000 000000 000000*
L0065556 00000011 00000011 00000011 00000011 11111111*
L0065596 00000011 00000011 00000011 00000011 000000*
L0065634 000000 000000 000000 000000 000000*
L0065664 00000011 00000011 00000011 00000011 00000011*
L0065704 00000011 00000011 00000011 00000011 000000*
L0065742 000000 000000 000000 000000 000000*
L0065772 00000011 11111111 11111111 11111111 11111111*
L0065812 00000011 00000011 00011111 00000011 111000*
L0065850 000010 000000 111111 111111 111101*
L0065880 00000011 00000011 00000011 00000011 00000011*
L0065920 00000011 00000011 00000011 00000011 000000*
L0065958 000000 000000 000000 000000 000000*
L0065988 00000011 00000011 00000011 00000011 00000011*
L0066028 00000010 00000111 00000011 00000011 000000*
L0066066 000000 000001 000000 000000 000000*
L0066096 00000000 00000000 00000000 00000000 00000000*
L0066136 00000001 00000000 00000000 10000000 000000*
L0066174 000000 000000 000000 000000 000000*
L0066204 00000000 00000000 00000000 00000000 00000000*
L0066244 00000001 00000000 10000000 00000000 000000*
L0066282 000000 000000 000000 000000 000000*
L0066312 00000011 00000011 00000011 00000011 00000011*
L0066352 11111111 00000011 11100011 11111111 000111*
L0066390 111101 000000 000000 000000 000000*
L0066420 00000011 00000011 00000011 00000011 00000011*
L0066460 00000011 00000011 00000011 00000011 000000*
L0066498 000010 000000 111101 000000 000000*
L0066528 00000000 00000011 00000011 00000000 00000011*
L0066568 00000011 00000000 00000011 00001011 000000*
L0066606 000000 000000 000000 000000 000000*
L0066636 00000000 11110000 11110000 11110000 11110000*
L0066676 00000001 00000000 00010000 00000001 111010*
L0066714 000000 000000 111001 111001 111001*
L0066744 00000011 00000011 00000011 00000011 00000011*
L0066784 00000011 00000011 00000011 00000010 000001*
L0066822 000000 000000 000000 000000 000000*
L0066852 00000011 00000011 00000011 00000011 00000011*
L0066892 00000011 00000011 00000011 00000111 000000*
L0066930 000000 010000 000000 000000 000000*
L0066960 00000011 00000000 00000000 00000011 00000000*
L0067000 00000000 00000011 00000000 00000001 000000*
L0067038 000000 000000 000000 000000 000000*
L0067068 00000000 11111111 11111111 11111100 11111111*
L0067108 00000011 00000000 00011111 00000010 111000*
L0067146 000010 000000 111111 111111 111101*
L0067176 00000011 00000011 00000011 00000011 00000011*
L0067216 00000011 00000011 00000011 00000011 000100*
L0067254 000000 000000 000000 000000 000000*
L0067284 00000011 00000011 00000011 00000011 00000011*
L0067324 00000011 00000011 00000011 00010011 000000*
L0067362 000000 100000 000000 000000 000000*
L0067392 00000011 00000011 00000011 00000011 00000011*
L0067432 00000011 00000011 00000011 00000111 000000*
L0067470 000000 000000 000000 000000 000000*
L0067500 00000011 11111000 11111000 11111011 11111000*
L0067540 00000000 00000011 00011000 00000001 111001*
L0067578 000000 000000 111101 111101 111101*
L0067608 00000000 00000000 00000000 00000000 00000000*
L0067648 00000000 00000000 00000000 00000000 000000*
L0067686 000000 000000 000000 000000 000000*
L0067716 00000000 11111100 11111100 11111100 11111100*
L0067756 00000000 00000000 00011100 00000000 111000*
L0067794 000010 000000 111111 111111 111101*
L0067824 00000000 00000000 00000000 00000000 00000000*
L0067864 00000000 00000000 00000000 00000000 000000*
L0067902 000000 000000 000000 000000 000000*
L0067932 11111100 00000000 00000000 00000000 00000000*
L0067972 00000000 00000000 00000000 00000000 000000*
L0068010 000000 000000 000000 000000 000000*
L0068040 00000000 00000000 00000000 00000000 00000000*
L0068080 11111101 00000000 11100000 11111100 000111*
L0068118 111101 000000 000000 000000 000000*
L0068148 00000011 00000001 00000011 11111110 00000011*
L0068188 00000011 00000001 00000011 00000011 000000*
L0068226 000000 000000 000000 000000 000000*
L0068256 00000011 00000011 00000001 00000011 00000011*
L0068296 00000011 00000000 00011101 00000001 111000*
L0068334 000000 000000 000000 000000 000000*
L0068364 00000010 00000011 00000001 00000010 00000011*
L0068404 11111111 00000001 11100011 11111101 000111*
L0068442 111101 000000 000000 000000 000000*
L0068472 00000011 00000011 00000001 00000011 00000011*
L0068512 00000011 00000000 00000011 00100011 000000*
L0068550 000000 000000 000000 000000 000000*
L0068580 00000001 00000011 00000011 00000010 00000011*
L0068620 00000011 10000011 00100011 00000001 000000*
L0068658 000000 000000 000000 000000 000000*
L0068688 00000001 00000001 00000001 00000001 00000011*
L0068728 00001011 00000000 00000011 00000011 000000*
L0068766 000001 000000 000010 111101 000000*
L0068796 00000011 00000011 00000001 00000001 00000010*
L0068836 11110111 00000011 11100011 11111101 000111*
L0068874 111100 000000 000000 000000 000000*
L0068904 00000001 00000011 00000001 00000000 00000010*
L0068944 00000011 00000000 00000011 00000011 000010*
L0068982 000000 000000 000000 000000 000000*
L0069012 00000011 00000001 00000011 00000010 00000011*
L0069052 00000011 01000001 00000011 00001011 000000*
L0069090 000000 000000 000000 000000 000000*
L0069120 00000011 00000001 00000011 00000000 00000010*
L0069160 11111110 00000001 11100011 11111111 000111*
L0069198 111101 000000 000000 000000 000000*
L0069228 00000010 00000001 00000011 00000010 00000010*
L0069268 00000010 00000011 00000001 00000011 000000*
L0069306 000000 000000 000000 000010 111101*
L0069336 00000001 00000011 00000011 00000000 00000010*
L0069376 00000010 00000001 00000011 01000011 000000*
L0069414 000000 000000 000000 000000 000000*
L0069444 00000001 00000001 00000011 00000011 00000011*
L0069484 00000011 00001011 01000011 00000011 000000*
L0069522 000000 000000 000000 000000 000000*
L0069552 00000011 00000011 00000011 00000011 00000011*
L0069592 00000011 00000001 00000011 00000011 000000*
L0069630 000000 000000 000000 000000 000000*
L0069660 00000011 00000011 00000011 00000011 00000011*
L0069700 00000011 00000011 00000011 00000011 000000*
L0069738 000000 000010 000000 000000 000000*
L0069768 00000011 00000011 00000011 00000011 00000011*
L0069808 00000011 00000011 00000011 00000011 000000*
L0069846 000000 000000 000000 000000 000000*
L0069876 00000011 00000011 00000011 00000011 00000011*
L0069916 00000011 00100011 00000011 00000011 000000*
L0069954 000000 000000 000000 000000 000000*
L0069984 11011011 0110101 0101011 1011101 1101110*
L0070020 11011011 0110101 0101011 1011101 1101110*
L0070056 11011011 0110101 0101011 1011101 1101110*
L0070092 11011011 0110101 0101011 1011101 1101110*
L0070128 11011011 0110101 0101011 1011101 1101110*
L0070164 11011011 0110101 0101011 1011101 1101110*
L0070200 11011011 0110101 0101011 1011101 1101110*
L0070236 11011011 0110101 0101011 1011101 1101110*
L0070272 11011011 0110101 0101011 1011101 1101110*
L0070308 11011011 0110101 0101011 1011101 1101110*
L0070344 11011011 0110101 0101011 1011101 1101110*
L0070380 11011011 0110101 0101011 1011101 1101110*
L0070416 11011011 0110101 0101011 1011101 1101110*
L0070452 11011011 0110101 0101011 1011101 1101110*
L0070488 11011011 0110101 0101011 1011101 1101110*
L0070524 11011011 0110101 0101011 1011101 1101110*
L0070560 11011011 0110101 0101011 1011101 1101110*
L0070596 11011011 0110101 0101011 1011101 1101110*
L0070632 11011011 0110101 1101011 1011101 1101110*
L0070668 11011011 0110101 0101011 1011101 1101110*
L0070704 11011011 0110101 0101011 1011101 1101110*
L0070740 11011011 0110101 0101011 1011101 1101110*
L0070776 11011011 0110101 0101011 1011101 1101110*
L0070812 11011011 0110101 0101011 1011101 1101110*
L0070848 11011011 0110101 0101011 1011101 1101110*
L0070884 11011011 0110101 0101011 1011101 1101110*
L0070920 11011011 0110101 0101011 1011101 1101110*
L0070956 11011011 0110101 0101011 1011101 1101110*
L0070992 11011011 0110101 0101011 1011101 1101110*
L0071028 11011011 0110101 0101011 1011101 1101110*
L0071064 11011011 0110101 0101011 1011101 1101110*
L0071100 11011011 0110101 0101011 1011101 1101110*
L0071136 11011011 0110101 0101011 1011101 1101110*
L0071172 11011011 0110101 0101011 1011101 1111110*
L0071208 11011011 0110101 0101011 1011101 1101110*
L0071244 11011011 0110101 0101011 1011101 1101110*
L0071280 11111011 0110101 0101011 1011101 1101110*
L0071316 11011011 0110101 0101011 1011101 1101110*
L0071352 11011011 0110101 0101011 1011101 1101111*
L0071388 11011011 0110101 0101011 1011101 1101110*
L0071424 11011011 0110101 0101011 1011101 1101110*
L0071460 11011011 0110101 0101011 1011101 1101110*
L0071496 11011011 0110101 0101011 1011101 1101110*
L0071532 11011011 0110101 0101011 1011101 1101110*
L0071568 11011011 0110101 0101011 1011101 1101110*
L0071604 11011011 0110101 0101011 1011101 1101110*
L0071640 11011011 0110101 0101011 1011101 1101110*
L0071676 11011011 0110101 0101011 1011101 1101110*
L0071712 11011011 0110101 0101011 1011101 1101110*
L0071748 11011011 0110101 0101011 1011101 1101110*
L0071784 11011011 0110101 0101011 1011101 1101110*
L0071820 11011011 0110101 0111011 1011101 1101110*
L0071856 11011011 0110101 0101011 1011101 1101110*
L0071892 11011011 0110101 0101011 1011101 1101110*
L0071928 11011011 0110101 0101011 1011101 1101110*
L0071964 11011011 0110101 0101011 1011101 1101110*
L0072000 11011011 0110101 0101011 1011101 1101110*
L0072036 11011011 0110101 0101011 1011101 1101110*
L0072072 11011011 0110101 0101011 1011101 1101110*
L0072108 11011011 0110101 0101011 1011101 1101110*
L0072144 11011011 0110101 0101011 1011101 1101110*
L0072180 11011011 0110101 0101011 1011101 1101110*
L0072216 11011011 0110101 0101011 1011101 1101110*
L0072252 11011011 0110101 0101011 1011101 1101110*
L0072288 11011011 0110101 0101011 1011101 1101110*
L0072324 11011011 0110101 0101011 1011101 1101110*
L0072360 11011011 0110101 0101011 1011101 1101110*
L0072396 11011011 0110101 0101011 1011101 1101110*
L0072432 11011011 0110101 0101011 1011101 1101110*
L0072468 11011011 0110101 0101011 1011101 1101110*
L0072504 11011011 0110101 0101011 1011101 1101110*
L0072540 11011011 0110101 0101011 1011101 1101110*
L0072576 11011011 0110101 0101011 1011101 1101110*
L0072612 11011011 0110101 0101011 1011101 1101110*
L0072648 11011011 0110101 0101011 1011101 1101110*
L0072684 11011011 0110101 0101011 1011101 1101110*
L0072720 11011011 0110101 0101011 1011101 1101110*
L0072756 11011011 0110101 0101011 1011101 1101110*
L0072792 11011011 0110101 0101011 1011101 1101110*
L0072828 11011011 0110101 0101011 1011101 1101110*
L0072864 11011011 0110101 0101011 1011101 1101110*
L0072900 11011011 0110101 0101011 1011101 1101110*
L0072936 11011011 0110101 0101011 1011101 1101110*
L0072972 11011011 0110101 0101011 1011101 1101110*
L0073008 11011011 0110101 0101011 1011101 1101110*
L0073044 11011011 0110101 0101011 1011101 1101110*
L0073080 11011011 0110101 0101011 1011101 1101110*
L0073116 11011011 0110101 0101011 1011101 1101110*
L0073152 11011011 0110101 0101011 1011101 1101110*
L0073188 11011011 0110101 0101011 1011101 1101110*
L0073224 11011011 0110101 0101011 1011101 1101110*
L0073260 11011011 0110101 0101011 1011101 1101110*
L0073296 11011011 0110101 0101011 1011101 1101110*
L0073332 11011011 0110101 0101011 1011101 1101110*
L0073368 11011011 0110101 0101011 1011101 1101110*
L0073404 11011011 0110101 0101011 1011101 1101110*
L0073440 11011011 0110101 0101011 1011101 1101110*
L0073476 11011011 0110101 0101011 1011101 1101110*
L0073512 11011011 0110101 0101011 1011101 1101110*
L0073548 11011011 0110101 0101011 1011111 1101110*
L0073584 11011011 0110101 0101011 1011101 1101110*
L0073620 11011011 0110101 0101011 1011101 1101110*
L0073656 11011011 0110101 0101011 1011101 1101110*
L0073692 11011011 0110101 0101011 1011101 1101110*
L0073728 11011011 0110101 0101011 1011101 1101110*
L0073764 11011011 0110101 0101011 1011101 1101110*
L0073800 11011011 0110101 0101011 1011101 1101110*
L0073836 11011011 0110101 0101011 1011101 1101110*
L0073872 11011011 0110101 0101011 1011101 1101110*
L0073908 11011011 0110101 0101011 1011101 1101110*
L0073944 11011011 0110101 0101011 1011101 1101110*
L0073980 11011011 0110101 0101011 1011101 1101110*
L0074016 11011011 0110101 0101011 1011101 1101110*
L0074052 11011011 0110101 0101011 1011101 1101110*
L0074088 11011011 0110101 0101011 1011101 1101110*
L0074124 11011011 0110101 0101011 1011101 1101110*
L0074160 11011011 0110101 0101011 1011101 1101110*
L0074196 11011011 0110101 0101011 1011101 1101110*
L0074232 11011011 0110101 0101011 1011101 1101110*
L0074268 11011011 0110101 0101011 1011101 1101110*
L0074304 11011011 0110101 0101011 1011101 1101110*
L0074340 11011011 0110101 0101011 1011101 1101110*
L0074376 11011011 0110101 0101011 1011101 1101110*
L0074412 11011011 0110101 0101011 1011101 1101110*
L0074448 11011011 0110101 0101011 1011101 1101110*
L0074484 11011011 1110101 0101011 1011101 1101110*
L0074520 11011011 0110101 0101011 1011101 1101110*
L0074556 11011011 0110101 0101011 1011101 1101110*
L0074592 11011011 0110101 0101011 1011101 1101110*
L0074628 11011011 0110101 0101011 1011101 1101110*
L0074664 11011011 0110101 0101011 1011101 1101110*
L0074700 11011011 0110101 0101011 1011101 1101110*
L0074736 11011011 0110101 0101011 1011101 1101110*
L0074772 11011011 0110101 0101011 1011101 1101110*
L0074808 11011011 0110101 0101011 1011101 1101110*
L0074844 11011011 0110101 0101011 1011101 1101110*
L0074880 11011011 0110101 0101011 1011101 1101110*
L0074916 11011011 0110101 0101011 1011101 1101110*
L0074952 11011011 0110101 0101011 1011101 1101110*
L0074988 11011011 0110101 0101011 1011101 1101110*
L0075024 11011011 0110101 0101011 1011101 1101110*
L0075060 11011011 0110101 0101011 1011101 1101110*
L0075096 11011011 0110101 0101011 1011101 1101110*
L0075132 11011011 0110101 0101011 1011101 1101110*
L0075168 11011011 0110101 0101011 1011101 1101110*
L0075204 11011011 0110101 0101011 1011101 1101110*
L0075240 11011011 0110101 0101011 1011101 1101110*
L0075276 11011011 0110101 0101011 1011101 1101110*
L0075312 11011011 0110101 0101011 1011101 1101110*
L0075348 11011011 0110101 0101011 1011101 1101110*
L0075384 11011011 0110101 0101011 1011101 1101110*
L0075420 11011011 0110101 0101011 1011101 1101110*
L0075456 11011011 0110101 0101011 1011101 1101110*
L0075492 11011011 0110101 0101011 1011101 1101110*
L0075528 11011011 0110101 0101011 1011101 1101110*
L0075564 11011011 0110101 0101011 1011101 1101110*
L0075600 11011011 0110101 0101011 1011101 1101110*
L0075636 11011011 0110101 0101011 1011101 1101110*
L0075672 11011011 0110101 0101011 1011101 1101110*
L0075708 11011011 0110101 0101011 1011101 1101110*
L0075744 11011011 0110101 0101011 1011101 1101110*
L0075780 11011011 0110101 0101011 1011101 1101110*
L0075816 11011011 0110101 0101011 1011101 1101110*
L0075852 11011011 0111101 0101011 1011101 1101110*
L0075888 11011011 0110101 0101011 1011101 1101110*
L0075924 11011011 0110101 0101011 1011101 1101110*
L0075960 11011111 0110101 0101011 1011101 1101110*
L0075996 11011011 0110101 0101011 1011101 1101110*
L0076032 11011011 0110101 0101011 1011101 1101110*
L0076068 11011011 0110101 0101011 1011101 1101110*
L0076104 11011011 0110101 0101111 1011101 1101110*
L0076140 11011011 0110101 0101011 1011101 1101110*
L0076176 11011011 0110101 0101011 1011101 1101110*
L0076212 11011011 0110101 0101011 1011101 1101110*
L0076248 11011011 0110101 0101011 1011101 1101110*
L0076284 11011011 0110101 0101011 1011101 1101110*
L0076320 11011011 0110101 0101011 1011101 1101110*
L0076356 11011011 0110101 0101011 1011101 1101110*
L0076392 11011011 0110101 0101011 1011101 1101110*
L0076428 11011011 0110101 0101011 1011101 1101110*
L0076464 11011011 0110101 0101011 1011101 1101110*
L0076500 11011011 0110101 0101011 1011101 1101110*
L0076536 11011011 0110101 0101011 1011101 1101110*
L0076572 11011011 0110101 0101011 1011101 1101110*
L0076608 11011011 0110101 0101011 1011101 1101110*
L0076644 11011011 0110101 0101011 1011101 1101110*
L0076680 11011011 0110101 0101011 1011101 1101110*
L0076716 11011011 0110101 0101011 1011101 1101110*
L0076752 11011011 0110101 0101011 1011101 1101110*
L0076788 11011011 0110101 0101011 1011101 1101110*
L0076824 11011011 0110101 0101011 1011101 1101110*
L0076860 11011011 0110101 0101011 1011101 1101110*
L0076896 11011011 0110101 0101011 1011101 1101110*
L0076932 11011011 0110101 0101011 1011101 1101110*
L0076968 11011011 0110101 0101011 1011101 1101110*
L0077004 11011011 0110101 0101011 1011101 1101110*
L0077040 11011011 0110101 0101011 1011101 1101110*
L0077076 11011011 0110101 0101011 1011101 1101110*
L0077112 11011011 0110101 0101011 1011101 1101110*
L0077148 11011011 0110101 0101011 1011101 1101110*
L0077184 11011011 0110101 0101011 1011101 1101110*
L0077220 11011011 0110111 0101011 1011101 1101110*
L0077256 11011011 0110101 0101011 1011101 1101110*
L0077292 11011011 0110101 0101011 1011101 1101110*
L0077328 11011011 0110101 0101011 1011101 1101110*
L0077364 11011011 0110101 0101011 1011101 1101110*
L0077400 11011011 0110101 0101011 1011101 1101110*
L0077436 11011011 0110101 0101011 1011101 1101110*
L0077472 11011011 0110101 0101011 1011101 1101110*
L0077508 11011011 0110101 0101011 1011101 1101110*
L0077544 11011011 0110101 0101011 1011101 1101110*
L0077580 11011011 0110101 0101011 1011101 1101110*
L0077616 11011011 0110101 0101011 1011101 1101110*
L0077652 11011011 0110101 0101011 1011101 1101110*
L0077688 11011011 0110101 0101011 1011101 1101110*
L0077724 11011011 0110101 0101011 1111101 1101110*
L0077760 00000011 00000011 00000011 00000011 00000011*
L0077800 00000011 00000011 00100011 00000011 000000*
L0077838 000000 000000 000000 000000 000000*
L0077868 00000011 00000011 00000011 00000011 00000011*
L0077908 00000011 00000011 00000011 00100011 000000*
L0077946 000000 000000 000000 000000 000000*
L0077976 00000011 00000011 00000011 00000011 00000011*
L0078016 00000011 10000011 00000011 00000011 000000*
L0078054 000000 000000 000000 000000 000000*
L0078084 01111111 10000011 00000011 00000011 00000011*
L0078124 00000011 00000011 00000011 00000011 000000*
L0078162 000000 000000 000000 000000 000000*
L0078192 00000011 10000011 00000011 00000011 00000011*
L0078232 00000011 10000011 00000011 00000011 000000*
L0078270 000000 000000 000000 000000 000000*
L0078300 00000011 00000011 00000011 00000011 00000011*
L0078340 00000011 00000011 00000011 00000011 000000*
L0078378 000000 000000 000000 000000 000000*
L0078408 00000011 00000011 00000011 00000011 00000011*
L0078448 00000011 00000011 00000011 00000011 000000*
L0078486 000000 000000 000000 000000 000000*
L0078516 10000011 00000011 00000011 00000011 00000011*
L0078556 10000011 00000011 00000011 00000011 000000*
L0078594 000000 000000 000000 000000 000000*
L0078624 00000011 00000011 00000011 00000011 00000011*
L0078664 00000011 00000011 00000011 00000011 000000*
L0078702 000000 000000 000000 000000 000000*
L0078732 00000011 00000011 10000011 00000011 00000011*
L0078772 00000111 00000011 00000011 00000011 000000*
L0078810 000000 000000 000000 000000 000000*
L0078840 00010011 00000011 00000011 00000011 00000011*
L0078880 00000011 00000011 00000011 00000011 000000*
L0078918 000000 000000 000000 000000 000000*
L0078948 00000011 00000011 00000011 00000011 00000011*
L0078988 00000011 00000011 00000011 00000011 000000*
L0079026 000000 000000 000000 000000 000000*
L0079056 00000000 00000001 00000011 00000000 00000011*
L0079096 00000011 00000000 00000011 00000010 000000*
L0079134 000000 000000 000000 000000 000000*
L0079164 00000000 00001001 00000011 00000000 00000011*
L0079204 00000011 00000000 00000010 00000011 000000*
L0079242 000000 000000 000000 000000 000000*
L0079272 00000001 00000001 00000011 00000000 00000011*
L0079312 00000011 00000001 00010011 00000010 000000*
L0079350 000000 000000 000000 000000 000000*
L0079380 00000011 00000011 00000011 00000011 00000011*
L0079420 00000011 00000011 00000010 00010011 000000*
L0079458 000000 000000 000000 000000 000000*
L0079488 00000110 00000010 00000010 00000011 00000000*
L0079528 00000000 00000010 00000000 00000000 000000*
L0079566 000000 000000 000000 000000 000000*
L0079596 00000000 00000010 00000010 00000011 00000000*
L0079636 00000000 00000010 00000000 00000001 000000*
L0079674 000000 000000 000000 000000 000000*
L0079704 00000011 00000010 00000010 00000011 00000000*
L0079744 00000000 00000011 00000000 00000000 000000*
L0079782 000000 000000 000000 000000 000000*
L0079812 00000011 00000010 00010110 00000011 00000000*
L0079852 00000000 00000011 01111100 01111101 000000*
L0079890 000000 000000 011110 011110 000000*
L0079920 00000011 00000011 10000011 00000011 00000011*
L0079960 00000011 00000011 00000011 00000010 000000*
L0079998 000000 000000 000000 000000 000000*
L0080028 00000011 00000011 00000011 00000011 00000011*
L0080068 00000111 00000011 00000011 00000011 000000*
L0080106 000000 000000 000000 000000 000000*
L0080136 00000010 00000011 00000001 00000011 00000011*
L0080176 00000011 00000010 00000011 00000011 000000*
L0080214 000000 000000 000000 000000 000000*
L0080244 00000011 01001011 00000011 00000011 00000011*
L0080284 00000011 00000011 00000011 00000010 000000*
L0080322 000000 000000 000000 000000 000000*
L0080352 00000011 00000011 00000011 00000011 00000011*
L0080392 00000011 00000011 00000011 00000010 000000*
L0080430 000000 000000 001000 000000 000000*
L0080460 00000001 00000011 00000011 00000011 00000011*
L0080500 00000011 00000011 00000011 00000011 000000*
L0080538 000000 000000 000000 001000 000000*
L0080568 00000000 00000000 00000000 00000000 00000000*
L0080608 00000000 00000000 00000000 00000000 000000*
L0080646 000000 000000 000100 000000 000000*
L0080676 00000011 00000011 00000011 00000011 00000011*
L0080716 00000011 00000011 00000011 00000011 000000*
L0080754 000000 000000 000000 000100 000000*
L0080784 00000011 00000000 00000000 00000011 00000000*
L0080824 00000000 00000011 00000000 00000001 000000*
L0080862 000000 000000 000000 000000 000000*
L0080892 00000011 01101011 00000011 00000011 00000011*
L0080932 00000011 00000011 00000011 00000011 000000*
L0080970 000000 000000 000000 000000 000000*
L0081000 00000011 00000011 00000011 00000011 00000011*
L0081040 00000011 00000011 00000011 00000011 000000*
L0081078 000000 000000 000000 000000 000000*
L0081108 00000011 01101011 00000011 00000011 00000011*
L0081148 00000011 00000011 00000011 00000011 000000*
L0081186 000000 000000 000000 000000 000000*
L0081216 00000011 00000011 00000011 00000011 00000011*
L0081256 00000011 00000011 00000011 00000011 000000*
L0081294 000000 000000 000000 000000 000000*
L0081324 00000011 01101011 00000011 00000011 00000011*
L0081364 00000011 00000011 00000011 00000011 000000*
L0081402 000000 000000 000000 000000 000000*
L0081432 00000011 00000011 00000011 00000011 00000011*
L0081472 00000011 00000011 00000011 00000011 000000*
L0081510 000000 000000 000001 000000 000000*
L0081540 00000011 00000011 00000001 00000011 00000011*
L0081580 00000011 00000011 00000011 00000010 000000*
L0081618 000000 000001 000000 000000 000000*
L0081648 00000000 00000000 00000010 00000000 00000000*
L0081688 00000000 00000000 00001000 00000001 000000*
L0081726 000000 000000 000000 000000 000000*
L0081756 00000000 00000000 00000010 00000000 00000000*
L0081796 00000000 00000000 00000000 00001001 000000*
L0081834 000000 000000 000000 000000 000000*
L0081864 00000011 00000011 00000011 00000011 00000011*
L0081904 00000011 00000011 00000011 00000011 000000*
L0081942 000000 000000 000010 000000 000000*
L0081972 00000011 00000011 00000011 00000011 00000011*
L0082012 00000011 00000011 00000011 00000011 000000*
L0082050 000000 000000 000000 000010 000000*
L0082080 00000010 00000011 00000011 00000000 00000011*
L0082120 00000011 00000000 00000011 00000011 000000*
L0082158 000000 000000 000000 000000 000000*
L0082188 00000011 00000011 00000011 00000011 00000011*
L0082228 00000011 00000111 00000011 00000011 000000*
L0082266 000001 000000 000000 000000 000000*
L0082296 00000011 00000011 00000011 00000011 00000011*
L0082336 00000011 00000011 00000111 00000011 000000*
L0082374 000000 000000 000000 000000 000000*
L0082404 00000011 00000011 00000011 00000011 00000011*
L0082444 00000011 00000011 00000011 00000111 000000*
L0082482 000000 000000 000000 000000 000000*
L0082512 00000001 00000000 00000000 00000001 00000000*
L0082552 00000000 00000101 00000000 00000001 000000*
L0082590 000000 000000 000000 000000 000000*
L0082620 00000010 00000011 00000011 00000010 00000011*
L0082660 00000011 00000010 00000011 00000010 000000*
L0082698 000001 000000 000000 000000 000000*
L0082728 00000011 00000011 00000011 00000011 00000011*
L0082768 00000011 00000011 00000011 00000011 000000*
L0082806 000000 000000 000000 000000 000000*
L0082836 00000011 00000011 00000011 00000011 00000011*
L0082876 00000011 00000011 00000011 00000011 000000*
L0082914 000000 000001 000001 000000 000000*
L0082944 00000011 00000011 00000011 00000011 00000011*
L0082984 00000011 00000011 00000011 00000011 000000*
L0083022 000000 000001 000000 000000 000000*
L0083052 00000011 00000000 00000010 00000011 00000000*
L0083092 00000000 00000011 00000000 00000001 000000*
L0083130 000000 000000 000001 000000 000000*
L0083160 00000000 00000001 00000011 00000000 00000011*
L0083200 00000111 00000000 00000010 00000010 000000*
L0083238 000000 000000 000000 000000 000000*
L0083268 00000001 00000001 10000011 00000000 00000011*
L0083308 00000011 00000001 00000010 00000010 000000*
L0083346 000000 000000 000000 000000 000000*
L0083376 00000000 00000010 00000010 00000011 00000000*
L0083416 00000000 00000010 00000000 00000000 000000*
L0083454 000000 000000 010000 000000 000000*
L0083484 00000011 00000010 00000010 00000011 00000000*
L0083524 00000000 00000011 00000000 00000000 000000*
L0083562 000000 000000 000000 010000 000000*
L0083592 00000011 00000011 00000011 00000011 00000011*
L0083632 00000011 00000011 00000011 00000010 000000*
L0083670 000000 000000 000000 000000 000000*
L0083700 00000001 00000001 00000011 00000011 00000010*
L0083740 00000011 00000001 00000001 00000011 000000*
L0083778 000000 000000 000000 000001 000001*
L0083808 00000001 00000011 00000011 00000011 00000010*
L0083848 00000010 00000000 00000011 00000011 000000*
L0083886 000000 000000 000000 000001 000000*
L0083916 00000010 00000001 00000011 00000011 00000010*
L0083956 00000011 00000010 00000001 00000001 000000*
L0083994 000000 000000 000000 000000 000001*
L0084024 00000001 00000011 00000001 00000011 00000010*
L0084064 00000011 00000001 00000011 00000011 000000*
L0084102 000000 000000 000000 000000 000000*
L0084132 00000001 00000001 00000001 00000000 00000011*
L0084172 00000011 00000001 00000001 00000001 000000*
L0084210 000000 000000 000000 000000 000000*
L0084240 00000001 00000011 00000011 00000010 00000010*
L0084280 00000010 00000001 01000011 00000011 000000*
L0084318 000000 000000 000000 000000 000000*
L0084348 00000011 00000011 00000001 00000000 00000011*
L0084388 00000011 00000011 00000001 01000001 000000*
L0084426 000000 000000 000000 000000 000000*
L0084456 00000011 00000011 00000001 00000000 00000011*
L0084496 00000011 00000001 00000011 00000011 000000*
L0084534 000000 000000 000000 000000 000001*
L0084564 00000001 00000011 00000011 00000011 00000011*
L0084604 00000011 00000000 00000011 00000001 000000*
L0084642 000000 000000 000000 000001 000000*
L0084672 00000001 00000011 00000011 00000011 00000011*
L0084712 00000011 00000001 00000011 00000011 000000*
L0084750 000001 000000 000000 000000 000000*
L0084780 00000011 00000001 00000011 00000001 00000010*
L0084820 00000011 00000101 00000011 00000001 000000*
L0084858 000000 000000 000000 000000 000000*
L0084888 00000011 00000011 00000011 00000011 00000011*
L0084928 00000011 00000011 00000011 00000011 000000*
L0084966 000000 000000 000000 000000 000000*
L0084996 00000001 00000001 00000011 00000011 00000011*
L0085036 00000011 00000011 00000011 00000011 000000*
L0085074 000000 000000 000000 000000 000000*
L0085104 00000011 00000011 00000011 00000011 00000011*
L0085144 00000011 00000001 00000011 00000011 000000*
L0085182 000000 000000 000000 000000 000000*
L0085212 00000011 00000011 00000011 00000011 00000011*
L0085252 00000011 00000011 00000011 00000011 000000*
L0085290 000000 000000 000000 000000 000000*
L0085320 00000011 00000011 00000011 00000011 00000011*
L0085360 00000011 00000011 00000011 00000011 000000*
L0085398 000000 000000 000000 000000 000000*
L0085428 00000011 00000011 00000011 00000011 00000011*
L0085468 00000011 00000011 00000011 00000011 000000*
L0085506 000000 000000 000000 000000 000000*
L0085536 11000111 1110111 1111001 0111001 0111011*
L0085572 11000111 1110111 1111001 0111001 0101011*
L0085608 11000111 1110111 1111001 0111001 0101011*
L0085644 11000111 1110111 1111001 0111001 0101011*
L0085680 11000111 1110111 1111001 0111001 0101011*
L0085716 11000111 1110111 1111001 0111001 0101011*
L0085752 11000111 1110111 1111001 0111001 0101011*
L0085788 11000111 1111111 1111001 0111001 0101011*
L0085824 11000111 1110111 1111001 0111001 0101011*
L0085860 11010111 1110111 1111001 0111001 0101011*
L0085896 11000111 1110111 1111001 0111001 0101011*
L0085932 11000111 1110111 1111001 0111001 0101011*
L0085968 11000111 1110111 1111001 0111001 0101011*
L0086004 11000111 1110111 1111001 0111001 0101011*
L0086040 11000111 1110111 1111001 0111001 0101011*
L0086076 11000111 1110111 1111001 0111001 0101011*
L0086112 11000111 1110111 1111001 0111001 0101011*
L0086148 11000111 1110111 1111001 0111001 0101011*
L0086184 11000111 1110111 1111001 0111001 0101011*
L0086220 11000111 1110111 1111001 0111001 0101011*
L0086256 11000111 1110111 1111001 0111001 0101011*
L0086292 11000111 1110111 1111001 0111001 0101011*
L0086328 11000111 1110111 1111001 0111001 0101011*
L0086364 11000111 1110111 1111001 0111001 0101011*
L0086400 11000111 1110111 1111001 0111001 0101011*
L0086436 11000111 1110111 1111001 0111001 0101011*
L0086472 11000111 1110111 1111001 0111001 0101011*
L0086508 11000111 1110111 1111001 0111001 0101011*
L0086544 11000111 1110111 1111001 0111001 0101011*
L0086580 11000111 1110111 1111001 0111001 0101011*
L0086616 11000111 1110111 1111001 0111001 0101011*
L0086652 11000111 1110111 1111001 0111001 0101011*
L0086688 11000111 1110111 1111001 0111001 0101011*
L0086724 11000111 1110111 1111001 0111001 0101011*
L0086760 11000111 1110111 1111001 0111001 0101011*
L0086796 11000111 1110111 1111001 0111001 0101011*
L0086832 11000111 1110111 1111001 0111001 0101011*
L0086868 11000111 1110111 1111001 0111001 0101011*
L0086904 11000111 1110111 1111001 0111001 0101011*
L0086940 11000111 1110111 1111001 0111001 0101011*
L0086976 11000111 1110111 1111001 0111001 0101011*
L0087012 11000111 1110111 1111001 0111001 0101011*
L0087048 11000111 1110111 1111001 0111001 0101011*
L0087084 11000111 1110111 1111001 0111001 0101011*
L0087120 11000111 1110111 1111001 0111001 0101011*
L0087156 11000111 1110111 1111001 0111001 0101011*
L0087192 11000111 1110111 1111001 0111001 0101011*
L0087228 11000111 1110111 1111001 0111001 0101011*
L0087264 11000111 1110111 1111001 0111001 0101011*
L0087300 11000111 1110111 1111001 0111001 0101011*
L0087336 11000111 1110111 1111001 0111001 0101011*
L0087372 11000111 1110111 1111001 0111001 0101011*
L0087408 11000111 1110111 1111001 0111001 0101011*
L0087444 11000111 1110111 1111001 0111001 0101011*
L0087480 11000111 1110111 1111001 1111001 0101011*
L0087516 11000111 1110111 1111001 0111001 0101011*
L0087552 11000111 1110111 1111001 0111001 0101011*
L0087588 11000111 1110111 1111001 0111001 1101011*
L0087624 11000111 1110111 1111001 0111001 0101011*
L0087660 11000111 1110111 1111001 0111001 0101011*
L0087696 11000111 1110111 1111001 0111001 0101011*
L0087732 11000111 1110111 1111001 0111001 0101011*
L0087768 11000111 1110111 1111001 0111001 0101011*
L0087804 11000111 1110111 1111001 0111001 0101011*
L0087840 11000111 1110111 1111001 0111001 0101011*
L0087876 11000111 1110111 1111001 0111001 0101011*
L0087912 11000111 1110111 1111001 0111001 0101011*
L0087948 11000111 1110111 1111001 0111001 0101011*
L0087984 11000111 1110111 1111001 0111001 0101011*
L0088020 11000111 1110111 1111001 0111001 0101011*
L0088056 11000111 1110111 1111001 0111001 0101011*
L0088092 11000111 1110111 1111001 0111001 0101011*
L0088128 11000111 1110111 1111001 0111001 0101011*
L0088164 11000111 1110111 1111001 0111001 0101011*
L0088200 11000111 1110111 1111001 0111001 0101011*
L0088236 11000111 1110111 1111001 0111001 0101011*
L0088272 11000111 1110111 1111001 0111001 0101011*
L0088308 11000111 1110111 1111001 0111001 0101011*
L0088344 11000111 1110111 1111001 0111001 0101011*
L0088380 11000111 1110111 1111001 0111001 0101011*
L0088416 11000111 1110111 1111001 0111001 0101011*
L0088452 11000111 1110111 1111001 0111001 0101011*
L0088488 11000111 1110111 1111001 0111001 0101011*
L0088524 11000111 1110111 1111001 0111001 0101011*
L0088560 11000111 1110111 1111001 0111001 0101011*
L0088596 11000111 1110111 1111001 0111001 0101011*
L0088632 11000111 1110111 1111001 0111001 0101011*
L0088668 11000111 1110111 1111001 0111001 0101011*
L0088704 11000111 1110111 1111001 0111001 0101011*
L0088740 11000111 1110111 1111001 0111001 0101011*
L0088776 11000111 1110111 1111001 0111001 0101011*
L0088812 11000111 1110111 1111001 0111001 0101011*
L0088848 11000111 1110111 1111001 0111001 0101011*
L0088884 11000111 1110111 1111001 0111001 0101011*
L0088920 11000111 1110111 1111001 0111001 0101011*
L0088956 11000111 1110111 1111001 0111001 0101011*
L0088992 11000111 1110111 1111001 0111001 0101011*
L0089028 11000111 1110111 1111001 0111001 0101011*
L0089064 11000111 1110111 1111001 0111001 0101011*
L0089100 11000111 1110111 1111001 0111001 0101011*
L0089136 11000111 1110111 1111001 0111001 0101011*
L0089172 11000111 1110111 1111001 0111001 0101011*
L0089208 11000111 1110111 1111001 0111001 0101011*
L0089244 11000111 1110111 1111001 0111001 0101011*
L0089280 11000111 1110111 1111001 0111001 0101011*
L0089316 11000111 1110111 1111001 0111001 0101011*
L0089352 11000111 1110111 1111001 0111001 0101011*
L0089388 11000111 1110111 1111001 0111001 0101011*
L0089424 11000111 1110111 1111001 0111001 0101011*
L0089460 11000111 1110111 1111001 0111001 0101011*
L0089496 11000111 1110111 1111001 0111001 0101011*
L0089532 11000111 1110111 1111001 0111001 0101011*
L0089568 11000111 1110111 1111001 0111001 0101011*
L0089604 11000111 1110111 1111001 0111001 0101011*
L0089640 11000111 1110111 1111001 0111001 0101011*
L0089676 11000111 1110111 1111001 0111001 0101011*
L0089712 11000111 1110111 1111001 0111001 0101011*
L0089748 11000111 1110111 1111001 0111001 0101011*
L0089784 11000111 1110111 1111001 0111001 0101011*
L0089820 11000111 1110111 1111001 0111001 0101011*
L0089856 11000111 1110111 1111001 0111001 0101011*
L0089892 11000111 1110111 1111001 0111001 0101011*
L0089928 11000111 1110111 1111001 0111001 0101011*
L0089964 11000111 1110111 1111001 0111001 0101011*
L0090000 11000111 1110111 1111001 0111001 0101011*
L0090036 11000111 1110111 1111001 0111001 0101011*
L0090072 11000111 1110111 1111001 0111001 0101011*
L0090108 11000111 1110111 1111001 0111001 0101011*
L0090144 11000111 1110111 1111001 0111001 0101011*
L0090180 11000111 1110111 1111001 0111001 0101011*
L0090216 11000111 1110111 1111001 0111001 0101011*
L0090252 11000111 1110111 1111001 0111001 0101011*
L0090288 11000111 1110111 1111001 0111001 0101011*
L0090324 11000111 1110111 1111001 0111001 0101011*
L0090360 11000111 1110111 1111001 0111001 0101011*
L0090396 11000111 1110111 1111101 0111001 0101011*
L0090432 11000111 1110111 1111001 0111001 0101011*
L0090468 11000111 1110111 1111001 0111001 0101011*
L0090504 11000111 1110111 1111001 0111011 0101011*
L0090540 11000111 1110111 1111001 0111001 0101011*
L0090576 11000111 1110111 1111001 0111001 0101011*
L0090612 11100111 1110111 1111001 0111001 0101011*
L0090648 11000111 1110111 1111001 0111001 0101011*
L0090684 11000111 1110111 1111001 0111001 0101011*
L0090720 11000111 1110111 1111001 0111001 0101011*
L0090756 11000111 1110111 1111001 0111001 0101011*
L0090792 11000111 1110111 1111001 0111001 0101011*
L0090828 11000111 1110111 1111001 0111001 0101011*
L0090864 11000111 1110111 1111001 0111001 0101011*
L0090900 11000111 1110111 1111001 0111001 0101011*
L0090936 11000111 1110111 1111001 0111001 0101011*
L0090972 11000111 1110111 1111001 0111001 0101011*
L0091008 11000111 1110111 1111001 0111001 0101011*
L0091044 11000111 1110111 1111001 0111001 0101011*
L0091080 11000111 1110111 1111001 0111001 0101011*
L0091116 11000111 1110111 1111001 0111001 0101011*
L0091152 11000111 1110111 1111001 0111001 0101011*
L0091188 11000111 1110111 1111001 0111001 0101011*
L0091224 11000111 1110111 1111001 0111001 0101011*
L0091260 11000111 1110111 1111001 0111001 0101011*
L0091296 11000111 1110111 1111001 0111001 0101011*
L0091332 11000111 1110111 1111001 0111001 0101011*
L0091368 11000111 1110111 1111001 0111001 0101011*
L0091404 11000111 1110111 1111001 0111001 0101011*
L0091440 11000111 1110111 1111001 0111001 0101011*
L0091476 11000111 1110111 1111001 0111001 0101111*
L0091512 11000111 1110111 1111001 0111001 0101011*
L0091548 11000111 1110111 1111001 0111001 0101011*
L0091584 11000111 1110111 1111001 0111001 0101011*
L0091620 11000111 1110111 1111001 0111001 0101011*
L0091656 11000111 1110111 1111001 0111001 0101011*
L0091692 11000111 1110111 1111001 0111001 0101011*
L0091728 11000111 1110111 1111001 0111001 0101011*
L0091764 11000111 1110111 1111001 0111001 0101011*
L0091800 11000111 1110111 1111001 0111001 0101011*
L0091836 11000111 1110111 1111001 0111001 0101011*
L0091872 11000111 1110111 1111001 0111001 0101011*
L0091908 11000111 1110111 1111001 0111001 0101011*
L0091944 11000111 1110111 1111001 0111001 0101011*
L0091980 11000111 1110111 1111001 0111001 0101011*
L0092016 11000111 1110111 1111001 0111001 0101011*
L0092052 11000111 1110111 1111001 0111001 0101011*
L0092088 11000111 1110111 1111001 0111001 0101011*
L0092124 11000111 1110111 1111001 0111001 0101011*
L0092160 11000111 1110111 1111001 0111001 0101011*
L0092196 11000111 1110111 1111001 0111001 0101011*
L0092232 11000111 1110111 1111001 0111001 0101011*
L0092268 11000111 1110111 1111001 0111001 0101011*
L0092304 11000111 1110111 1111001 0111001 0101011*
L0092340 11000111 1110111 1111001 0111001 0101011*
L0092376 11000111 1110111 1111001 0111001 0101011*
L0092412 11000111 1110111 1111001 0111001 0101011*
L0092448 11000111 1110111 1111001 0111001 0101011*
L0092484 11000111 1110111 1111001 0111001 0101011*
L0092520 11000111 1110111 1111001 0111001 0101011*
L0092556 11000111 1110111 1111001 0111001 0101011*
L0092592 11000111 1110111 1111001 0111001 0101011*
L0092628 11000111 1110111 1111001 0111001 0101011*
L0092664 11000111 1110111 1111001 0111001 0101011*
L0092700 11000111 1110111 1111001 0111001 0101011*
L0092736 11000111 1110111 1111001 0111001 0101011*
L0092772 11000111 1110111 1111001 0111001 0101011*
L0092808 11000111 1110111 1111001 0111001 0101011*
L0092844 11000111 1110111 1111001 0111001 0101011*
L0092880 11001111 1110111 1111001 0111001 0101011*
L0092916 11000111 1110111 1111001 0111001 0101011*
L0092952 11000111 1110111 1111001 0111101 0101011*
L0092988 11000111 1110111 1111001 0111001 0101011*
L0093024 11000111 1110111 1111001 0111001 0101011*
L0093060 11000111 1110111 1111011 0111001 0101011*
L0093096 11000111 1110111 1111001 0111001 0101011*
L0093132 11000111 1110111 1111001 0111001 0101011*
L0093168 11000111 1110111 1111001 0111001 0101011*
L0093204 11000111 1110111 1111001 0111001 0101011*
L0093240 11000111 1110111 1111001 0111001 0101011*
L0093276 11000111 1110111 1111001 0111001 0101011*
L0093312 00000011 00000011 00000011 00000011 00000011*
L0093352 00000011 00000011 00000011 00000011 000000*
L0093390 000000 000000 000000 000000 000000*
L0093420 00000011 00000011 00000011 00000011 00000011*
L0093460 00000011 00000011 00010011 00000011 000000*
L0093498 000000 000000 000000 000000 000000*
L0093528 00000011 00000011 00000011 00000011 00000011*
L0093568 00000011 00000011 00000011 00000011 000000*
L0093606 000000 000000 000000 000000 000000*
L0093636 00000011 00000011 00000011 00000011 00000011*
L0093676 00000011 00000011 10000011 00000011 000000*
L0093714 000000 000000 000000 000000 000000*
L0093744 00000011 00000011 00000011 00000011 00000011*
L0093784 00000011 00000011 00000011 00000011 000000*
L0093822 000000 000000 000000 000000 000000*
L0093852 01111111 00000011 00000011 00000011 00000011*
L0093892 11111111 00000011 00000011 00000011 000000*
L0093930 111111 000000 000000 000000 000000*
L0093960 00000011 00000011 00000011 00000011 00000011*
L0094000 00000011 00000011 00000011 00000011 000000*
L0094038 000000 000000 000000 000000 000000*
L0094068 00000011 00000011 00000011 00000011 00000011*
L0094108 00000011 00000011 00000111 00000011 000000*
L0094146 000000 000000 000000 000000 000000*
L0094176 00000011 00000011 00000011 00000011 00000011*
L0094216 00000011 10000011 00000011 00000011 000000*
L0094254 000000 000000 000000 000000 000000*
L0094284 00000011 00000011 00000011 00000011 00000011*
L0094324 00000011 00000011 00000011 00000011 000000*
L0094362 000000 000000 000000 000000 000000*
L0094392 00000011 00000011 00000011 00000011 00000011*
L0094432 00000011 00000011 00000011 00000011 000000*
L0094470 000000 000000 000000 000000 000000*
L0094500 00000011 00000111 00000011 00000011 00000011*
L0094540 00000011 00000011 00000011 00000011 000000*
L0094578 000000 000000 001000 000000 000000*
L0094608 00000000 00000000 00000000 00000000 00000000*
L0094648 00000000 00000000 00000000 00000000 000000*
L0094686 000000 100000 000000 000000 000000*
L0094716 00000000 00000000 00000000 00000000 00000000*
L0094756 00000000 00000000 00000000 00000000 000000*
L0094794 000000 000000 000000 000000 000000*
L0094824 00000010 00000000 00000000 00000000 00000000*
L0094864 00000000 01000000 00000000 00000000 000000*
L0094902 000000 000000 000000 000000 000000*
L0094932 00000011 00000000 00000000 00000011 00000000*
L0094972 00000000 00000011 00000000 00000001 000000*
L0095010 000000 000000 000000 000000 000000*
L0095040 00000011 00000000 00000000 00000011 00000000*
L0095080 00000000 00000011 00000000 00000001 000000*
L0095118 000000 010000 000000 000000 000000*
L0095148 00000011 00000011 00000011 00000011 00000011*
L0095188 00000011 00000011 00000011 00000011 000000*
L0095226 000000 000000 000000 000000 000000*
L0095256 00000011 00000011 00000011 00000011 00000011*
L0095296 00000011 00000011 00000011 00000011 000000*
L0095334 000000 000000 000000 000000 000000*
L0095364 00000011 00000011 00000011 00000011 00000011*
L0095404 00000011 00000011 00000011 00000011 000000*
L0095442 000000 000000 000010 000000 000000*
L0095472 00000011 00000011 00000011 00000011 00000011*
L0095512 00000011 00100011 00000011 00000011 000000*
L0095550 000000 000000 000000 000000 000000*
L0095580 00000011 00000011 00000011 00000011 00000011*
L0095620 00000011 00000011 00000011 00000011 000000*
L0095658 000000 000000 000000 000000 000000*
L0095688 00000001 00000011 00000011 00000011 00000011*
L0095728 00000011 00000011 00000011 00000011 000000*
L0095766 000000 000000 000000 000000 000000*
L0095796 00000011 01000011 00000011 00000011 00000011*
L0095836 00000011 00000011 00000011 00000011 000000*
L0095874 000000 000000 000000 000000 000000*
L0095904 00000011 00000011 00000011 00000011 00000011*
L0095944 00000011 00000011 00000011 00000011 000000*
L0095982 000000 001000 000000 000000 000000*
L0096012 00000011 00000011 00000011 00000011 00000011*
L0096052 00000011 00000011 00000011 00000011 000000*
L0096090 000000 000000 000000 000000 000000*
L0096120 01000000 00000000 00000000 00000000 00000000*
L0096160 11111100 00000000 00000000 00000000 000000*
L0096198 111110 000000 000000 000000 000000*
L0096228 00111111 00000000 00000000 00000011 00000000*
L0096268 00000000 00000011 00000000 00000001 000000*
L0096306 000001 000000 000000 000000 000000*
L0096336 00000011 00000011 00000011 00000011 00000011*
L0096376 00000011 00010011 00000011 00000011 000000*
L0096414 000000 000000 000000 000000 000000*
L0096444 00000011 00000011 00000011 00000011 00000011*
L0096484 00000011 00000011 00000011 00000011 000000*
L0096522 000000 000000 000000 000000 000000*
L0096552 00111111 00000011 00000011 00000011 00000011*
L0096592 11111111 00000011 00000011 00000011 000000*
L0096630 111111 000000 000000 000000 000000*
L0096660 01000011 00000011 00000011 00000011 00000011*
L0096700 00000011 00000011 00000011 00000011 000000*
L0096738 000000 000000 000000 000000 000000*
L0096768 00000011 00000011 00000011 00000011 00000011*
L0096808 00000011 00000011 00000011 00000011 000000*
L0096846 000000 000100 000000 000000 000000*
L0096876 00000011 00000011 00000011 00000011 00000011*
L0096916 00000011 00000011 00000011 00000011 000000*
L0096954 000000 000000 000000 000000 000000*
L0096984 00000011 00000011 00000011 00000011 00000011*
L0097024 00000011 00001011 00000011 00000011 000000*
L0097062 000000 000000 000000 000000 000000*
L0097092 00000011 00000011 00000011 00000011 00000011*
L0097132 00000011 00000011 00000011 00000011 000000*
L0097170 000000 000000 000000 000000 000000*
L0097200 00000000 00000000 00000000 00000000 00000000*
L0097240 00000000 00000000 00000000 00000000 000000*
L0097278 000000 000000 000000 000000 000000*
L0097308 00000000 00100000 00000000 00000000 00000000*
L0097348 00000000 00000000 01000000 00000000 000000*
L0097386 000000 000000 000000 000000 000000*
L0097416 01111111 00000011 00000011 00000011 00000011*
L0097456 11111111 00000011 00000011 00000011 000000*
L0097494 111111 000000 000000 000000 000000*
L0097524 00000011 00000011 00000011 00000011 00000011*
L0097564 00000011 00000011 00000011 00000011 000000*
L0097602 000000 000000 000000 000000 000000*
L0097632 00000001 00000011 00000011 00000011 00000011*
L0097672 00000011 00000011 00000011 00000011 000000*
L0097710 000000 000010 000000 000000 000000*
L0097740 00000010 00000000 00000000 00000010 00000000*
L0097780 00000000 00000000 00000000 00000000 000000*
L0097818 000000 000000 000000 000000 000000*
L0097848 00000011 00000011 00000011 00000001 00000011*
L0097888 00000011 00000011 00000011 00000011 000000*
L0097926 000000 000000 000000 000000 000000*
L0097956 00000011 00001011 00000011 00000011 00000011*
L0097996 00000011 00000011 00100011 00000011 000000*
L0098034 000000 000000 000000 000000 000000*
L0098064 01111111 00000000 00000000 00000011 00000000*
L0098104 11111100 00000011 00000000 00000001 000000*
L0098142 111111 000000 000000 000000 000000*
L0098172 00000000 00000011 00000011 00000000 00000011*
L0098212 00000011 00000000 00000011 00000010 000000*
L0098250 000000 000000 000000 000000 000000*
L0098280 00000011 00000011 00000011 00000011 00000011*
L0098320 00000011 00000011 00000011 00000011 000000*
L0098358 000000 000000 000000 000000 000000*
L0098388 00000011 00000011 00000011 00000011 00000011*
L0098428 00000011 00000011 00001011 00000011 000000*
L0098466 000000 000000 000000 000000 000000*
L0098496 00000011 00000011 00000011 00000011 00000011*
L0098536 00000011 00000111 00000011 00000011 000000*
L0098574 000000 000000 000000 000000 000000*
L0098604 00000011 00000000 00000000 00000011 00000000*
L0098644 00000000 00000011 00000000 00000001 000000*
L0098682 000000 000000 000000 000000 000000*
L0098712 00000000 00000000 00000000 00000000 00000000*
L0098752 00000000 00000000 00000000 00000000 000000*
L0098790 000000 000000 000000 000000 000000*
L0098820 00000010 00000000 00000000 00000000 00000000*
L0098860 00000000 00000000 00000000 00000000 000000*
L0098898 000000 000000 000000 000000 000000*
L0098928 00000011 00000000 00000000 00000011 00000000*
L0098968 00000000 00000011 00000000 00000001 000000*
L0099006 000000 000000 000000 000000 000000*
L0099036 00000011 00000011 00000011 00000011 00000011*
L0099076 00000011 00000011 00000011 00000011 000000*
L0099114 000000 000000 000000 000000 000000*
L0099144 01111111 00000011 00000011 00000011 00000011*
L0099184 11111111 00000011 00000011 00000011 000000*
L0099222 111111 000000 000000 000000 000000*
L0099252 00000000 00000011 00000011 00000000 00000011*
L0099292 00000011 00000011 00000011 00000001 000000*
L0099330 000000 000000 000000 000000 000000*
L0099360 00000011 00000001 00000001 00000000 00000010*
L0099400 00000010 00000001 00000011 00000011 000000*
L0099438 000000 000000 000000 000000 000000*
L0099468 00000001 00000011 00000011 00000010 00000011*
L0099508 00000011 00000001 00000011 00000011 000000*
L0099546 000000 000000 000000 000000 000000*
L0099576 00000001 00000001 00000001 00000001 00000011*
L0099616 00000011 00000000 00000011 00000011 000000*
L0099654 000000 000000 000000 000000 000000*
L0099684 00000001 00000011 00000011 00000010 00000011*
L0099724 00000011 00000011 00000011 00000001 000000*
L0099762 000000 000000 000100 000000 000000*
L0099792 01111111 00000011 00000001 00000000 00000011*
L0099832 00000011 00000001 00000011 00000011 000000*
L0099870 000001 000000 000000 000000 000000*
L0099900 00000011 00000011 00000001 00000000 00000011*
L0099940 11111111 00000011 00000011 00000001 000000*
L0099978 111110 000000 000000 000000 000000*
L0100008 00000010 00000011 00000001 00000000 00000010*
L0100048 00000011 00000010 00000011 00000011 000000*
L0100086 000000 000000 000000 000000 000000*
L0100116 00000001 00010011 00000011 00000011 00000011*
L0100156 00000011 00000011 00000011 00000011 000000*
L0100194 000000 000000 010000 000000 000000*
L0100224 00000011 00000001 00000011 00000000 00000010*
L0100264 00000010 00000011 00000011 00000011 000000*
L0100302 000000 000000 000000 000000 000000*
L0100332 10000011 00000001 00000011 00000011 00000011*
L0100372 00000011 00000010 00000011 00000001 000000*
L0100410 000000 000000 000000 000000 000000*
L0100440 00000011 00000001 00000001 00000010 00000010*
L0100480 00000011 00000010 00000011 00000011 000000*
L0100518 000000 000000 000000 000000 000000*
L0100548 00000001 00000011 00000011 00000011 00000011*
L0100588 00000011 00000011 00000011 00000011 000000*
L0100626 000000 000001 100000 000000 000000*
L0100656 00000011 00000011 00000011 00000011 00000011*
L0100696 00000011 00000001 00000011 00000011 000000*
L0100734 000000 000000 000000 000000 000000*
L0100764 00000011 00000011 00000011 00000011 00000011*
L0100804 00000011 00000011 00000011 00000011 000000*
L0100842 000000 000000 000000 000000 000000*
L0100872 01111111 00000011 00000011 00000011 00000011*
L0100912 11111111 00000011 00000011 00000011 000000*
L0100950 111111 000000 000000 000000 000000*
L0100980 00000011 00000011 00000011 00000011 00000011*
L0101020 00000011 00000011 00000011 00000011 000000*
L0101058 000000 000000 000000 000000 000000*
L0101088 11010111 1010111 0000111 1011111 0101011*
L0101124 11010111 1010111 0000111 1011111 0101011*
L0101160 11010111 1010111 0000111 1011111 0101111*
L0101196 11010111 1010111 0000111 1011111 0101011*
L0101232 11010111 1010111 0000111 1011111 0101011*
L0101268 11010111 1010111 0000111 1011111 0101011*
L0101304 11010111 1010111 0000111 1011111 0101011*
L0101340 11010111 1010111 0000111 1011111 0101011*
L0101376 11010111 1010111 0000111 1011111 0101011*
L0101412 11010111 1010111 0000111 1011111 0101011*
L0101448 11010111 1010111 0000111 1011111 0101011*
L0101484 11010111 1010111 0000111 1011111 0101011*
L0101520 11010111 1010111 0000111 1011111 0101011*
L0101556 11010111 1010111 0000111 1011111 0101011*
L0101592 11010111 1010111 0000111 1011111 0101011*
L0101628 11010111 1010111 0000111 1011111 0101011*
L0101664 11010111 1010111 0000111 1011111 0101011*
L0101700 11010111 1010111 0000111 1011111 0101011*
L0101736 11010111 1010111 0000111 1011111 0101011*
L0101772 11010111 1010111 0000111 1011111 0101011*
L0101808 11010111 1010111 0000111 1011111 0101011*
L0101844 11010111 1010111 0000111 1011111 0101011*
L0101880 11010111 1010111 0000111 1011111 0101011*
L0101916 11010111 1010111 0000111 1011111 0101011*
L0101952 11010111 1010111 0000111 1011111 0101011*
L0101988 11010111 1010111 0000111 1011111 0101011*
L0102024 11010111 1010111 0000111 1011111 0101011*
L0102060 11010111 1010111 0000111 1011111 0101011*
L0102096 11010111 1010111 0000111 1011111 0101011*
L0102132 11010111 1010111 0000111 1011111 0101011*
L0102168 11010111 1010111 0000111 1011111 0101011*
L0102204 11010111 1010111 0000111 1011111 0101011*
L0102240 11010111 1010111 0000111 1011111 0101011*
L0102276 11010111 1010111 0000111 1011111 0101011*
L0102312 11011111 1010111 0000111 1011111 0101011*
L0102348 11010111 1010111 0000111 1011111 0101011*
L0102384 11010111 1010111 0000111 1011111 0101011*
L0102420 11010111 1110111 0000111 1011111 0101011*
L0102456 11010111 1010111 0000111 1011111 0101011*
L0102492 11010111 1010111 0000111 1011111 0101011*
L0102528 11010111 1010111 0000111 1011111 0101011*
L0102564 11010111 1010111 0000111 1011111 0101011*
L0102600 11010111 1010111 0000111 1011111 0101011*
L0102636 11010111 1010111 0000111 1011111 0101011*
L0102672 11010111 1010111 0000111 1011111 0101011*
L0102708 11010111 1010111 0000111 1011111 0101011*
L0102744 11010111 1010111 0000111 1011111 0101011*
L0102780 11010111 1010111 0000111 1011111 0101011*
L0102816 11010111 1010111 0000111 1011111 0101011*
L0102852 11010111 1010111 0000111 1011111 0101011*
L0102888 11010111 1010111 0000111 1011111 0101011*
L0102924 11010111 1010111 0000111 1011111 0101011*
L0102960 11010111 1010111 0000111 1011111 0101011*
L0102996 11010111 1010111 0000111 1011111 1101011*
L0103032 11010111 1010111 0000111 1011111 0101011*
L0103068 11010111 1010111 0000111 1011111 0101011*
L0103104 11010111 1010111 0000111 1011111 0101011*
L0103140 11010111 1010111 0000111 1011111 0101011*
L0103176 11010111 1010111 0000111 1011111 0101011*
L0103212 11010111 1010111 0000111 1011111 0101011*
L0103248 11010111 1010111 0000111 1011111 0101011*
L0103284 11010111 1010111 0000111 1011111 0101011*
L0103320 11010111 1010111 0000111 1011111 0101011*
L0103356 11010111 1010111 0000111 1011111 0101011*
L0103392 11010111 1010111 0000111 1011111 0101011*
L0103428 11010111 1010111 0000111 1011111 0101011*
L0103464 11010111 1010111 0000111 1011111 0101011*
L0103500 11010111 1010111 0000111 1011111 0101011*
L0103536 11010111 1010111 0000111 1011111 0101011*
L0103572 11010111 1010111 0000111 1011111 0101011*
L0103608 11010111 1010111 0000111 1011111 0101011*
L0103644 11010111 1010111 0000111 1011111 0101011*
L0103680 11010111 1010111 0000111 1011111 0101011*
L0103716 11010111 1010111 0000111 1011111 0101011*
L0103752 11010111 1010111 0000111 1011111 0101011*
L0103788 11010111 1010111 0000111 1011111 0101011*
L0103824 11010111 1010111 0000111 1011111 0101011*
L0103860 11010111 1010111 0000111 1011111 0101011*
L0103896 11010111 1010111 0000111 1011111 0101011*
L0103932 11010111 1010111 0000111 1011111 0101011*
L0103968 11010111 1010111 0000111 1011111 0101011*
L0104004 11010111 1010111 0000111 1011111 0101011*
L0104040 11010111 1010111 0000111 1011111 0101011*
L0104076 11010111 1010111 0000111 1011111 0101011*
L0104112 11010111 1010111 0000111 1011111 0101011*
L0104148 11010111 1010111 0000111 1011111 0101011*
L0104184 11010111 1010111 0000111 1011111 0101011*
L0104220 11010111 1010111 0000111 1011111 0101011*
L0104256 11010111 1010111 0000111 1011111 0101011*
L0104292 11010111 1010111 0000111 1011111 0101011*
L0104328 11010111 1010111 0000111 1011111 0101011*
L0104364 11010111 1010111 0000111 1011111 0101011*
L0104400 11010111 1010111 0000111 1011111 0101011*
L0104436 11010111 1010111 0000111 1011111 0101011*
L0104472 11010111 1010111 0000111 1011111 0101011*
L0104508 11010111 1010111 0000111 1011111 0101011*
L0104544 11010111 1010111 0000111 1011111 0101011*
L0104580 11010111 1010111 0000111 1011111 0101011*
L0104616 11010111 1010111 0000111 1011111 0101011*
L0104652 11010111 1010111 1000111 1011111 0101011*
L0104688 11010111 1010111 0000111 1011111 0101011*
L0104724 11010111 1010111 0000111 1011111 0101011*
L0104760 11010111 1010111 0000111 1011111 0101011*
L0104796 11010111 1010111 0000111 1011111 0101011*
L0104832 11010111 1010111 0000111 1011111 0101011*
L0104868 11010111 1010111 0000111 1011111 0101011*
L0104904 11010111 1010111 0000111 1011111 0101011*
L0104940 11010111 1010111 0000111 1011111 0101011*
L0104976 11010111 1010111 0000111 1011111 0101011*
L0105012 11010111 1010111 0000111 1011111 0101011*
L0105048 11010111 1010111 0000111 1011111 0101011*
L0105084 11010111 1010111 0000111 1011111 0101011*
L0105120 11010111 1010111 0000111 1011111 0101011*
L0105156 11010111 1010111 0000111 1011111 0101011*
L0105192 11010111 1010111 0000111 1011111 0101011*
L0105228 11010111 1010111 0000111 1011111 0101011*
L0105264 11010111 1010111 0000111 1011111 0101011*
L0105300 11010111 1010111 0000111 1011111 0101011*
L0105336 11010111 1010111 0000111 1011111 0101011*
L0105372 11010111 1010111 0000111 1011111 0101011*
L0105408 11010111 1010111 0000111 1011111 0101011*
L0105444 11010111 1010111 0000111 1011111 0101011*
L0105480 11010111 1010111 0000111 1011111 0101011*
L0105516 11010111 1010111 0000111 1011111 0101011*
L0105552 11010111 1010111 0000111 1011111 0101011*
L0105588 11010111 1010111 0000111 1011111 0101011*
L0105624 11010111 1010111 0000111 1011111 0101011*
L0105660 11010111 1010111 0000111 1011111 0101011*
L0105696 11010111 1010111 0000111 1011111 0101011*
L0105732 11010111 1011111 0000111 1011111 0101011*
L0105768 11010111 1010111 0000111 1011111 0101011*
L0105804 11010111 1010111 0000111 1011111 0101011*
L0105840 11010111 1010111 0000111 1011111 0101011*
L0105876 11010111 1010111 0000111 1011111 0101011*
L0105912 11010111 1010111 0000111 1011111 0101011*
L0105948 11010111 1010111 0000111 1011111 0101011*
L0105984 11010111 1010111 0000111 1011111 0101011*
L0106020 11010111 1010111 0000111 1011111 0101011*
L0106056 11010111 1010111 0000111 1011111 0101011*
L0106092 11010111 1010111 0000111 1011111 0101011*
L0106128 11010111 1010111 0000111 1011111 0101011*
L0106164 11010111 1010111 0000111 1011111 0101011*
L0106200 11010111 1010111 0000111 1011111 0101011*
L0106236 11010111 1010111 0000111 1011111 0101011*
L0106272 11010111 1010111 0000111 1011111 0101011*
L0106308 11010111 1010111 0000111 1011111 0101011*
L0106344 11010111 1010111 0000111 1011111 0101011*
L0106380 11010111 1010111 0000111 1011111 0101011*
L0106416 11010111 1010111 0000111 1011111 0101011*
L0106452 11010111 1010111 0000111 1011111 0101011*
L0106488 11010111 1010111 0000111 1011111 0101011*
L0106524 11010111 1010111 0000111 1011111 0101011*
L0106560 11010111 1010111 0000111 1011111 0101011*
L0106596 11010111 1010111 0000111 1011111 0101011*
L0106632 11010111 1010111 0000111 1011111 0101011*
L0106668 11010111 1010111 0000111 1011111 0101011*
L0106704 11010111 1010111 0000111 1011111 0101011*
L0106740 11010111 1010111 0000111 1011111 0101011*
L0106776 11010111 1010111 0000111 1011111 0101011*
L0106812 11010111 1010111 0000111 1011111 0101011*
L0106848 11010111 1010111 0000111 1011111 0101011*
L0106884 11010111 1010111 0000111 1011111 0101011*
L0106920 11010111 1010111 0000111 1011111 0101011*
L0106956 11010111 1010111 0000111 1011111 0101011*
L0106992 11010111 1010111 0000111 1011111 0101011*
L0107028 11010111 1010111 0000111 1011111 0101011*
L0107064 11010111 1010111 0000111 1011111 0101011*
L0107100 11010111 1010111 0000111 1011111 0101011*
L0107136 11010111 1010111 0000111 1011111 0101011*
L0107172 11010111 1010111 0000111 1011111 0101011*
L0107208 11010111 1010111 0000111 1011111 0101011*
L0107244 11010111 1010111 0000111 1011111 0101011*
L0107280 11010111 1010111 0000111 1011111 0101011*
L0107316 11010111 1010111 0000111 1011111 0101011*
L0107352 11010111 1010111 0000111 1011111 0101011*
L0107388 11010111 1010111 0000111 1011111 0101011*
L0107424 11010111 1010111 0000111 1011111 0101011*
L0107460 11010111 1010111 0000111 1011111 0101011*
L0107496 11010111 1010111 0000111 1011111 0101011*
L0107532 11010111 1010111 0001111 1011111 0101011*
L0107568 11010111 1010111 0000111 1011111 0101011*
L0107604 11010111 1010111 0000111 1011111 0101011*
L0107640 11010111 1010111 0000111 1011111 0101011*
L0107676 11010111 1010111 0000111 1011111 0101011*
L0107712 11010111 1010111 0000111 1011111 0101011*
L0107748 11010111 1010111 0000111 1011111 0101011*
L0107784 11010111 1010111 0000111 1011111 0101011*
L0107820 11010111 1010111 0000111 1011111 0101011*
L0107856 11010111 1010111 0000111 1011111 0101011*
L0107892 11010111 1010111 0000111 1011111 0101011*
L0107928 11010111 1010111 0000111 1011111 0101011*
L0107964 11010111 1010111 0000111 1011111 0101011*
L0108000 11010111 1010111 0000111 1011111 0101011*
L0108036 11010111 1010111 0000111 1011111 0101011*
L0108072 11010111 1010111 0000111 1011111 0101011*
L0108108 11010111 1010111 0000111 1011111 0101011*
L0108144 11010111 1010111 0000111 1011111 0101011*
L0108180 11010111 1010111 0000111 1011111 0101011*
L0108216 11010111 1010111 0000111 1011111 0111011*
L0108252 11010111 1010111 0000111 1011111 0101011*
L0108288 11010111 1010111 0000111 1011111 0101011*
L0108324 11010111 1010111 0000111 1011111 0101011*
L0108360 11010111 1010111 0000111 1011111 0101011*
L0108396 11010111 1010111 0000111 1011111 0101011*
L0108432 11010111 1010111 0000111 1011111 0101011*
L0108468 11010111 1010111 0000111 1011111 0101011*
L0108504 11010111 1010111 0000111 1011111 0101011*
L0108540 11010111 1010111 0000111 1011111 0101011*
L0108576 11010111 1010111 0000111 1011111 0101011*
L0108612 11010111 1010111 0000111 1011111 0101011*
L0108648 11010111 1010111 0010111 1011111 0101011*
L0108684 11110111 1010111 0000111 1011111 0101011*
L0108720 11010111 1010111 0000111 1111111 0101011*
L0108756 11010111 1010111 0100111 1011111 0101011*
L0108792 11010111 1010111 0000111 1011111 0101011*
L0108828 11010111 1010111 0000111 1011111 0101011*
L0108864 00000011 00000011 00000011 00000011 00000011*
L0108904 00000011 00000011 00000011 00000011 000000*
L0108942 000000 000000 000000 000000 000000*
L0108972 10000011 00000011 00000011 00000011 00000011*
L0109012 00000011 00000011 00000011 00000011 000000*
L0109050 000000 000000 000000 000000 000000*
L0109080 00000011 00000011 00000011 00000011 00000011*
L0109120 00000011 00000011 00000011 00000011 000000*
L0109158 000000 000000 000000 000000 000000*
L0109188 00000011 00000111 00000011 00000011 00000011*
L0109228 01000011 00000011 01000011 01000011 010000*
L0109266 000000 000000 010000 010000 000000*
L0109296 00000011 00000011 00000011 00000011 00000011*
L0109336 00000011 00000011 00000011 00000011 000000*
L0109374 000000 000000 000000 000000 000000*
L0109404 00000011 00000011 00000011 00000011 00000011*
L0109444 00000011 00000011 00000011 00000011 000000*
L0109482 000000 000000 000000 000000 010000*
L0109512 00000011 10000011 01100011 00000011 00000011*
L0109552 00000011 00000011 00000011 00000111 000000*
L0109590 001000 000000 010000 000000 000000*
L0109620 01011111 00000011 00000011 10000011 01100111*
L0109660 00000011 00000011 00000011 00000011 001000*
L0109698 000001 000001 000000 001000 011000*
L0109728 00000011 00000011 00000011 00000011 00000011*
L0109768 00000011 00000011 00000011 00000011 000000*
L0109806 000001 000000 000000 000000 000000*
L0109836 00000011 00000011 00000011 00000011 00000011*
L0109876 00000011 00000011 00000011 00000011 000000*
L0109914 000000 000000 000000 000000 000000*
L0109944 00000011 00000011 00000011 00000011 00000011*
L0109984 00000011 00000011 00000011 00000011 000000*
L0110022 000000 000000 000000 000000 000000*
L0110052 00000011 00000011 00000011 00000011 00000011*
L0110092 00000011 11111111 00000011 00000011 000000*
L0110130 000000 111110 000000 000000 000000*
L0110160 00000000 00000000 00000000 00000000 00000000*
L0110200 00000000 00000010 00000000 00000011 000000*
L0110238 000000 000000 000000 000000 000000*
L0110268 00100000 00100011 00100011 00100000 00000011*
L0110308 00000011 00000000 00000011 00000000 000000*
L0110346 010000 000000 000000 000000 000000*
L0110376 00011110 00000000 00000000 10000000 01100100*
L0110416 00000000 11111110 00000000 00000001 001000*
L0110454 000001 111111 000000 001000 011000*
L0110484 01000001 00100000 00000000 00000011 00000000*
L0110524 00000000 00000001 00000100 00100000 110000*
L0110562 000000 000000 000000 000000 100000*
L0110592 00000011 00000001 00000001 00000011 00000001*
L0110632 00000011 11111111 00000000 00000010 000000*
L0110670 000000 111110 000000 000000 000000*
L0110700 00000000 00000011 00000011 00000001 00000011*
L0110740 00000001 00000000 00000011 00000000 000000*
L0110778 000000 000000 000000 000000 000000*
L0110808 01011111 00000001 00000001 10000111 01100101*
L0110848 00000011 00000011 00000000 00000010 001000*
L0110886 000000 000001 000000 001000 011000*
L0110916 00100001 00000011 00000111 00000001 00000011*
L0110956 00000001 00000000 00100011 11000000 000001*
L0110994 000001 000000 000000 100000 000000*
L0111024 00000011 00000001 00000001 00000011 00000001*
L0111064 00000011 00000011 00000010 00000011 000000*
L0111102 000000 000000 000000 000000 000000*
L0111132 00000011 00001011 01000011 01000001 00000011*
L0111172 00000001 00000000 00000001 00000001 000000*
L0111210 100000 000000 100000 100000 100000*
L0111240 00000001 00000011 00000011 00000011 00000011*
L0111280 00000011 00000011 00000010 00000011 000000*
L0111318 000000 000000 000000 000000 000000*
L0111348 00000011 00000001 00000011 00000011 01000011*
L0111388 00000011 00000011 00000010 00000011 000000*
L0111426 000000 000000 000000 000000 000000*
L0111456 00000011 00000011 00000001 00000011 00000001*
L0111496 00000001 00000011 00000000 00000001 000000*
L0111534 000000 000000 000000 000000 000000*
L0111564 00000010 00000011 00000011 10000001 00000011*
L0111604 00000001 00000001 00000001 00000000 000000*
L0111642 000000 000000 000000 000000 000000*
L0111672 01011100 00000000 00000000 10000000 01100100*
L0111712 00000000 00000010 00000000 00000000 001000*
L0111750 000001 000001 000000 001000 011000*
L0111780 00000011 00000000 00000000 00000011 00000000*
L0111820 11100100 00000011 00000000 00000001 000000*
L0111858 110000 000000 000000 000000 000000*
L0111888 00000011 00000011 00000011 00000011 00000011*
L0111928 00000011 00000011 00000011 00000011 000000*
L0111966 000000 000000 000000 000000 000000*
L0111996 01000011 00000011 00000011 00000011 00000011*
L0112036 00000011 00000011 00000011 00000011 000000*
L0112074 000000 000000 000000 000000 000000*
L0112104 00000011 00000011 00000011 00000011 00000011*
L0112144 00000011 00000011 00000011 00000011 000000*
L0112182 000000 000000 000000 000000 000000*
L0112212 00000011 00000011 00000011 00000011 00000011*
L0112252 00000011 00000011 00000011 00000011 000000*
L0112290 000000 000000 000000 001000 000000*
L0112320 00000011 00000011 00000011 00000011 00000011*
L0112360 00000011 00000011 00000011 00000011 000000*
L0112398 000000 000000 000000 000000 000000*
L0112428 00000011 00000011 00000011 00000011 00000011*
L0112468 00100011 00000011 00100011 00100011 000000*
L0112506 001000 000000 001000 000000 000000*
L0112536 00000011 00000011 00000011 00000011 00000011*
L0112576 00000011 00000011 00000011 00000011 000000*
L0112614 000000 000000 000000 000000 000000*
L0112644 00000011 01000000 00000000 00000011 00000000*
L0112684 00000000 00000001 00000000 00000001 000000*
L0112722 000000 000000 000000 000000 000000*
L0112752 00000000 00000011 00000011 00000000 00000011*
L0112792 00000011 00000010 00000011 00000010 000000*
L0112830 000000 000000 000000 000000 000000*
L0112860 00000000 00000011 00000011 00000000 00100011*
L0112900 00000011 00000010 00000011 00000010 000000*
L0112938 000000 000000 000000 000000 000000*
L0112968 01011111 00000011 00000011 00000011 00100111*
L0113008 00000011 00000011 11000011 00000011 000000*
L0113046 000001 000000 100000 000000 001000*
L0113076 00000011 00000011 00000011 10000011 01000011*
L0113116 00000011 00000011 00000011 00000011 001001*
L0113154 000000 000001 000000 001000 010000*
L0113184 00000001 00000011 00000011 00000011 00000011*
L0113224 00000011 00000011 00000011 00000011 000000*
L0113262 000000 000000 000000 000000 000000*
L0113292 00000010 10010011 10000011 00000010 00000011*
L0113332 10000011 00000010 10000011 10000011 100000*
L0113370 000000 000000 000000 000000 000000*
L0113400 00000011 00000011 00000011 00000001 00000011*
L0113440 00000011 00000011 00000011 00000011 000000*
L0113478 000000 000000 000000 000000 000000*
L0113508 00000011 00000011 00000011 00000011 00000011*
L0113548 00000011 00000011 00000011 00000011 000000*
L0113586 000000 000000 000000 000000 001000*
L0113616 00000011 00000000 00000000 00000011 00000000*
L0113656 00000000 00000001 00000000 00000001 000000*
L0113694 000000 000000 000000 000000 000000*
L0113724 00011100 00000011 00000011 00000000 00000011*
L0113764 00000011 00000010 00000011 00000010 000000*
L0113802 000000 000000 000000 000000 000000*
L0113832 00000011 00000011 00000011 00000011 00000011*
L0113872 00000011 00000011 00000011 00000011 000000*
L0113910 000000 000000 000001 000000 000000*
L0113940 00000011 00000011 00000011 00000011 00000011*
L0113980 00000011 00000011 00000011 00000011 000000*
L0114018 000000 000000 000000 000001 000000*
L0114048 00000011 00000011 00000011 00000011 00000011*
L0114088 00000011 00000011 00000011 00000011 000000*
L0114126 000000 000000 000000 000000 000000*
L0114156 00000011 00000000 00010000 00000011 00000000*
L0114196 00000000 00000011 00000000 00000001 000000*
L0114234 000000 000000 000000 000000 000000*
L0114264 00000000 00000000 00000000 00000000 00000000*
L0114304 00000000 00000000 00000000 00000000 000000*
L0114342 000000 000000 000000 000000 000000*
L0114372 00000000 00000000 00000000 00000000 00000000*
L0114412 00010000 00000000 00000000 00000000 000000*
L0114450 000000 000000 000000 000000 000000*
L0114480 00000000 00000001 00000001 00000001 00000001*
L0114520 00000001 00000000 00000000 00000000 000000*
L0114558 000000 000000 000000 000000 000000*
L0114588 00000001 00000001 00000001 00000001 00000001*
L0114628 00000001 00000000 00000000 00000000 001000*
L0114666 000000 000000 000000 000000 000000*
L0114696 01000011 00000001 00000101 10000001 01100101*
L0114736 00000001 00000000 00000000 00000001 001000*
L0114774 000000 000001 000000 001000 011000*
L0114804 00011101 00000011 10000011 01100110 00000011*
L0114844 00000010 00000000 00000011 00000001 000000*
L0114882 000001 000000 001000 010000 000000*
L0114912 00000000 00000011 00000011 00000010 00000011*
L0114952 00000011 00000011 00000001 00000011 000000*
L0114990 000000 000000 000000 000000 000000*
L0115020 00000000 00000011 00000011 00000001 00000010*
L0115060 00000011 00000000 00000011 00000001 000000*
L0115098 000100 000000 000000 000000 000000*
L0115128 00000001 00000001 00000101 00000111 00000011*
L0115168 00000111 00000001 00000100 00000101 000001*
L0115206 000000 000000 000000 000000 000000*
L0115236 00000001 00000001 00000011 00000000 00000011*
L0115276 00000011 00000001 00000011 00000001 000000*
L0115314 000000 000000 000000 000000 000000*
L0115344 00000000 00000011 00000001 00000011 00000010*
L0115384 00000011 00000010 00000001 00000011 000000*
L0115422 000000 000000 000000 000000 000000*
L0115452 00000001 00000011 00000011 00000011 00000011*
L0115492 00000010 00000001 00000001 00000011 000000*
L0115530 000000 000000 000001 000001 000000*
L0115560 00000001 00000011 00000011 00000010 00000010*
L0115600 00000010 00000001 00000011 00000011 000000*
L0115638 000000 000000 000000 000000 000000*
L0115668 00000001 00000011 00000011 00000011 00000011*
L0115708 00001010 00000000 00000011 00000011 000000*
L0115746 000000 000000 000000 000000 000000*
L0115776 00000011 00000001 00000011 00000001 00000010*
L0115816 00000011 00000000 00000011 00000011 000000*
L0115854 000000 000000 000000 000000 000000*
L0115884 00000001 00000001 00000011 00000010 00000011*
L0115924 00000011 00000001 00000011 00000011 000000*
L0115962 000010 000000 000000 000000 000000*
L0115992 00000000 00000011 00000011 00000011 00000111*
L0116032 00000011 00000001 00000011 00000011 000000*
L0116070 000000 000000 000000 000000 000000*
L0116100 00000001 00000001 00000011 00000011 00000011*
L0116140 00000011 00000011 00000011 00000011 000000*
L0116178 000000 000000 000000 000000 000000*
L0116208 00000011 00000011 00000011 00000011 00000011*
L0116248 00000011 00000001 00000011 00000011 000000*
L0116286 000000 000001 000000 000000 000000*
L0116316 00000011 00000011 00000011 00000011 00000011*
L0116356 00000011 00000011 00000011 00000011 000000*
L0116394 000000 000000 000000 000000 000000*
L0116424 00000011 00000011 00000011 00000011 00000011*
L0116464 00000011 00000011 00000011 00000011 000000*
L0116502 000000 000000 000000 000000 000000*
L0116532 00000011 00000011 00000011 00000011 00000011*
L0116572 00000011 00000011 00000011 00000011 000000*
L0116610 000000 000000 000000 000000 000000*
L0116640 00111011 1111010 1111010 0110100 1101011*
L0116676 00111011 1111010 1111010 0110100 1101011*
L0116712 00111011 1111010 1111010 0110100 1101011*
L0116748 00111011 1111010 1111010 0110100 1101011*
L0116784 00111011 1111010 1111010 0110100 1101011*
L0116820 00111011 1111010 1111010 0110100 1101011*
L0116856 00111011 1111010 1111010 0110100 1101011*
L0116892 00111011 1111010 1111010 0110100 1101011*
L0116928 00111011 1111010 1111010 0110100 1101011*
L0116964 00111011 1111010 1111010 0110100 1101011*
L0117000 00111011 1111010 1111010 0110100 1101011*
L0117036 00111011 1111010 1111010 0110100 1101011*
L0117072 00111011 1111010 1111010 0110100 1101011*
L0117108 01111011 1111010 1111010 0110100 1101011*
L0117144 00111011 1111010 1111010 0110100 1101011*
L0117180 00111011 1111010 1111010 0110110 1101011*
L0117216 00111011 1111010 1111010 0110100 1101011*
L0117252 00111011 1111010 1111011 0110100 1101011*
L0117288 00111011 1111010 1111010 0110100 1101011*
L0117324 00111011 1111010 1111010 0110100 1101011*
L0117360 00111011 1111010 1111010 0110100 1101011*
L0117396 00111011 1111010 1111010 0110100 1101011*
L0117432 00111011 1111010 1111010 0110100 1101011*
L0117468 00111011 1111010 1111010 0110100 1101011*
L0117504 00111011 1111010 1111010 0110100 1101011*
L0117540 00111011 1111010 1111010 0110100 1101011*
L0117576 00111011 1111010 1111010 0110100 1101011*
L0117612 00111011 1111010 1111010 0110100 1101011*
L0117648 00111011 1111010 1111010 0110100 1101011*
L0117684 00111011 1111010 1111010 0110100 1101011*
L0117720 00111011 1111010 1111010 0110100 1101011*
L0117756 00111011 1111010 1111010 0110100 1101011*
L0117792 00111011 1111010 1111010 0110100 1101011*
L0117828 00111011 1111010 1111010 0110100 1101011*
L0117864 00111011 1111010 1111010 0110100 1101011*
L0117900 00111011 1111010 1111010 0110100 1101011*
L0117936 00111011 1111010 1111010 0110100 1101011*
L0117972 00111011 1111010 1111010 0110100 1101011*
L0118008 00111011 1111010 1111010 0110100 1101011*
L0118044 00111011 1111010 1111010 0110100 1101011*
L0118080 00111011 1111010 1111010 0110100 1101011*
L0118116 00111011 1111010 1111010 0110100 1101011*
L0118152 00111011 1111010 1111010 0110100 1101011*
L0118188 00111011 1111010 1111010 0110100 1101011*
L0118224 00111011 1111010 1111010 0110100 1101011*
L0118260 00111011 1111010 1111010 0110100 1101011*
L0118296 00111011 1111010 1111010 0110100 1101011*
L0118332 00111011 1111010 1111010 0110100 1101011*
L0118368 00111011 1111010 1111010 0110100 1101011*
L0118404 00111011 1111010 1111010 0110100 1101011*
L0118440 00111011 1111010 1111010 0110100 1101011*
L0118476 00111011 1111010 1111010 0110100 1101011*
L0118512 00111011 1111010 1111010 0110100 1101011*
L0118548 00111011 1111010 1111010 0110100 1101011*
L0118584 00111011 1111010 1111010 0110100 1101011*
L0118620 00111011 1111010 1111010 0110100 1101011*
L0118656 00111011 1111010 1111010 0110100 1101011*
L0118692 00111011 1111010 1111010 0110100 1101011*
L0118728 00111011 1111010 1111010 0110100 1101011*
L0118764 00111011 1111010 1111010 0110100 1101011*
L0118800 00111011 1111010 1111010 0110100 1101011*
L0118836 00111011 1111010 1111010 0110100 1101011*
L0118872 00111011 1111010 1111010 0110100 1101011*
L0118908 00111011 1111010 1111010 0110100 1101011*
L0118944 00111111 1111010 1111010 0110100 1101011*
L0118980 00111011 1111010 1111010 0110100 1101011*
L0119016 00111011 1111010 1111010 0111100 1101011*
L0119052 00111011 1111010 1111010 0110100 1101011*
L0119088 00111011 1111010 1111010 1110100 1101011*
L0119124 00111011 1111110 1111010 0110100 1101011*
L0119160 00111011 1111010 1111010 1110100 1101011*
L0119196 00111011 1111011 1111010 0110100 1101011*
L0119232 00111011 1111010 1111010 0110100 1101011*
L0119268 00111011 1111010 1111010 0110100 1101011*
L0119304 00111011 1111010 1111010 0110100 1101011*
L0119340 00111011 1111010 1111010 0110100 1101011*
L0119376 00111011 1111010 1111010 0110100 1101011*
L0119412 00111011 1111010 1111010 0110100 1101011*
L0119448 00111011 1111010 1111010 0110100 1101011*
L0119484 00111011 1111010 1111010 0110100 1101011*
L0119520 00111011 1111010 1111010 0110100 1101011*
L0119556 00111011 1111010 1111010 0110100 1101011*
L0119592 00111011 1111010 1111010 0110100 1101011*
L0119628 00111011 1111010 1111010 0110100 1101011*
L0119664 00111011 1111010 1111010 0110100 1101011*
L0119700 00111011 1111010 1111010 0110100 1101011*
L0119736 00111011 1111010 1111010 0110100 1101011*
L0119772 00111011 1111010 1111010 0110100 1101011*
L0119808 00111011 1111010 1111010 0110100 1101011*
L0119844 00111011 1111010 1111010 0110100 1101011*
L0119880 00111011 1111010 1111010 0110100 1101011*
L0119916 00111011 1111010 1111010 0110100 1101011*
L0119952 00111011 1111010 1111010 0110100 1101011*
L0119988 00111011 1111010 1111010 0110100 1101011*
L0120024 00111011 1111010 1111010 0110100 1101011*
L0120060 00111011 1111010 1111010 0110100 1101011*
L0120096 00111011 1111010 1111010 0110100 1101011*
L0120132 00111011 1111010 1111010 0110100 1101011*
L0120168 00111011 1111010 1111010 0110100 1101011*
L0120204 00111011 1111010 1111010 0110100 1111011*
L0120240 00111011 1111010 1111010 0110100 1101011*
L0120276 00111011 1111010 1111010 0110100 1101011*
L0120312 00111011 1111010 1111010 0110100 1101011*
L0120348 00111011 1111010 1111010 0110100 1101011*
L0120384 00111011 1111010 1111010 0110100 1101011*
L0120420 00111011 1111010 1111110 0110100 1101011*
L0120456 00111011 1111010 1111010 0110100 1101011*
L0120492 00111011 1111010 1111010 0110100 1101011*
L0120528 10111011 1111010 1111010 0110100 1101011*
L0120564 00111011 1111010 1111010 0110100 1101011*
L0120600 00111011 1111010 1111010 0110100 1101011*
L0120636 00111011 1111010 1111010 0110100 1101011*
L0120672 00111011 1111010 1111010 0110100 1101011*
L0120708 00111011 1111010 1111010 0110100 1101011*
L0120744 00111011 1111010 1111010 0110100 1101011*
L0120780 00111011 1111010 1111010 0110100 1101011*
L0120816 00111011 1111010 1111010 0110100 1101011*
L0120852 00111011 1111010 1111010 0110100 1101011*
L0120888 00111011 1111010 1111010 0110100 1101011*
L0120924 00111011 1111010 1111010 0110100 1101011*
L0120960 00111011 1111010 1111010 0110100 1101011*
L0120996 00111011 1111010 1111010 0110100 1101011*
L0121032 00111011 1111010 1111010 0110100 1101011*
L0121068 00111011 1111010 1111010 0110100 1101011*
L0121104 00111011 1111010 1111010 0110100 1101011*
L0121140 00111011 1111010 1111010 0110100 1101011*
L0121176 00111011 1111010 1111010 0110100 1101011*
L0121212 00111011 1111010 1111010 0110100 1101011*
L0121248 00111011 1111010 1111010 0110100 1101011*
L0121284 00111011 1111010 1111010 0110100 1101011*
L0121320 00111011 1111010 1111010 0110100 1101011*
L0121356 00111011 1111010 1111010 0110100 1101011*
L0121392 00111011 1111010 1111010 0110100 1101011*
L0121428 00111011 1111010 1111010 0110100 1101011*
L0121464 00111011 1111010 1111010 0110100 1101011*
L0121500 00111011 1111010 1111010 0110100 1101011*
L0121536 00111011 1111010 1111010 0110100 1101011*
L0121572 00111011 1111010 1111010 0110100 1101011*
L0121608 00111011 1111010 1111010 0110100 1101011*
L0121644 00111011 1111010 1111010 0110100 1101011*
L0121680 00111011 1111010 1111010 0110100 1101011*
L0121716 00111011 1111010 1111010 0110100 1101011*
L0121752 00111011 1111010 1111010 0110100 1101011*
L0121788 00111011 1111010 1111010 0110100 1101011*
L0121824 00111011 1111010 1111010 0110100 1101011*
L0121860 00111011 1111010 1111010 0110100 1101011*
L0121896 00111011 1111010 1111010 0110100 1101011*
L0121932 00111011 1111010 1111010 0110100 1101011*
L0121968 00111011 1111010 1111010 0110100 1101011*
L0122004 00111011 1111010 1111010 0110100 1101011*
L0122040 00111011 1111010 1111010 0110100 1101011*
L0122076 00111011 1111010 1111010 0110100 1101011*
L0122112 00111011 1111010 1111010 0110100 1101011*
L0122148 00111011 1111010 1111010 0110100 1101011*
L0122184 00111011 1111010 1111010 0110100 1101011*
L0122220 00111011 1111010 1111010 0110100 1101011*
L0122256 00111011 1111010 1111010 0110100 1101011*
L0122292 00111011 1111010 1111010 0110100 1101011*
L0122328 00111011 1111010 1111010 0110100 1101011*
L0122364 00111011 1111010 1111010 0110100 1101011*
L0122400 00111011 1111010 1111010 0110100 1101011*
L0122436 00111011 1111010 1111010 0110100 1101111*
L0122472 00111011 1111010 1111010 0110100 1101011*
L0122508 00111011 1111010 1111010 0110100 1101011*
L0122544 00111011 1111010 1111010 0110100 1101011*
L0122580 00111011 1111010 1111010 0110100 1101011*
L0122616 00111011 1111010 1111010 0110100 1101011*
L0122652 00111011 1111010 1111010 0110100 1101011*
L0122688 00111011 1111010 1111010 0110100 1101011*
L0122724 00111011 1111010 1111010 0110100 1101011*
L0122760 00111011 1111010 1111010 0110100 1101011*
L0122796 00111011 1111010 1111010 0110100 1101011*
L0122832 00111011 1111010 1111010 0110100 1101011*
L0122868 00111011 1111010 1111010 0110100 1101011*
L0122904 00111011 1111010 1111010 0110100 1101011*
L0122940 00111011 1111010 1111010 0110100 1101011*
L0122976 00111011 1111010 1111010 0110100 1101011*
L0123012 00111011 1111010 1111010 0110101 1101011*
L0123048 00111011 1111010 1111010 0110100 1101011*
L0123084 00111011 1111010 1111010 0110100 1101011*
L0123120 00111011 1111010 1111010 0110100 1101011*
L0123156 00111011 1111010 1111010 0110100 1101011*
L0123192 00111011 1111010 1111010 0110100 1101011*
L0123228 00111011 1111010 1111010 0110100 1101011*
L0123264 00111011 1111010 1111010 0110100 1101011*
L0123300 00111011 1111010 1111010 0110100 1101011*
L0123336 00111011 1111010 1111010 0110100 1101011*
L0123372 00111011 1111010 1111010 0110100 1101011*
L0123408 00111011 1111010 1111010 0110100 1101011*
L0123444 00111011 1111010 1111010 0110100 1101011*
L0123480 00111011 1111010 1111010 0110100 1101011*
L0123516 00111011 1111010 1111010 0110100 1101011*
L0123552 00111011 1111010 1111010 0110100 1101011*
L0123588 00111011 1111010 1111010 0110100 1101011*
L0123624 00111011 1111010 1111010 0110100 1101011*
L0123660 00111011 1111010 1111010 0110100 1101011*
L0123696 00111011 1111010 1111010 0110100 1101011*
L0123732 00111011 1111010 1111010 0110100 1101011*
L0123768 00111011 1111010 1111010 0110100 1101011*
L0123804 00111011 1111010 1111010 0110100 1101011*
L0123840 00111011 1111010 1111010 0110100 1101011*
L0123876 00111011 1111010 1111010 0110100 1101011*
L0123912 00111011 1111010 1111010 0110100 1101011*
L0123948 00111011 1111010 1111010 0110100 1101011*
L0123984 00111011 1111010 1111010 0110100 1101011*
L0124020 00111011 1111010 1111010 0110100 1101011*
L0124056 00111011 1111010 1111010 0110100 1101011*
L0124092 00111011 1111010 1111010 0110100 1101011*
L0124128 00111011 1111010 1111010 0110100 1101011*
L0124164 00111011 1111010 1111010 0110100 1101011*
L0124200 00111011 1111010 1111010 0110100 1101011*
L0124236 00111011 1111010 1111010 0110100 1101011*
L0124272 00111011 1111010 1111010 0110100 1101011*
L0124308 00111011 1111010 1111010 0110100 1101011*
L0124344 00111011 1111010 1111010 0110100 1101011*
L0124380 00111011 1111010 1111010 0110100 1101011*
L0124416 00000011 00000011 00000011 00000011 00000011*
L0124456 00000011 00000011 00000011 00000011 000000*
L0124494 000000 000010 000000 000000 000000*
L0124524 00000011 00000011 00000011 00000011 00000011*
L0124564 00000011 00000011 00000011 00000011 000000*
L0124602 000000 000000 000000 000000 000000*
L0124632 00000011 00000011 00000011 00000011 00000011*
L0124672 00000011 00000011 00000011 00000011 000000*
L0124710 000000 000000 000000 000000 000000*
L0124740 11111111 00000011 00000011 00000011 00000011*
L0124780 11110011 00000011 00000011 00000011 000000*
L0124818 111110 000000 000000 000000 000000*
L0124848 00000011 00000011 00000011 00000011 00000011*
L0124888 00000011 00000011 00000011 00000011 000000*
L0124926 000000 000000 000000 000000 000000*
L0124956 00000011 00000011 00000011 00000011 00000011*
L0124996 00001011 00000011 00001011 00000011 000000*
L0125034 000000 000000 000000 000000 000000*
L0125064 00000011 00000011 00000011 00000011 00000011*
L0125104 00000011 00000011 00000011 00000011 000000*
L0125142 000000 000000 000000 000000 000000*
L0125172 00000011 00000011 00000011 00000011 00000011*
L0125212 00000011 00000011 00000011 00000011 000000*
L0125250 000000 000000 001000 000000 000000*
L0125280 00000011 00000011 00000011 00000011 00000011*
L0125320 00000011 00000011 00000011 00000011 000000*
L0125358 000000 000000 000000 000000 000000*
L0125388 00000011 01000011 00000011 00000011 00000011*
L0125428 00000011 00000011 00000011 00000011 000000*
L0125466 000000 000000 100100 000000 000000*
L0125496 00000011 00000011 00000011 00000011 00000011*
L0125536 00000011 00000011 00000011 00000011 000000*
L0125574 000000 000000 000000 000000 000000*
L0125604 00000011 10010111 00000011 00000011 00000011*
L0125644 00000011 00000011 00000011 00000011 000000*
L0125682 000000 000000 010010 000000 000000*
L0125712 00000000 00000000 00000000 00000000 00000000*
L0125752 00000000 10000000 00000000 00000000 000000*
L0125790 000000 000000 000000 000000 000000*
L0125820 00000000 00000000 00000000 00000000 00000001*
L0125860 00000000 00000000 00000001 00000001 000000*
L0125898 000000 000000 000000 000000 000000*
L0125928 00000000 00000000 00000000 00000000 00000000*
L0125968 00000000 00000000 00000000 00000000 000000*
L0126006 000000 000000 000000 000000 000000*
L0126036 00000011 00000000 10000000 00000011 00000000*
L0126076 00000000 00000011 00000000 00000001 000000*
L0126114 000000 000000 000000 000000 000000*
L0126144 00000011 00000000 00000000 00000011 00000000*
L0126184 00000000 00000011 00000000 00000000 000000*
L0126222 000000 000000 000000 000000 000000*
L0126252 00000001 00000011 00000011 00000011 00000011*
L0126292 00000011 00000010 00000011 00000111 000001*
L0126330 000001 000001 000001 000001 000001*
L0126360 01111111 00000011 10000011 00000011 10000010*
L0126400 11100011 00000011 00000011 00000010 000000*
L0126438 110000 000000 000000 000000 000001*
L0126468 10000001 00000011 00000011 10000011 00000011*
L0126508 00010011 00000011 00000010 00000011 000000*
L0126546 001110 000000 000000 000001 000000*
L0126576 00000011 00000011 00000011 00000011 00000011*
L0126616 00000011 00000011 00000011 00000010 000000*
L0126654 000000 100000 000000 000000 000000*
L0126684 00000001 00000011 00000011 00000011 00000011*
L0126724 00000011 00000011 00000010 00000011 000000*
L0126762 000000 000000 000000 000000 000000*
L0126792 00000011 00000011 00000011 00000011 00000011*
L0126832 00000011 00000011 00000011 00000011 000000*
L0126870 000000 000000 000000 000000 000000*
L0126900 00000011 00100011 00000011 00000011 00000011*
L0126940 00000011 00000011 01000010 00000010 000000*
L0126978 000000 000000 000000 000000 000000*
L0127008 00000011 00000011 00000011 00000011 00000011*
L0127048 00000011 00000011 00000011 00000010 000000*
L0127086 000000 000000 000000 000000 000000*
L0127116 00000001 00001011 00000011 00000011 00000011*
L0127156 00000011 00000011 00100011 00000011 000000*
L0127194 000000 000000 000000 000000 000000*
L0127224 11111100 00000000 10000000 10000000 10000000*
L0127264 11110000 00000000 00000000 00000000 000000*
L0127302 111110 000000 000000 000000 000000*
L0127332 00000011 00000000 00000000 00000011 00000000*
L0127372 00000000 00000011 00000000 00000101 000000*
L0127410 000000 000000 000000 000000 000000*
L0127440 00000011 00000011 00000011 00000011 00000011*
L0127480 00000011 01000011 00000011 00000011 000000*
L0127518 000000 000000 000000 000000 000000*
L0127548 00000011 00000011 00000011 00000011 00000011*
L0127588 00000011 00000011 00000011 00000011 000000*
L0127626 000000 000000 000000 000000 000000*
L0127656 11111111 00000011 10000011 10000011 10000011*
L0127696 11110011 00000011 00000011 00000011 000000*
L0127734 111110 000000 000000 000000 000000*
L0127764 00000011 00000011 00000011 00000011 00000011*
L0127804 00000011 00000011 00000011 00000011 000001*
L0127842 000000 000000 000000 000000 000000*
L0127872 00000011 00000011 00000011 00000011 00000011*
L0127912 00000011 00000011 00000011 00000011 000000*
L0127950 000000 010000 000000 000000 000000*
L0127980 00000011 00000011 00000011 00000011 00000011*
L0128020 00000011 00000011 00000011 00000011 000000*
L0128058 000000 000000 000000 000000 000000*
L0128088 00000011 00000011 00000011 00000011 00000011*
L0128128 00000011 00000011 00000011 00000011 000000*
L0128166 000000 000000 000000 000000 000000*
L0128196 00000011 00000011 00000011 00000011 00000010*
L0128236 00000111 00000011 00000110 00000010 000000*
L0128274 000000 000000 000000 000000 000000*
L0128304 00000000 00000000 00000000 00000000 00000001*
L0128344 00000000 00100000 00000001 00000001 000000*
L0128382 000000 000000 000000 000000 000000*
L0128412 00000000 00000000 00000000 00000000 00000001*
L0128452 00000000 00000000 00000001 00000001 000000*
L0128490 000000 000000 000000 000000 000000*
L0128520 00000111 00000011 00000011 10000011 10000011*
L0128560 00010011 00000011 00000011 00000011 000000*
L0128598 001110 000000 000000 000000 000000*
L0128628 11111011 00000011 10000011 00000011 00000011*
L0128668 11100011 00000011 00000011 00000011 000000*
L0128706 110000 000000 000001 000000 000000*
L0128736 00000011 00000011 00000011 00000011 00000011*
L0128776 00000011 00000011 00000011 00000011 000000*
L0128814 000000 000000 000000 000000 000000*
L0128844 00000011 00000000 00000000 10000011 00000001*
L0128884 00000000 00000010 00000001 00000001 000000*
L0128922 000000 000000 000000 000000 000000*
L0128952 00000000 00000011 00000011 00000000 00000011*
L0128992 00000011 00000001 00000011 00000011 000000*
L0129030 000000 001000 000000 000000 000000*
L0129060 00000011 00000011 00000011 00000011 00000011*
L0129100 00000011 00000011 00000011 00000011 000000*
L0129138 000000 000000 000000 000000 000000*
L0129168 11111101 00000000 10000000 10000011 10000000*
L0129208 11110000 00000011 00000000 00000001 000000*
L0129246 111110 000000 000000 000000 000000*
L0129276 00000010 00000011 00000011 00000000 00000011*
L0129316 00000011 00000000 00000011 00000010 000000*
L0129354 000001 000000 000000 000000 000000*
L0129384 00000011 00000011 00000011 00000011 00000011*
L0129424 00000011 00010011 00000011 00000011 000000*
L0129462 000000 000000 000000 000000 000000*
L0129492 00000011 00000011 00000011 00000011 00000011*
L0129532 00000011 00000011 00000011 00000011 000000*
L0129570 000000 000000 000000 000000 000000*
L0129600 00000011 00000011 00000011 00000011 00000011*
L0129640 00000011 00000011 00000011 00000011 000000*
L0129678 000000 000100 000000 000000 000000*
L0129708 00000011 00000000 00000000 00000011 00000000*
L0129748 00000000 00000011 00000000 00000001 000000*
L0129786 000000 000000 000000 000000 000000*
L0129816 00000000 00000000 00000000 00000000 00000000*
L0129856 00000000 00000000 00000000 00001000 000000*
L0129894 000000 000000 000000 000000 000000*
L0129924 00000000 00000000 00000000 00000000 00000000*
L0129964 00001000 00000000 00000000 00000000 000000*
L0130002 000000 000000 000000 000000 000000*
L0130032 00000001 00000000 00000000 00000011 00000000*
L0130072 00000000 00001010 00000000 00001000 000000*
L0130110 000000 000000 000000 000000 000000*
L0130140 00000001 00000011 00000011 00000011 00000010*
L0130180 00000011 00000011 00001010 00000010 000000*
L0130218 000000 000000 000000 000000 000000*
L0130248 00000001 00000011 10000011 00000011 10000011*
L0130288 11100011 00000011 00000010 00000010 000000*
L0130326 110000 000000 000000 000001 000000*
L0130356 11111111 00000001 00000011 10000011 00000011*
L0130396 00010010 00000000 00000011 00000011 000000*
L0130434 001110 000000 000001 000000 000001*
L0130464 00000011 00000001 00000001 00000001 00000011*
L0130504 00000011 00000000 00000001 00000001 000000*
L0130542 000000 000000 000000 000000 000000*
L0130572 00000000 00000011 00000011 00000010 00000010*
L0130612 00000010 00000001 00000001 00001011 000000*
L0130650 000000 000000 000000 000000 000000*
L0130680 00000001 00000001 00000001 00000011 00000011*
L0130720 00000011 00000000 00000011 00000011 000000*
L0130758 000000 000000 000000 000000 000000*
L0130788 00000011 00000001 00000111 00000000 00000011*
L0130828 00000011 00000001 00000011 00000001 000000*
L0130866 000000 000000 000000 000000 000000*
L0130896 00000011 00000011 00000101 00000000 00000011*
L0130936 00000010 00000001 00000011 00000011 000000*
L0130974 000000 000000 000000 000000 000000*
L0131004 00000001 00000011 00000011 00000011 00000010*
L0131044 00000110 00000001 00000001 00000011 000000*
L0131082 000000 000000 000000 000000 000000*
L0131112 11111100 00000011 10000011 10000010 10000011*
L0131152 11110011 00000011 00000011 00000011 000000*
L0131190 111110 000000 000000 000000 000000*
L0131220 00000001 00000011 00000011 00000010 00000011*
L0131260 00000011 00000001 00000011 00000011 000000*
L0131298 000000 000001 000000 000000 000000*
L0131328 00000011 00000001 00000011 00000000 00000011*
L0131368 00000011 00000001 00000011 00000011 000000*
L0131406 000000 000000 000000 000000 000000*
L0131436 00000000 00000011 00000011 00000010 10000011*
L0131476 00000010 00000001 00000001 00000011 000000*
L0131514 000000 000000 000000 000000 000000*
L0131544 00000001 00000011 00000111 00000010 00000010*
L0131584 00000010 00000111 00000011 00000011 000000*
L0131622 000000 000000 000000 000000 000000*
L0131652 00000001 00000001 00000011 00000011 00000011*
L0131692 00000011 00000011 00000111 00000011 000000*
L0131730 000000 000000 000000 000000 000000*
L0131760 00000011 00000011 00000011 00000011 00000011*
L0131800 00000011 00000001 00000011 00000011 000000*
L0131838 000000 000000 000000 000000 000000*
L0131868 00000011 00000011 00000011 00000011 00000011*
L0131908 00000011 00000011 00000011 00000011 000000*
L0131946 000000 000000 000000 000000 000000*
L0131976 00000011 00000011 00000011 00000011 00000011*
L0132016 00000011 00000011 00000011 00000011 000000*
L0132054 000000 000000 000000 000000 000000*
L0132084 00000011 00000011 00000011 00000011 00000011*
L0132124 00000011 00000011 10010011 00000011 000000*
L0132162 000000 000000 000000 000000 000000*
L0132192 11011001 0010001 1111111 1110000 1101001*
L0132228 11011001 0010001 1111111 1110000 1101001*
L0132264 11011001 0010001 1111111 1110000 1101001*
L0132300 11011001 0110001 1111111 1110000 1101001*
L0132336 11111001 0010001 1111111 1110000 1101001*
L0132372 11011001 0010001 1111111 1110000 1101001*
L0132408 11011001 0010101 1111111 1110000 1101001*
L0132444 11011001 0010001 1111111 1110000 1101001*
L0132480 11011001 0010001 1111111 1110000 1101001*
L0132516 11011001 0010001 1111111 1110000 1101001*
L0132552 11011001 0010001 1111111 1110000 1101001*
L0132588 11011001 0010001 1111111 1110000 1101001*
L0132624 11011001 0010001 1111111 1110000 1101001*
L0132660 11011001 0010001 1111111 1110000 1101001*
L0132696 11011001 0010001 1111111 1110000 1101001*
L0132732 11011001 0010001 1111111 1110000 1101001*
L0132768 11011001 0010001 1111111 1110000 1101001*
L0132804 11011001 0010001 1111111 1110000 1101001*
L0132840 11011001 0010001 1111111 1110000 1101001*
L0132876 11011001 0010001 1111111 1110000 1101001*
L0132912 11011001 0010001 1111111 1110000 1101001*
L0132948 11011001 0010001 1111111 1110001 1101001*
L0132984 11011001 0010001 1111111 1110000 1101001*
L0133020 11011001 0010001 1111111 1110000 1101011*
L0133056 11011001 0010001 1111111 1110000 1101001*
L0133092 11011001 0010001 1111111 1110000 1101001*
L0133128 11011001 0010001 1111111 1110000 1101001*
L0133164 11011001 0010001 1111111 1110000 1101001*
L0133200 11011001 0010001 1111111 1110000 1101001*
L0133236 11011001 0010001 1111111 1110000 1101001*
L0133272 11011001 0010001 1111111 1110000 1101001*
L0133308 11011001 0010001 1111111 1110000 1101001*
L0133344 11011001 0010001 1111111 1110000 1101001*
L0133380 11011001 0010001 1111111 1110000 1101001*
L0133416 11011001 0010001 1111111 1110000 1101001*
L0133452 11011001 0010001 1111111 1110000 1101001*
L0133488 11011001 0010001 1111111 1110000 1101001*
L0133524 11011001 0010001 1111111 1110000 1101001*
L0133560 11011001 0010001 1111111 1110000 1101001*
L0133596 11011001 0010001 1111111 1110000 1101001*
L0133632 11011001 0010001 1111111 1110000 1101001*
L0133668 11011001 0010001 1111111 1110000 1101001*
L0133704 11011001 0010001 1111111 1110000 1101001*
L0133740 11011001 0010001 1111111 1110000 1101001*
L0133776 11011001 0010001 1111111 1110000 1101001*
L0133812 11011001 0010001 1111111 1110000 1101001*
L0133848 11011001 0010001 1111111 1110000 1101001*
L0133884 11011001 0010001 1111111 1110000 1101001*
L0133920 11011001 0010001 1111111 1110000 1101001*
L0133956 11011001 0010001 1111111 1110000 1101001*
L0133992 11011001 0010001 1111111 1110000 1101001*
L0134028 11011001 0010001 1111111 1110000 1101001*
L0134064 11011001 0010001 1111111 1110000 1101001*
L0134100 11011001 0010001 1111111 1110000 1101001*
L0134136 11011001 0010001 1111111 1110000 1101001*
L0134172 11011001 0010001 1111111 1110000 1101001*
L0134208 11011001 0010001 1111111 1110000 1101001*
L0134244 11011001 0010001 1111111 1110000 1101001*
L0134280 11011001 0010001 1111111 1110000 1101001*
L0134316 11011001 0010001 1111111 1110000 1101001*
L0134352 11011001 0010001 1111111 1110000 1101001*
L0134388 11011001 0010001 1111111 1110000 1101001*
L0134424 11011001 0010001 1111111 1110000 1101001*
L0134460 11011001 0010001 1111111 1110000 1101001*
L0134496 11011001 0010001 1111111 1110000 1101001*
L0134532 11011001 0010001 1111111 1110000 1101001*
L0134568 11011001 0010001 1111111 1110000 1101001*
L0134604 11011001 0010001 1111111 1110000 1101001*
L0134640 11011001 0010001 1111111 1110000 1101001*
L0134676 11011001 0010001 1111111 1110000 1101001*
L0134712 11011001 0010001 1111111 1110000 1101001*
L0134748 11011001 0010001 1111111 1110000 1101001*
L0134784 11011001 0010001 1111111 1110000 1101001*
L0134820 11011001 0010001 1111111 1110000 1101001*
L0134856 11011001 0010001 1111111 1110000 1101001*
L0134892 11011001 0010001 1111111 1110000 1101001*
L0134928 11011001 0010001 1111111 1110000 1101001*
L0134964 11011001 0010001 1111111 1110000 1101001*
L0135000 11011001 0010001 1111111 1110000 1101001*
L0135036 11011001 0010001 1111111 1110000 1101001*
L0135072 11011001 0010001 1111111 1110000 1101001*
L0135108 11011001 0010001 1111111 1110000 1101001*
L0135144 11011001 0010001 1111111 1110000 1101001*
L0135180 11011001 0010001 1111111 1110000 1101001*
L0135216 11011001 0010001 1111111 1110000 1101001*
L0135252 11011001 0010001 1111111 1110000 1101001*
L0135288 11011001 0010001 1111111 1110000 1101001*
L0135324 11011001 0010001 1111111 1110000 1101001*
L0135360 11011001 0010001 1111111 1110000 1101001*
L0135396 11011001 0010001 1111111 1111000 1101001*
L0135432 11011001 0010001 1111111 1110000 1101001*
L0135468 11011001 0010001 1111111 1110000 1101001*
L0135504 11011001 0010001 1111111 1110000 1101001*
L0135540 11011001 0010001 1111111 1110000 1101001*
L0135576 11011001 0010001 1111111 1110000 1101001*
L0135612 11011001 0010001 1111111 1110000 1101001*
L0135648 11011001 0010001 1111111 1110000 1101001*
L0135684 11011001 0010001 1111111 1110000 1101001*
L0135720 11011001 0010001 1111111 1110000 1101001*
L0135756 11011001 1010001 1111111 1110000 1101001*
L0135792 11011001 0010001 1111111 1110000 1101001*
L0135828 11011001 0010001 1111111 1110000 1101001*
L0135864 11011001 0010001 1111111 1110000 1101001*
L0135900 11011001 0010001 1111111 1110000 1101001*
L0135936 11011001 0010001 1111111 1110000 1101001*
L0135972 11011001 0010001 1111111 1110000 1101001*
L0136008 11011001 0010001 1111111 1110000 1101001*
L0136044 11011001 0010001 1111111 1110000 1101001*
L0136080 11011001 0010001 1111111 1110000 1101001*
L0136116 11011001 0010001 1111111 1110000 1101001*
L0136152 11011001 0010001 1111111 1110000 1101001*
L0136188 11011001 0010001 1111111 1110000 1111001*
L0136224 11011001 0010001 1111111 1110000 1101001*
L0136260 11011001 0010001 1111111 1110000 1101001*
L0136296 11011001 0010001 1111111 1110000 1101001*
L0136332 11011001 0010001 1111111 1110000 1101001*
L0136368 11011001 0010001 1111111 1110000 1101001*
L0136404 11011011 0010001 1111111 1110000 1101001*
L0136440 11011001 0010001 1111111 1110000 1101001*
L0136476 11011001 0010001 1111111 1110000 1101001*
L0136512 11011101 0010001 1111111 1110000 1101001*
L0136548 11011001 0010001 1111111 1110000 1101001*
L0136584 11011001 0010001 1111111 1110000 1101001*
L0136620 11011001 0010001 1111111 1110000 1101001*
L0136656 11011001 0010001 1111111 1110000 1101001*
L0136692 11011001 0010001 1111111 1110000 1101001*
L0136728 11011001 0010001 1111111 1110000 1101001*
L0136764 11011001 0010001 1111111 1110000 1101001*
L0136800 11011001 0010001 1111111 1110000 1101001*
L0136836 11011001 0010001 1111111 1110000 1101001*
L0136872 11011001 0010001 1111111 1110000 1101001*
L0136908 11011001 0010001 1111111 1110000 1101001*
L0136944 11011001 0010001 1111111 1110000 1101001*
L0136980 11011001 0010001 1111111 1110000 1101001*
L0137016 11011001 0010001 1111111 1110000 1101001*
L0137052 11011001 0010001 1111111 1110000 1101001*
L0137088 11011001 0010001 1111111 1110000 1101001*
L0137124 11011001 0010001 1111111 1110000 1101001*
L0137160 11011001 0010001 1111111 1110000 1101001*
L0137196 11011001 0010001 1111111 1110000 1101001*
L0137232 11011001 0010001 1111111 1110000 1101001*
L0137268 11011001 0010001 1111111 1110000 1101001*
L0137304 11011001 0010001 1111111 1110000 1101001*
L0137340 11011001 0010001 1111111 1110000 1101001*
L0137376 11011001 0010001 1111111 1110000 1101001*
L0137412 11011001 0010001 1111111 1110000 1101001*
L0137448 11011001 0010001 1111111 1110000 1101001*
L0137484 11011001 0010001 1111111 1110000 1101001*
L0137520 11011001 0010001 1111111 1110000 1101001*
L0137556 11011001 0010001 1111111 1110000 1101001*
L0137592 11011001 0010001 1111111 1110000 1101001*
L0137628 11011001 0010001 1111111 1110000 1101001*
L0137664 11011001 0010001 1111111 1110000 1101001*
L0137700 11011001 0010001 1111111 1110000 1101001*
L0137736 11011001 0010001 1111111 1110000 1101001*
L0137772 11011001 0010001 1111111 1110000 1101001*
L0137808 11011001 0010001 1111111 1110000 1101001*
L0137844 11011001 0010001 1111111 1110000 1101001*
L0137880 11011001 0010001 1111111 1110000 1101001*
L0137916 11011001 0010001 1111111 1110000 1101001*
L0137952 11011001 0010001 1111111 1110000 1101001*
L0137988 11011001 0010001 1111111 1110000 1101001*
L0138024 11011001 0010001 1111111 1110010 1101001*
L0138060 11011001 0010001 1111111 1110000 1101001*
L0138096 11011001 0010001 1111111 1110000 1101001*
L0138132 11011001 0010001 1111111 1110000 1101001*
L0138168 11011001 0010001 1111111 1110000 1101001*
L0138204 11011001 0010001 1111111 1110000 1101001*
L0138240 11011001 0010001 1111111 1110000 1101001*
L0138276 11011001 0010001 1111111 1110000 1101001*
L0138312 11011001 0010001 1111111 1110000 1101001*
L0138348 11011001 0010001 1111111 1110000 1101001*
L0138384 11011001 0010001 1111111 1110000 1101001*
L0138420 11011001 0010001 1111111 1110000 1101001*
L0138456 11011001 0010001 1111111 1110000 1101001*
L0138492 11011001 0010001 1111111 1110000 1101001*
L0138528 11011001 0010001 1111111 1110000 1101001*
L0138564 11011001 0010001 1111111 1110000 1101001*
L0138600 11011001 0010001 1111111 1110000 1101001*
L0138636 11011001 0010001 1111111 1110000 1101001*
L0138672 11011001 0010001 1111111 1110100 1101001*
L0138708 11011001 0010001 1111111 1110000 1101001*
L0138744 11011001 0010001 1111111 1110000 1101001*
L0138780 11011001 0010001 1111111 1110000 1101101*
L0138816 11011001 0010001 1111111 1110000 1101001*
L0138852 11011001 0010001 1111111 1110000 1101001*
L0138888 11011001 0010011 1111111 1110000 1101001*
L0138924 11011001 0010001 1111111 1110000 1101001*
L0138960 11011001 0010001 1111111 1110000 1101001*
L0138996 11011001 0010001 1111111 1110000 1101001*
L0139032 11011001 0010001 1111111 1110000 1101001*
L0139068 11011001 0010001 1111111 1110000 1101001*
L0139104 11011001 0010001 1111111 1110000 1101001*
L0139140 11011001 0010001 1111111 1110000 1101001*
L0139176 11011001 0010001 1111111 1110000 1101001*
L0139212 11011001 0010001 1111111 1110000 1101001*
L0139248 11011001 0010001 1111111 1110000 1101001*
L0139284 11011001 0010001 1111111 1110000 1101001*
L0139320 11011001 0010001 1111111 1110000 1101001*
L0139356 11011001 0010001 1111111 1110000 1101001*
L0139392 11011001 0010001 1111111 1110000 1101001*
L0139428 11011001 0010001 1111111 1110000 1101001*
L0139464 11011001 0010001 1111111 1110000 1101001*
L0139500 11011001 0010001 1111111 1110000 1101001*
L0139536 11011001 0010001 1111111 1110000 1101001*
L0139572 11011001 0010001 1111111 1110000 1101001*
L0139608 11011001 0010001 1111111 1110000 1101001*
L0139644 11011001 0010001 1111111 1110000 1101001*
L0139680 11011001 0010001 1111111 1110000 1101001*
L0139716 11011001 0010001 1111111 1110000 1101001*
L0139752 11011001 0010001 1111111 1110000 1101001*
L0139788 11011001 0010001 1111111 1110000 1101001*
L0139824 11011001 0010001 1111111 1110000 1101001*
L0139860 11011001 0010001 1111111 1110000 1101001*
L0139896 11011001 0011001 1111111 1110000 1101001*
L0139932 11011001 0010001 1111111 1110000 1101001*
L0139968 00000011 00000011 00000011 00000011 00000011*
L0140008 00000011 00000011 00000011 00000011 000000*
L0140046 000000 000000 000000 000000 000000*
L0140076 00000011 00000011 00000011 00000011 00000011*
L0140116 00010011 00000011 00010011 00010011 000000*
L0140154 000100 000000 000100 000100 000000*
L0140184 00000011 00000011 00000011 00000011 00000011*
L0140224 00000011 00000011 00000011 00000011 000000*
L0140262 000000 000000 100000 000000 000000*
L0140292 00000011 00000011 01000011 01000111 01000011*
L0140332 00100011 01100011 01100011 01100011 011000*
L0140370 000000 001000 001000 100000 000000*
L0140400 00000011 00000011 00000011 00000011 00000011*
L0140440 00000011 00000011 00000011 00000011 000000*
L0140478 000000 000000 000000 000000 000000*
L0140508 00000011 00001011 00001011 00001011 00000011*
L0140548 00001011 00000011 00001011 00001011 000000*
L0140586 000000 000000 000000 000000 000000*
L0140616 00000011 00000011 00000011 00000011 00000011*
L0140656 00000011 00000011 00000011 00000011 000000*
L0140694 000000 000000 000000 000000 000000*
L0140724 00000011 00000011 00000011 00000011 00000011*
L0140764 00000011 00000011 00000011 00000011 000000*
L0140802 000000 000000 000000 000000 001000*
L0140832 00000011 00000011 00000011 00000011 00000011*
L0140872 00000011 00000011 00000011 00000011 000000*
L0140910 000000 000000 000000 000000 000000*
L0140940 00010011 00010011 00010011 00010011 00010011*
L0140980 00000011 00000011 00000011 00000011 000000*
L0141018 000000 000000 000000 001000 000000*
L0141048 00000011 00000011 00000011 00000011 00000011*
L0141088 00000011 00000011 00000011 00000011 000000*
L0141126 000000 000000 000000 100000 000000*
L0141156 00000011 10100011 00000011 00000011 00000011*
L0141196 00000011 00000011 00000011 00000011 000000*
L0141234 000000 000000 100000 000000 000000*
L0141264 00000001 00000001 00000000 00000000 00000000*
L0141304 00000000 00000000 00000010 00000000 000000*
L0141342 000000 000000 000000 000000 000000*
L0141372 00000000 00000000 00000001 00000000 00000101*
L0141412 00000001 00000000 00000001 00000000 000000*
L0141450 000000 000000 000000 000000 000000*
L0141480 11101101 00000000 00000000 00000001 00001100*
L0141520 00000000 00011100 00100010 11000000 000100*
L0141558 110000 000110 000000 000000 001001*
L0141588 00000010 00000010 00100010 00110010 00000010*
L0141628 00000010 00000011 00000000 00001011 000001*
L0141666 000001 000000 110000 110100 000010*
L0141696 00000011 00000001 00000010 00000011 00000000*
L0141736 00000010 00000011 00000010 00000001 000000*
L0141774 000000 000000 010000 000000 000000*
L0141804 00000000 00000010 00000001 00000100 00000011*
L0141844 00000001 00000000 00000001 00000010 000000*
L0141882 000000 000000 000000 010000 000000*
L0141912 01000111 00000001 00100010 00100011 00001100*
L0141952 00000010 00000010 00000010 00000011 000100*
L0141990 100001 000000 110000 110000 001001*
L0142020 10101000 00001010 11010001 00000000 00000011*
L0142060 00010001 00100000 00000001 00000100 000000*
L0142098 010000 000000 000000 000010 000000*
L0142128 00000011 00000001 00000011 00000011 00000001*
L0142168 00000010 00000011 00000010 00000011 110000*
L0142206 000000 000000 001000 000000 000000*
L0142236 10101100 00000010 00100010 00100000 00000010*
L0142276 00000011 00000010 00000001 00000000 000000*
L0142314 110001 000000 110000 110000 000000*
L0142344 00000011 00000011 00000011 00000011 00000011*
L0142384 00000011 00011111 00000011 00000011 000000*
L0142422 000000 000110 000000 000000 000000*
L0142452 00000011 00000000 00000010 00000010 00000000*
L0142492 00000010 00000011 00000011 00000001 000000*
L0142530 000000 000000 000000 000000 000000*
L0142560 00000011 00000001 00000011 00000011 00000001*
L0142600 00000010 00000011 00000010 00000011 000000*
L0142638 000000 000000 000000 000000 000000*
L0142668 00000011 00000111 00000001 00000011 00000011*
L0142708 00000001 00000010 00000011 00000010 000000*
L0142746 000000 000000 000000 000000 000000*
L0142776 11101101 00000000 00100000 00100000 00001100*
L0142816 00000000 00000000 00000010 00000000 000100*
L0142854 110001 000000 110000 110000 001001*
L0142884 00010011 00000010 00000010 00000011 00000010*
L0142924 00001110 11000011 00000010 00000011 000000*
L0142962 000110 001000 000000 000000 000000*
L0142992 00000011 00000011 00100011 00000011 00000011*
L0143032 00000011 00000011 00000011 00000011 000000*
L0143070 000000 000000 000000 000000 000000*
L0143100 00000011 00000011 01000011 01100111 01000011*
L0143140 00000011 01000011 01000011 01000011 010000*
L0143178 000000 000000 000000 000000 000000*
L0143208 00000011 00000011 00000011 00000011 00000011*
L0143248 00000011 00000011 00000011 00000011 000000*
L0143286 000000 000000 000000 000000 000000*
L0143316 00000011 00000011 00000011 00000011 00001011*
L0143356 00000011 00000011 00000011 00000011 000000*
L0143394 000000 000000 000000 000000 000000*
L0143424 00000011 00000011 00000011 00000011 00000011*
L0143464 00000011 00000011 00000011 00000011 000000*
L0143502 000000 000000 000000 000000 000000*
L0143532 00000011 00000011 00000011 00000011 00000011*
L0143572 00000011 00000011 00000011 00000011 000100*
L0143610 000000 000000 000000 000000 000000*
L0143640 00000011 00000011 00000011 00000011 00000011*
L0143680 00000011 00000011 00000011 00000011 000000*
L0143718 000000 000000 000000 000000 000000*
L0143748 00000010 00000010 00000010 00000011 00000010*
L0143788 00000010 00000011 00000000 00000011 000000*
L0143826 000000 000000 000000 000000 000001*
L0143856 00000001 00000001 00000001 00000000 00000001*
L0143896 00000001 00000000 00000011 00000000 000000*
L0143934 000000 000000 000000 000000 000000*
L0143964 00000001 00000001 11000001 11000000 11000001*
L0144004 00100001 11100000 11100011 11100000 111000*
L0144042 000000 001000 001000 000000 000000*
L0144072 11101111 00010011 00000011 00000011 00000011*
L0144112 00100011 00000011 11001111 00000011 000000*
L0144150 010001 000000 000110 000000 000000*
L0144180 00000011 00000011 00100011 00100011 00001111*
L0144220 00000011 00000011 00000011 00000011 000100*
L0144258 100000 000000 110000 110000 001001*
L0144288 00000011 00000001 00000011 00000011 00000001*
L0144328 00000011 00000011 00000011 00000001 000000*
L0144366 000000 000000 000000 000000 000000*
L0144396 00000001 00000001 11000011 11000100 11000001*
L0144436 00100001 11100000 11100011 11100001 111000*
L0144474 000000 001000 001000 000000 000000*
L0144504 00000011 00000011 00000001 00000011 00000011*
L0144544 00000011 00000011 00000011 00000010 000000*
L0144582 000000 000000 000000 010000 000000*
L0144612 00000011 00000011 00000011 00000011 00000011*
L0144652 00000011 00000011 00000011 00000011 000000*
L0144690 000000 100000 010000 000000 000100*
L0144720 00000010 00000010 00001110 11000011 00000010*
L0144760 00000010 00000011 00010000 00100011 000000*
L0144798 000000 000000 000001 001000 000000*
L0144828 11101101 00000001 00100001 00100000 00001101*
L0144868 00000001 00000000 00000011 00000000 000100*
L0144906 110001 000000 110000 110000 001001*
L0144936 00000011 00000011 00000011 00000011 00000011*
L0144976 00000011 00000011 00000011 00000011 000000*
L0145014 000000 000000 000000 000000 000000*
L0145044 00000011 00000011 00000011 00000011 00000011*
L0145084 11000011 00000011 00000011 00000011 000000*
L0145122 001000 000000 000000 000000 000000*
L0145152 00000011 00000011 00000011 00000011 00000011*
L0145192 00000011 00000011 00000011 00000011 000000*
L0145230 000000 000000 000000 000000 000000*
L0145260 00000011 00000110 00000010 00000011 00000010*
L0145300 00000010 00000011 00000010 00000011 000000*
L0145338 000000 000000 000000 000000 000000*
L0145368 00000000 00000000 00000000 00100000 00000000*
L0145408 00000000 00000000 00000000 00000000 000000*
L0145446 000000 000000 000000 000000 000000*
L0145476 00000000 00000000 00100000 00000000 00000000*
L0145516 00000000 00000000 00000000 00000000 000000*
L0145554 000000 010000 000000 000000 000000*
L0145584 00000000 00000000 00000000 00000000 00000000*
L0145624 00000000 00000000 00000000 00000000 000000*
L0145662 000000 000000 000000 000000 000000*
L0145692 01000000 00000000 00000000 00000000 00000000*
L0145732 00000000 00000000 00000000 00000000 000000*
L0145770 000000 000000 000000 000000 000000*
L0145800 00101100 00000000 00100010 00100000 00001100*
L0145840 00000010 00000010 00000000 00000000 000100*
L0145878 010001 000000 110000 110000 001001*
L0145908 11000011 00000011 00000011 00001001 11010010*
L0145948 00000011 00000000 00000001 00010011 001010*
L0145986 100000 000000 000000 000001 000000*
L0146016 00000010 00000011 00000011 00000001 00000010*
L0146056 00000011 00000000 00000011 00000001 000000*
L0146094 000000 000000 000000 000000 000000*
L0146124 00000000 01000001 00000011 00000001 00000010*
L0146164 00000111 00000001 00000111 00000101 000001*
L0146202 000000 000000 000001 000001 000000*
L0146232 00000001 00000001 00000001 00000010 00000011*
L0146272 00000011 00000000 00000011 00000011 000000*
L0146310 000000 000000 000000 000000 000000*
L0146340 00000011 00000001 00000011 00000001 00000010*
L0146380 00000011 00011101 00000011 00000001 000000*
L0146418 000000 000110 000000 000000 000000*
L0146448 00000011 00000011 00000011 00000000 00000011*
L0146488 00000011 00000000 00000001 00000001 000000*
L0146526 000000 000000 000000 000000 000000*
L0146556 00000001 00000011 00000011 00000110 00000011*
L0146596 00000011 00000001 00000001 00000011 000000*
L0146634 000000 000000 000000 000000 000000*
L0146664 00000001 00000011 00000011 00000000 00000011*
L0146704 00000011 00000001 00000011 00000011 000000*
L0146742 000000 000000 000000 000000 000000*
L0146772 00000011 00000001 00000011 00000010 00000011*
L0146812 00000011 00000011 00000001 00000001 000000*
L0146850 000000 000000 000000 000000 000000*
L0146880 00000011 00000001 00000011 00000000 00000011*
L0146920 00000011 00000011 00000011 00000001 000000*
L0146958 000000 000000 000000 000000 000000*
L0146988 00000001 00000011 00000011 00000011 00000011*
L0147028 00000011 00000011 00000011 00000011 000000*
L0147066 000000 000000 000000 000000 000000*
L0147096 00000011 00000001 00000011 00000001 00000010*
L0147136 00000010 00000011 00000011 00000011 000000*
L0147174 000000 000000 000000 000000 000000*
L0147204 00000001 00000001 00000011 00000011 00000011*
L0147244 00000011 00000011 00000011 00000011 000000*
L0147282 000000 000001 000000 000000 000000*
L0147312 00000011 00000011 00000011 00000011 00000011*
L0147352 00000011 00000001 00000011 00000011 000000*
L0147390 000000 000000 000000 000000 000000*
L0147420 00000011 00000011 00000011 00000011 00000011*
L0147460 00000011 00000011 00000011 00000011 000000*
L0147498 000000 000000 000000 000000 000000*
L0147528 00000011 00000011 00000011 00000011 00000011*
L0147568 00000011 00000011 00000011 00000011 000000*
L0147606 000000 000000 000000 000000 000000*
L0147636 00000011 00000011 00000111 00000011 00000011*
L0147676 00000011 00000011 00000011 00000011 000010*
L0147714 000010 000000 000010 000010 000010*
L0147744 11010101 1111101 1111011 1110011 1111101*
L0147780 11010101 1111101 1111011 1110011 1111101*
L0147816 11010101 1111101 1111011 1110011 1111101*
L0147852 11010101 1111101 1111011 1110011 1111101*
L0147888 11010101 1111101 1111011 1110011 1111101*
L0147924 11010101 1111101 1111011 1110011 1111101*
L0147960 11010101 1111101 1111011 1110011 1111101*
L0147996 11010101 1111101 1111011 1110011 1111101*
L0148032 11010101 1111101 1111011 1110011 1111101*
L0148068 11010101 1111101 1111011 1110011 1111101*
L0148104 11010101 1111101 1111011 1110011 1111101*
L0148140 11010101 1111101 1111011 1110011 1111101*
L0148176 11010101 1111101 1111011 1110011 1111101*
L0148212 11010101 1111101 1111011 1110011 1111111*
L0148248 11010101 1111101 1111011 1110011 1111101*
L0148284 11010101 1111101 1111011 1110011 1111101*
L0148320 11010101 1111101 1111011 1110011 1111101*
L0148356 11010101 1111101 1111011 1110011 1111101*
L0148392 11011101 1111101 1111011 1110011 1111101*
L0148428 11010101 1111101 1111011 1110011 1111101*
L0148464 11010101 1111101 1111011 1110011 1111101*
L0148500 11010101 1111101 1111011 1110011 1111101*
L0148536 11010101 1111101 1111011 1110011 1111101*
L0148572 11010101 1111101 1111011 1110011 1111101*
L0148608 11010101 1111101 1111011 1110011 1111101*
L0148644 11010101 1111101 1111011 1110011 1111101*
L0148680 11010101 1111101 1111011 1110011 1111101*
L0148716 11010101 1111101 1111011 1110011 1111101*
L0148752 11010101 1111101 1111011 1110011 1111101*
L0148788 11010101 1111101 1111011 1110011 1111101*
L0148824 11010101 1111101 1111011 1110011 1111101*
L0148860 11010101 1111101 1111011 1110011 1111101*
L0148896 11010101 1111101 1111011 1110011 1111101*
L0148932 11011101 1111101 1111011 1110011 1111101*
L0148968 11010101 1111101 1111011 1110011 1111101*
L0149004 11010101 1111101 1111011 1110011 1111101*
L0149040 11010111 1111101 1111011 1110011 1111101*
L0149076 11010101 1111101 1111011 1110011 1111101*
L0149112 11010101 1111101 1111011 1110011 1111101*
L0149148 11010101 1111101 1111011 1110011 1111101*
L0149184 11010101 1111101 1111011 1110011 1111101*
L0149220 11010101 1111101 1111011 1110011 1111101*
L0149256 11010101 1111101 1111011 1110011 1111101*
L0149292 11010101 1111101 1111011 1110011 1111101*
L0149328 11010101 1111101 1111011 1110011 1111101*
L0149364 11010111 1111101 1111011 1110011 1111101*
L0149400 11010101 1111101 1111011 1110011 1111101*
L0149436 11010101 1111101 1111011 1110011 1111101*
L0149472 11010111 1111101 1111011 1110011 1111101*
L0149508 11010101 1111101 1111011 1110011 1111101*
L0149544 11010101 1111101 1111011 1110011 1111101*
L0149580 11010111 1111101 1111011 1110011 1111101*
L0149616 11010101 1111101 1111011 1110011 1111101*
L0149652 11010101 1111101 1111011 1110011 1111101*
L0149688 11010101 1111101 1111011 1110011 1111101*
L0149724 11010101 1111101 1111011 1110011 1111101*
L0149760 11010101 1111101 1111011 1110011 1111101*
L0149796 11010101 1111101 1111011 1110011 1111101*
L0149832 11010101 1111101 1111011 1110011 1111101*
L0149868 11010101 1111101 1111011 1110011 1111101*
L0149904 11010101 1111101 1111011 1110011 1111101*
L0149940 11010101 1111101 1111011 1110011 1111101*
L0149976 11010101 1111101 1111011 1110011 1111101*
L0150012 11010101 1111101 1111011 1110011 1111101*
L0150048 11010101 1111101 1111011 1110011 1111101*
L0150084 11010101 1111101 1111011 1110011 1111101*
L0150120 11010101 1111101 1111011 1110011 1111101*
L0150156 11010101 1111101 1111011 1110011 1111101*
L0150192 11010101 1111101 1111111 1110011 1111101*
L0150228 11010101 1111101 1111011 1110011 1111101*
L0150264 11010101 1111101 1111111 1110011 1111101*
L0150300 11010101 1111101 1111011 1110011 1111101*
L0150336 11010111 1111101 1111011 1110011 1111101*
L0150372 11010101 1111101 1111011 1110011 1111101*
L0150408 11010101 1111101 1111011 1110011 1111101*
L0150444 11010111 1111101 1111011 1110011 1111101*
L0150480 11010101 1111101 1111011 1110011 1111101*
L0150516 11010101 1111101 1111011 1110011 1111101*
L0150552 11010111 1111101 1111011 1110011 1111101*
L0150588 11010101 1111101 1111011 1110011 1111101*
L0150624 11010101 1111101 1111011 1110011 1111101*
L0150660 11010111 1111101 1111011 1110011 1111101*
L0150696 11010101 1111101 1111011 1110011 1111101*
L0150732 11010101 1111101 1111011 1110011 1111101*
L0150768 11010111 1111101 1111011 1110011 1111101*
L0150804 11010101 1111101 1111011 1110011 1111101*
L0150840 11010101 1111101 1111011 1110011 1111101*
L0150876 11010111 1111101 1111011 1110011 1111101*
L0150912 11010101 1111101 1111011 1110011 1111101*
L0150948 11010101 1111101 1111011 1110011 1111101*
L0150984 11010101 1111101 1111011 1110011 1111101*
L0151020 11010101 1111101 1111011 1110011 1111101*
L0151056 11010101 1111101 1111011 1110011 1111101*
L0151092 11010101 1111101 1111011 1110011 1111101*
L0151128 11010101 1111101 1111011 1110011 1111101*
L0151164 11010101 1111101 1111011 1110011 1111101*
L0151200 11010101 1111101 1111011 1110011 1111101*
L0151236 11010101 1111101 1111011 1110011 1111101*
L0151272 11010101 1111101 1111011 1110011 1111101*
L0151308 11110101 1111101 1111011 1110011 1111101*
L0151344 11010101 1111101 1111011 1110011 1111101*
L0151380 11010101 1111101 1111011 1110011 1111101*
L0151416 11010101 1111101 1111011 1110011 1111101*
L0151452 11010101 1111101 1111011 1110011 1111101*
L0151488 11010101 1111101 1111011 1110011 1111101*
L0151524 11010101 1111111 1111011 1110011 1111101*
L0151560 11010101 1111101 1111011 1110011 1111101*
L0151596 11010101 1111101 1111011 1110011 1111101*
L0151632 11010101 1111101 1111011 1110011 1111101*
L0151668 11010101 1111101 1111011 1110011 1111101*
L0151704 11010101 1111101 1111011 1110011 1111101*
L0151740 11010101 1111101 1111011 1110011 1111101*
L0151776 11010101 1111101 1111011 1110011 1111101*
L0151812 11010101 1111101 1111011 1110011 1111101*
L0151848 11010101 1111101 1111011 1110011 1111101*
L0151884 11010101 1111101 1111011 1110011 1111101*
L0151920 11010101 1111101 1111011 1110011 1111101*
L0151956 11010101 1111101 1111011 1110011 1111101*
L0151992 11010101 1111101 1111011 1110011 1111101*
L0152028 11010101 1111101 1111011 1110011 1111101*
L0152064 11010101 1111101 1111011 1110011 1111101*
L0152100 11010101 1111101 1111011 1110011 1111101*
L0152136 11010101 1111101 1111011 1110011 1111101*
L0152172 11010101 1111101 1111011 1110011 1111101*
L0152208 11010101 1111101 1111011 1110011 1111101*
L0152244 11010101 1111101 1111011 1111011 1111101*
L0152280 11010101 1111101 1111011 1110011 1111101*
L0152316 11010101 1111101 1111011 1110011 1111101*
L0152352 11010101 1111101 1111011 1110011 1111101*
L0152388 11010101 1111101 1111011 1110011 1111101*
L0152424 11010101 1111101 1111011 1110011 1111101*
L0152460 11010101 1111101 1111011 1110011 1111101*
L0152496 11010101 1111101 1111011 1110011 1111101*
L0152532 11010101 1111101 1111011 1110011 1111101*
L0152568 11010101 1111101 1111011 1110011 1111101*
L0152604 11010101 1111101 1111011 1110011 1111101*
L0152640 11010101 1111101 1111011 1110011 1111101*
L0152676 11010101 1111101 1111011 1110011 1111101*
L0152712 11010101 1111101 1111011 1110011 1111101*
L0152748 11010101 1111101 1111011 1110011 1111101*
L0152784 11010101 1111101 1111011 1110011 1111101*
L0152820 11010101 1111101 1111011 1110011 1111101*
L0152856 11010101 1111101 1111011 1110011 1111101*
L0152892 11010101 1111101 1111011 1110011 1111101*
L0152928 11010101 1111101 1111011 1110011 1111101*
L0152964 11010101 1111101 1111011 1110011 1111101*
L0153000 11010101 1111101 1111011 1110011 1111101*
L0153036 11010101 1111101 1111011 1110011 1111101*
L0153072 11010101 1111101 1111011 1110011 1111101*
L0153108 11010101 1111101 1111011 1110011 1111101*
L0153144 11010101 1111101 1111011 1110011 1111101*
L0153180 11010101 1111101 1111011 1110011 1111101*
L0153216 11010101 1111101 1111011 1110011 1111101*
L0153252 11010101 1111101 1111011 1110011 1111101*
L0153288 11010101 1111101 1111011 1110011 1111101*
L0153324 11010101 1111101 1111011 1110011 1111101*
L0153360 11010101 1111101 1111011 1110011 1111101*
L0153396 11010101 1111101 1111011 1110011 1111101*
L0153432 11010101 1111101 1111011 1110011 1111101*
L0153468 11010101 1111101 1111011 1110011 1111101*
L0153504 11010101 1111101 1111011 1110011 1111101*
L0153540 11010101 1111101 1111011 1110011 1111101*
L0153576 11010101 1111101 1111011 1110011 1111101*
L0153612 11010101 1111101 1111011 1110011 1111101*
L0153648 11010101 1111101 1111011 1110011 1111101*
L0153684 11010101 1111101 1111011 1110011 1111101*
L0153720 11010101 1111101 1111011 1110011 1111101*
L0153756 11010101 1111101 1111011 1110011 1111101*
L0153792 11010101 1111101 1111011 1110011 1111101*
L0153828 11010101 1111101 1111011 1110011 1111101*
L0153864 11010101 1111101 1111011 1110011 1111101*
L0153900 11010101 1111101 1111011 1110011 1111101*
L0153936 11010101 1111101 1111011 1110011 1111101*
L0153972 11010101 1111101 1111011 1110011 1111101*
L0154008 11010101 1111101 1111011 1110011 1111101*
L0154044 11010101 1111101 1111011 1110011 1111101*
L0154080 11010101 1111101 1111011 1110011 1111101*
L0154116 11010101 1111101 1111011 1110011 1111101*
L0154152 11010101 1111101 1111011 1110011 1111101*
L0154188 11010101 1111101 1111011 1110011 1111101*
L0154224 11010101 1111101 1111011 1110011 1111101*
L0154260 11010101 1111101 1111011 1110011 1111101*
L0154296 11010101 1111101 1111011 1110011 1111101*
L0154332 11010101 1111101 1111011 1110011 1111101*
L0154368 11010101 1111101 1111011 1110011 1111101*
L0154404 11010101 1111101 1111011 1110011 1111101*
L0154440 11010101 1111101 1111011 1110011 1111101*
L0154476 11010101 1111101 1111011 1110011 1111101*
L0154512 11010101 1111101 1111011 1110011 1111101*
L0154548 11010101 1111101 1111011 1110011 1111101*
L0154584 11010101 1111101 1111011 1110011 1111101*
L0154620 11010101 1111101 1111011 1110011 1111101*
L0154656 11010101 1111101 1111011 1110011 1111101*
L0154692 11010101 1111101 1111011 1110011 1111101*
L0154728 11010101 1111101 1111011 1110011 1111101*
L0154764 11010101 1111101 1111011 1110011 1111101*
L0154800 11010101 1111101 1111011 1110011 1111101*
L0154836 11010101 1111101 1111011 1110011 1111101*
L0154872 11010101 1111101 1111011 1110011 1111101*
L0154908 11010101 1111101 1111011 1110011 1111101*
L0154944 11010101 1111101 1111011 1110011 1111101*
L0154980 11010101 1111101 1111011 1110111 1111101*
L0155016 11010101 1111101 1111011 1110011 1111101*
L0155052 11010101 1111101 1111011 1110011 1111101*
L0155088 11010101 1111101 1111011 1110011 1111101*
L0155124 11010101 1111101 1111011 1110011 1111101*
L0155160 11010101 1111101 1111011 1110011 1111101*
L0155196 11010101 1111101 1111011 1110011 1111101*
L0155232 11010101 1111101 1111011 1110011 1111101*
L0155268 11010101 1111101 1111011 1110011 1111101*
L0155304 11010101 1111101 1111011 1110011 1111101*
L0155340 11010101 1111101 1111011 1110011 1111101*
L0155376 11010101 1111101 1111011 1110011 1111101*
L0155412 11010101 1111101 1111011 1110011 1111101*
L0155448 11010101 1111101 1111011 1110011 1111101*
L0155484 11010111 1111101 1111011 1110011 1111101*
L0155520 00000011 00000011 00000011 00000011 00000011*
L0155560 00000011 00000011 00000011 00000011 000000*
L0155598 000000 000000 000000 000000 000000*
L0155628 11111111 00000011 00000011 00000011 00000011*
L0155668 11111111 00000011 00000011 00000011 000000*
L0155706 001111 000000 000000 000000 000000*
L0155736 00000011 00000011 00000011 00000011 00000011*
L0155776 00000011 10000011 00000011 00000011 000000*
L0155814 000000 000000 000000 000000 000000*
L0155844 00000011 00000011 00000011 00000011 00000011*
L0155884 00000011 00000011 00000011 00000011 000000*
L0155922 000000 000000 000000 000000 000000*
L0155952 00000011 00000011 00000011 00000011 00000011*
L0155992 00000011 00000011 00000011 00000011 000000*
L0156030 000000 000000 000000 100000 000000*
L0156060 00000011 00000011 00000011 00000011 00000011*
L0156100 00000011 00000011 00000011 00000011 000000*
L0156138 100000 000000 000000 000000 000000*
L0156168 00000011 00000011 00000011 00000011 00000011*
L0156208 00000011 00000011 00000011 00000011 000000*
L0156246 000000 000000 000000 000000 000000*
L0156276 00000011 00010011 00000011 00000011 00000011*
L0156316 00000011 00000011 00000011 00000011 000000*
L0156354 000000 000000 000100 000000 000000*
L0156384 00000011 00000011 00000011 00000011 00000011*
L0156424 00000011 00000011 00000011 00000011 000000*
L0156462 000000 000000 000000 000000 000000*
L0156492 00000011 00000011 00000011 00000011 00000011*
L0156532 00000011 00000011 00000011 00000011 000000*
L0156570 100000 000000 100000 000000 000000*
L0156600 00000011 00000011 00000011 00000011 00000011*
L0156640 00000011 00000011 00000011 00000011 000000*
L0156678 000000 000000 000000 000000 000000*
L0156708 00000011 00100011 00000011 00000011 00000011*
L0156748 00000011 00000011 00100011 00000011 000000*
L0156786 000000 000000 000000 000000 000000*
L0156816 00000000 00000000 00000000 00000000 00000000*
L0156856 00000000 00000000 00000000 00000000 000000*
L0156894 000000 000000 000000 000000 000000*
L0156924 00000000 00000000 00000010 00000000 00000000*
L0156964 00000010 00000000 00000000 00000000 000000*
L0157002 010000 000000 010000 000000 000000*
L0157032 00000000 00000000 00000000 00000000 00000000*
L0157072 00000000 00000000 00000000 00000000 000000*
L0157110 000000 000000 000000 000000 000000*
L0157140 00000011 00000000 00000000 00000011 00000000*
L0157180 00000000 00000011 10000000 00000001 000000*
L0157218 000000 000000 000000 000000 000000*
L0157248 00000011 00000000 00000000 00000011 00000000*
L0157288 00000000 00000011 00000000 00000001 000000*
L0157326 000000 100000 000000 100000 000000*
L0157356 00000011 00000011 00000011 00000011 00000011*
L0157396 00000011 00000011 00000011 00000011 000000*
L0157434 000000 000000 100000 000000 000000*
L0157464 00000011 00000011 00000001 00000011 00000011*
L0157504 00000001 00000011 00000011 00000011 000000*
L0157542 000000 000000 000000 000000 000000*
L0157572 00000011 00000011 00000011 00000011 00000011*
L0157612 00000011 00000011 00000011 00000011 000000*
L0157650 000000 000000 000000 100000 000000*
L0157680 00000011 00000011 00000011 00000011 00000011*
L0157720 00000011 01000011 00000011 00000011 000000*
L0157758 000000 000000 000000 000000 000000*
L0157788 00000011 00000011 00000011 00000011 00000011*
L0157828 00000011 00000011 00000011 00000011 000000*
L0157866 000000 000000 000000 000000 000000*
L0157896 00000011 00000011 00000011 00000011 00000011*
L0157936 00000011 00000011 00000011 00000011 000000*
L0157974 000000 000000 000000 010000 000000*
L0158004 00000011 00000011 00000011 00000011 00000011*
L0158044 00000011 00000011 00000011 00000011 000000*
L0158082 010000 000000 000000 000000 000000*
L0158112 00000011 00000011 00000011 00000011 00000011*
L0158152 00000011 00000011 00000011 00000011 000000*
L0158190 000000 010000 000000 010000 000000*
L0158220 00000011 00000011 00000011 00000011 00000011*
L0158260 00000011 00000011 00000011 00000011 000000*
L0158298 000000 000000 010000 000000 000000*
L0158328 00000000 00000000 00000000 00000000 00000000*
L0158368 11111100 00000000 00000000 00000000 000000*
L0158406 001110 000000 000000 000000 000000*
L0158436 11111111 00000000 00000000 00000011 00000000*
L0158476 00000000 00000011 00000000 00000001 000000*
L0158514 000001 000000 000000 000000 000000*
L0158544 00000011 00000011 00000011 00000011 00000011*
L0158584 00000011 00000011 00000011 00000011 000000*
L0158622 000000 000000 000000 000000 000000*
L0158652 00000011 00000011 00000011 00000011 00000011*
L0158692 00000011 00000011 00000011 00000011 000000*
L0158730 000000 000000 000000 010000 000000*
L0158760 11111111 00000011 00000011 00000011 00000011*
L0158800 11111111 00000011 00000011 00000011 000000*
L0158838 001111 000000 000000 000000 000000*
L0158868 00000011 00000011 00000011 00000011 00000011*
L0158908 00000011 00000011 00000011 00000011 000000*
L0158946 000000 000000 000000 000000 000000*
L0158976 00000011 00000011 00000011 00000011 00000011*
L0159016 00000011 00100011 00000011 00000011 000000*
L0159054 000000 000000 000000 000000 000000*
L0159084 00000011 00000011 00000011 00000011 00000011*
L0159124 00000011 00000011 00000011 00000011 000000*
L0159162 000000 000000 000000 000000 000000*
L0159192 00000011 00000011 00000011 00000011 00000011*
L0159232 00000011 00000011 00000011 00000011 000000*
L0159270 000000 000000 000000 000000 000000*
L0159300 00000011 00000011 00000001 00000011 00000011*
L0159340 00000001 00000011 01000011 00000011 000000*
L0159378 000000 000000 000000 000000 000000*
L0159408 00000000 00000000 00000010 00000000 00000000*
L0159448 00000010 00000000 00000000 00000000 000000*
L0159486 000000 001000 000000 000000 000000*
L0159516 00000000 00000000 00000010 00000000 00000000*
L0159556 00000010 00000000 00000000 00000000 000000*
L0159594 000000 000000 000000 000000 000000*
L0159624 11111111 00000011 00000011 00000011 00000011*
L0159664 11111111 00000011 00000011 00000011 000000*
L0159702 001111 000000 000000 000000 000000*
L0159732 00000011 00000011 00000011 00000011 00000011*
L0159772 00000011 00000011 00000011 00000011 000000*
L0159810 000000 000000 000000 000000 000000*
L0159840 00000011 00000011 00000011 00000011 00000011*
L0159880 00000011 00010011 00000011 00000011 000000*
L0159918 000000 000000 000000 000000 000000*
L0159948 00000010 00000000 00000010 00000010 00000000*
L0159988 00000010 00000010 00000000 00000000 000000*
L0160026 000000 000000 000000 000000 000000*
L0160056 00000001 00000011 00000011 00000001 00000011*
L0160096 00000011 00000001 00000011 00000011 000000*
L0160134 000000 000000 000000 000000 000000*
L0160164 00000011 10000011 00000011 00000011 00000011*
L0160204 00000011 00000011 00010011 00000011 000000*
L0160242 000000 000000 000000 000000 000000*
L0160272 11111111 00000000 00000000 00000011 00000000*
L0160312 11111100 00000011 00000000 00000001 000000*
L0160350 001111 000000 000000 000000 000000*
L0160380 00000000 00000011 00000011 00000000 00000011*
L0160420 00000011 00000000 00000011 00000010 000000*
L0160458 000000 000000 000000 000000 000000*
L0160488 00000011 00000011 00000011 00000011 00000011*
L0160528 00000011 00000011 00000011 00000011 000000*
L0160566 000000 000000 000000 000000 000000*
L0160596 00000011 00000111 00000011 00000011 00000011*
L0160636 00000011 00000011 00000011 00000011 000000*
L0160674 000000 000000 000010 000000 000000*
L0160704 00000011 00000011 00000011 00000011 00000011*
L0160744 00000011 00000011 00000011 00000011 000000*
L0160782 000000 000100 000000 000000 000000*
L0160812 00000011 00000000 00000000 00000011 00000000*
L0160852 00000000 00000011 00000000 00000001 000000*
L0160890 000000 000000 000000 000000 000000*
L0160920 00000000 00000000 00000000 00000000 00000000*
L0160960 00000000 00000000 00000000 00000000 000000*
L0160998 000000 000000 000000 000000 000000*
L0161028 00000000 01000000 00000000 00000000 00000000*
L0161068 00000000 00000000 00000000 00000000 000000*
L0161106 000000 000000 001000 000000 000000*
L0161136 00000011 00000000 00000000 00000011 00000000*
L0161176 00000000 00001011 00000000 00000001 000000*
L0161214 000000 000000 000000 000000 000000*
L0161244 00000011 00000011 00000001 00000011 00000011*
L0161284 00000001 00000011 00000011 00000011 000000*
L0161322 000000 000000 000000 000000 000000*
L0161352 00011111 00000011 00000011 00000011 00000011*
L0161392 00000011 00000011 00000011 00000011 000000*
L0161430 000001 000000 000000 000000 000000*
L0161460 11100001 00000011 00000011 00000010 00000011*
L0161500 11111111 00000001 00000011 00000011 000000*
L0161538 001110 000000 000000 000000 000000*
L0161568 00000011 00000001 00000001 00000001 00000010*
L0161608 00000011 00000010 00000001 00000001 000000*
L0161646 000000 000010 000000 000000 000000*
L0161676 00000010 00000011 00000011 00000000 00000011*
L0161716 00000011 00000011 00000001 00000001 000000*
L0161754 000000 000000 000000 000000 000000*
L0161784 00000001 00000011 00000011 00000010 00000011*
L0161824 00000011 00000001 00000011 00000011 000000*
L0161862 000000 000000 000000 000000 000000*
L0161892 00000001 00000011 00000011 00000010 00000011*
L0161932 00000011 00000011 00000111 00000001 000000*
L0161970 000000 000001 000000 000000 000000*
L0162000 00011111 00000011 00000001 00000001 00000011*
L0162040 11111111 00000000 00000011 00000011 000000*
L0162078 001111 000000 000000 000000 000000*
L0162108 11100001 00000011 00000011 00000010 00000011*
L0162148 00000011 00000011 00000011 00000001 000000*
L0162186 000000 000000 000000 000000 000000*
L0162216 00000000 00000011 00000011 00000000 00000010*
L0162256 00000011 00000010 00000011 00000011 000000*
L0162294 000000 000000 000000 000000 000000*
L0162324 00000001 00001011 00000011 00000010 00000011*
L0162364 00000011 00000011 00001001 00000001 000000*
L0162402 000000 000000 000000 000000 000000*
L0162432 00000011 00000001 00000011 00000000 00000010*
L0162472 00000010 00000101 00000011 00000011 000000*
L0162510 000000 000000 000000 000000 000000*
L0162540 00000010 00000001 00000011 00000010 00000011*
L0162580 00000011 00000011 00000001 00000011 000000*
L0162618 000000 000000 000000 000000 000000*
L0162648 00000011 00000011 00000011 00000010 00000010*
L0162688 00000011 00000010 00000011 00000011 000000*
L0162726 000000 000000 000000 000000 000000*
L0162756 00000001 00000011 00000011 00000011 00000011*
L0162796 00000011 00000011 00000011 00000011 000000*
L0162834 000000 000000 000000 000000 000000*
L0162864 00000011 00000011 00000011 00000011 00000011*
L0162904 00000011 00000001 00000011 00000011 000000*
L0162942 000000 000000 000000 000000 000000*
L0162972 00000011 00000011 00000011 00000011 00000011*
L0163012 00000011 00000011 00000011 00000011 000000*
L0163050 000000 000000 000000 000000 000000*
L0163080 11111111 00000011 00000011 00000011 00000011*
L0163120 11111111 00000011 00000011 00000011 000000*
L0163158 001111 000000 000000 000000 000000*
L0163188 00000011 00000011 00000011 00000011 00000011*
L0163228 00000011 00000011 00000011 00000011 000000*
L0163266 000000 000000 000000 000000 000000*
L0163296 01010111 0100101 0101110 1010101 1001011*
L0163332 01010111 0100101 0101110 1010101 1001011*
L0163368 01010111 0100101 0101110 1010101 1001011*
L0163404 01010111 0100101 0101110 1010101 1001011*
L0163440 01010111 0100101 0101110 1010101 1001011*
L0163476 01010111 0100101 0101110 1010101 1001011*
L0163512 01010111 0100101 0101110 1010101 1001011*
L0163548 01010111 0100101 0101110 1010101 1001011*
L0163584 01010111 0100101 0101110 1010101 1001011*
L0163620 01010111 0100101 0101110 1010101 1001011*
L0163656 01010111 0100101 0101110 1010101 1001011*
L0163692 01010111 0100101 0101110 1010101 1001011*
L0163728 01010111 0100101 0101110 1010101 1001111*
L0163764 01010111 0100101 0101110 1010101 1001011*
L0163800 01010111 0100101 0101110 1010101 1001011*
L0163836 01010111 0100101 0101110 1010101 1001011*
L0163872 01010111 0100101 0101110 1010101 1001011*
L0163908 01010111 0100101 0101110 1010101 1001011*
L0163944 01010111 0100101 0101110 1010101 1001011*
L0163980 01010111 0100101 0101110 1010101 1001011*
L0164016 01010111 0100101 0101110 1010101 1001011*
L0164052 01010111 0100101 0101110 1010101 1001011*
L0164088 01010111 0100101 0101110 1010101 1001011*
L0164124 01010111 0100101 0101110 1010101 1001011*
L0164160 01010111 0100101 0101110 1010101 1001011*
L0164196 01010111 0100101 0101110 1010101 1001011*
L0164232 01010111 0100101 0101110 1010101 1001011*
L0164268 01010111 0100101 0101110 1010101 1001011*
L0164304 01010111 0100101 0101110 1010101 1001011*
L0164340 01010111 0100101 0101110 1010101 1001011*
L0164376 01010111 0100101 0101110 1010101 1001011*
L0164412 01010111 0100101 0101110 1010101 1001011*
L0164448 01010111 0100101 0101110 1010101 1001011*
L0164484 01010111 0100101 0101110 1010101 1001011*
L0164520 01010111 0100101 0101110 1010101 1001011*
L0164556 01010111 0100101 0101110 1010101 1001011*
L0164592 01010111 0100101 0101110 1010101 1001011*
L0164628 01010111 0100101 0101110 1010101 1001011*
L0164664 01010111 0100101 0101110 1010101 1001011*
L0164700 01010111 1100101 0101110 1010101 1001011*
L0164736 01010111 0100101 0101110 1110101 1001011*
L0164772 01010111 0100101 0101110 1010101 1001011*
L0164808 01010111 0100101 0101110 1010101 1101011*
L0164844 01010111 0100101 0101110 1010101 1001011*
L0164880 01010111 0100101 0101110 1010101 1001011*
L0164916 01010111 0100101 0101110 1010101 1001011*
L0164952 01010111 0100101 0101110 1010101 1001011*
L0164988 01010111 0100101 0101110 1010101 1001011*
L0165024 01010111 0100101 0101110 1010101 1001011*
L0165060 01010111 0100101 0101110 1010101 1001011*
L0165096 01010111 0100101 0101110 1010101 1001011*
L0165132 01010111 0100101 0101110 1010101 1001011*
L0165168 01010111 0100101 0101110 1010101 1001011*
L0165204 01010111 0100101 0101110 1010101 1001011*
L0165240 01010111 0100101 0101110 1010101 1001011*
L0165276 01010111 0100101 0101110 1010101 1001011*
L0165312 01010111 0100101 0101110 1010101 1001011*
L0165348 01010111 0100101 0101111 1010101 1001011*
L0165384 01010111 0100101 0101110 1010101 1001011*
L0165420 01010111 0100101 0101110 1010101 1001011*
L0165456 01010111 0100101 0101110 1010111 1001011*
L0165492 01010111 0100101 0101110 1010101 1001011*
L0165528 01010111 0100101 0101110 1010101 1001011*
L0165564 01010111 0100111 0101110 1010101 1001011*
L0165600 01010111 0100101 0101110 1010101 1001011*
L0165636 01010111 0100101 0101110 1010101 1001011*
L0165672 01010111 0100101 0101110 1010101 1001011*
L0165708 01010111 0100101 0101110 1010101 1001011*
L0165744 01010111 0100101 0101110 1010101 1001011*
L0165780 01010111 0100101 0101110 1010101 1001011*
L0165816 01010111 0100101 0101110 1010101 1001011*
L0165852 01010111 0100101 0101110 1010101 1001011*
L0165888 01010111 0100101 0101110 1010101 1001011*
L0165924 01010111 0100101 0101110 1010101 1001011*
L0165960 01010111 0100101 0101110 1010101 1001011*
L0165996 01010111 0100101 0101110 1010101 1001011*
L0166032 01010111 0100101 0101110 1010101 1001011*
L0166068 01010111 0100101 0101110 1010101 1001011*
L0166104 01010111 0100101 0101110 1010101 1001011*
L0166140 01010111 0100101 0101110 1010101 1001011*
L0166176 01010111 0100101 0101110 1010101 1001011*
L0166212 01010111 0100101 0101110 1010101 1001011*
L0166248 01010111 0100101 0101110 1010101 1001011*
L0166284 01010111 0100101 0101110 1010101 1001011*
L0166320 01010111 0100101 0101110 1010101 1001011*
L0166356 01010111 0100101 0101110 1010101 1001011*
L0166392 01010111 0100101 0101110 1010101 1001011*
L0166428 01010111 0100101 0101110 1010101 1001011*
L0166464 01010111 0100101 0101110 1010101 1001011*
L0166500 01010111 0100101 0101110 1010101 1001011*
L0166536 01010111 0100101 0101110 1010101 1001011*
L0166572 01010111 0100101 0101110 1010101 1001011*
L0166608 01010111 0100101 0101110 1010101 1001011*
L0166644 01010111 0100101 0101110 1010101 1001011*
L0166680 01010111 0100101 0101110 1010101 1001011*
L0166716 01010111 0100101 0101110 1010101 1001011*
L0166752 01010111 0100101 0101110 1010101 1001011*
L0166788 01010111 0100101 0101110 1010101 1001011*
L0166824 01010111 0100101 0101110 1010101 1001011*
L0166860 11010111 0100101 0101110 1010101 1001011*
L0166896 01010111 0100101 0101110 1010101 1001011*
L0166932 01010111 0100101 0101110 1010101 1001011*
L0166968 01010111 0100101 0101110 1010101 1001011*
L0167004 01010111 0100101 0101110 1010101 1001011*
L0167040 01010111 0100101 0101110 1010101 1001011*
L0167076 01010111 0100101 0101110 1010101 1001011*
L0167112 01010111 0100101 0101110 1010101 1001011*
L0167148 01010111 0100101 0101110 1010101 1001011*
L0167184 01010111 0100101 0101110 1010101 1001011*
L0167220 01010111 0100101 0101110 1010101 1001011*
L0167256 01010111 0100101 0101110 1010101 1001011*
L0167292 01010111 0100101 0101110 1010101 1001011*
L0167328 01010111 0100101 0101110 1010101 1001011*
L0167364 01010111 0100101 0101110 1010101 1001011*
L0167400 01010111 0100101 1101110 1010101 1001011*
L0167436 01010111 0100101 0101110 1010101 1001011*
L0167472 01010111 0100101 0101110 1010101 1001011*
L0167508 01010111 0100101 0101110 1010101 1001011*
L0167544 01010111 0100101 0101110 1010101 1001011*
L0167580 01010111 0100101 0101110 1010101 1001011*
L0167616 01010111 0100101 0101110 1010101 1001011*
L0167652 01010111 0100101 0101110 1010101 1001011*
L0167688 01010111 0100101 0101110 1010101 1001011*
L0167724 01010111 0110101 0101110 1010101 1001011*
L0167760 01010111 0100101 0101110 1010101 1001011*
L0167796 01010111 0100101 0101110 1010101 1001011*
L0167832 01010111 0100101 0101110 1010101 1001011*
L0167868 01010111 0100101 0101110 1010101 1001011*
L0167904 01010111 0100101 0101110 1010101 1001011*
L0167940 01010111 0100101 0101110 1010101 1001011*
L0167976 01010111 0100101 0101110 1010101 1001011*
L0168012 01010111 0100101 0101110 1010101 1001011*
L0168048 01010111 0100101 0101110 1010101 1001011*
L0168084 01010111 0100101 0101110 1010101 1001011*
L0168120 01010111 0100101 0101110 1010101 1001011*
L0168156 01010111 0100101 0101110 1010101 1001011*
L0168192 01010111 0100101 0101110 1010101 1001011*
L0168228 01010111 0100101 0101110 1010101 1001011*
L0168264 01010111 0100101 0101110 1010101 1001011*
L0168300 01010111 0100101 0101110 1010101 1001011*
L0168336 01010111 0100101 0101110 1010101 1001011*
L0168372 01010111 0100101 0101110 1010101 1001011*
L0168408 01010111 0100101 0101110 1010101 1001011*
L0168444 01010111 0100101 0101110 1010101 1001011*
L0168480 01010111 0100101 0101110 1010101 1001011*
L0168516 01010111 0100101 0101110 1010101 1001011*
L0168552 01010111 0100101 0101110 1010101 1001011*
L0168588 01010111 0100101 0101110 1011101 1001011*
L0168624 01010111 0100101 0101110 1010101 1001011*
L0168660 01010111 0100101 0101110 1010101 1001011*
L0168696 01010111 0101101 0101110 1010101 1001011*
L0168732 01010111 0100101 0101110 1010101 1001011*
L0168768 01010111 0100101 0101110 1010101 1001011*
L0168804 01010111 0100101 0111110 1010101 1001011*
L0168840 01010111 0100101 0101110 1010101 1001011*
L0168876 01010111 0100101 0101110 1010101 1001011*
L0168912 01110111 0100101 0101110 1010101 1001011*
L0168948 01010111 0100101 0101110 1010101 1001011*
L0168984 01010111 0100101 0101110 1010101 1001011*
L0169020 01010111 0100101 0101110 1010101 1011011*
L0169056 01010111 0100101 0101110 1010101 1001011*
L0169092 01010111 0100101 0101110 1010101 1001011*
L0169128 01010111 0100101 0101110 1010101 1001011*
L0169164 01010111 0100101 0101110 1010101 1001011*
L0169200 01011111 0100101 0101110 1010101 1001011*
L0169236 01010111 0100101 0101110 1010101 1001011*
L0169272 01010111 0100101 0101110 1010101 1001011*
L0169308 01010111 0100101 0101110 1010101 1001011*
L0169344 01010111 0100101 0101110 1010101 1001011*
L0169380 01010111 0100101 0101110 1010101 1001011*
L0169416 01010111 0100101 0101110 1010101 1001011*
L0169452 01010111 0100101 0101110 1010101 1001011*
L0169488 01010111 0100101 0101110 1010101 1001011*
L0169524 01010111 0100101 0101110 1010101 1001011*
L0169560 01010111 0100101 0101110 1010101 1001011*
L0169596 01010111 0100101 0101110 1010101 1001011*
L0169632 01010111 0100101 0101110 1010101 1001011*
L0169668 01010111 0100101 0101110 1010101 1001011*
L0169704 01010111 0100101 0101110 1010101 1001011*
L0169740 01010111 0100101 0101110 1010101 1001011*
L0169776 01010111 0100101 0101110 1010101 1001011*
L0169812 01010111 0100101 0101110 1010101 1001011*
L0169848 01010111 0100101 0101110 1010101 1001011*
L0169884 01010111 0100101 0101110 1010101 1001011*
L0169920 01010111 0100101 0101110 1010101 1001011*
L0169956 01010111 0100101 0101110 1010101 1001011*
L0169992 01010111 0100101 0101110 1010101 1001011*
L0170028 01010111 0100101 0101110 1010101 1001011*
L0170064 01010111 0100101 0101110 1010101 1001011*
L0170100 01010111 0100101 0101110 1010101 1001011*
L0170136 01010111 0100101 0101110 1010101 1001011*
L0170172 01010111 0100101 0101110 1010101 1001011*
L0170208 01010111 0100101 0101110 1010101 1001011*
L0170244 01010111 0100101 0101110 1010101 1001011*
L0170280 01010111 0100101 0101110 1010101 1001011*
L0170316 01010111 0100101 0101110 1010101 1001011*
L0170352 01010111 0100101 0101110 1010101 1001011*
L0170388 01010111 0100101 0101110 1010101 1001011*
L0170424 01010111 0100101 0101110 1010101 1001011*
L0170460 01010111 0100101 0101110 1010101 1001011*
L0170496 01010111 0100101 0101110 1010101 1001011*
L0170532 01010111 0100101 0101110 1010101 1001011*
L0170568 01010111 0100101 0101110 1010101 1001011*
L0170604 01010111 0100101 0101110 1010101 1001011*
L0170640 01010111 0100101 0101110 1010101 1001011*
L0170676 01010111 0100101 0101110 1010101 1001011*
L0170712 01010111 0100101 0101110 1010101 1001011*
L0170748 01010111 0100101 0101110 1010101 1001011*
L0170784 01010111 0100101 0101110 1010101 1001011*
L0170820 01010111 0100101 0101110 1010101 1001011*
L0170856 01010111 0100101 0101110 1010101 1001011*
L0170892 01010111 0100101 0101110 1010101 1001011*
L0170928 01010111 0100101 0101110 1010101 1001011*
L0170964 01010111 0100101 0101110 1010101 1001011*
L0171000 01010111 0100101 0101110 1010101 1001011*
L0171036 01010111 0100101 0101110 1010101 1001011*
L0171072 00000011 00000011 00000011 00000011 00000011*
L0171112 00000011 00000011 00000011 00000011 000000*
L0171150 000000 000000 000000 000000 000000*
L0171180 00000011 00000011 00000011 00000011 00000011*
L0171220 00000011 00001011 01000011 00000011 000000*
L0171258 000000 001000 000000 000000 000000*
L0171288 00000011 00000011 00000011 00000011 00000011*
L0171328 00000011 00000011 00000011 00000011 000000*
L0171366 000000 000000 000000 000000 000000*
L0171396 00000011 00000011 00000011 00000011 00000011*
L0171436 00000011 00000111 00000011 00000011 000000*
L0171474 000000 000000 000000 000000 000000*
L0171504 00000011 00000011 00000011 00000011 10000011*
L0171544 00000011 00000011 00000011 00000011 000000*
L0171582 000000 000000 000000 000000 000000*
L0171612 10111111 00000011 10000011 10000011 00000011*
L0171652 11111111 00000011 00000011 01000011 000000*
L0171690 111110 000000 000000 000000 000000*
L0171720 00000011 00000011 00000011 00000011 00000011*
L0171760 00000011 00000011 00000011 00000011 000000*
L0171798 000000 000000 000000 000000 000000*
L0171828 00000011 00000011 00000011 00000011 00000011*
L0171868 00000011 00000011 00000011 00000011 000000*
L0171906 000001 000000 000000 000000 000000*
L0171936 00000011 00000011 00000011 00000011 00000011*
L0171976 00000011 00000011 00000011 00000011 000000*
L0172014 000000 000000 000000 000000 000000*
L0172044 00000011 00000011 00000011 00000011 10000011*
L0172084 00000011 00000011 00000111 00000111 000001*
L0172122 000000 000001 000001 000001 000001*
L0172152 00000011 00000011 00000011 10000011 00000011*
L0172192 00000011 00000011 00000011 00000011 000000*
L0172230 000000 000000 000000 000000 000000*
L0172260 00000011 00101011 10000011 00000011 00000011*
L0172300 00000011 00000011 00000011 00000011 000000*
L0172338 000000 000000 100000 000000 000000*
L0172368 00000000 00000000 00000000 00000000 00000000*
L0172408 00000000 00000000 00000000 00000000 000000*
L0172446 000000 100000 000000 000000 000000*
L0172476 00000000 00000000 00000000 00000010 00000000*
L0172516 00000000 00000000 00000000 00000000 000000*
L0172554 000000 000000 000000 000000 000000*
L0172584 00110000 00000000 00000000 00000000 00000000*
L0172624 11110000 00000000 00000000 00000000 000000*
L0172662 111100 000000 000001 000000 100000*
L0172692 10001111 00000001 10000001 10000011 00000001*
L0172732 00001101 00000011 00000001 01000011 000000*
L0172770 000010 000000 000000 000000 000000*
L0172800 00000011 00000001 00000001 00000001 00000001*
L0172840 00000001 01000011 00000001 00000010 000000*
L0172878 000000 000000 000000 000000 000000*
L0172908 00000001 00000011 00000011 00000011 00000011*
L0172948 00000011 00000011 00000010 00000011 000000*
L0172986 000000 000000 000000 000000 000000*
L0173016 00000011 00000011 00000011 00000001 00000011*
L0173056 00000011 00000011 00000011 00000010 000000*
L0173094 000000 010000 000000 000000 000000*
L0173124 00000001 00000011 00000001 00000011 00000001*
L0173164 00000011 00000011 00000010 00000011 000000*
L0173202 000000 000000 000000 000000 000000*
L0173232 00000011 00000011 00000011 00000001 00000011*
L0173272 00000011 00100011 00000011 00000010 000000*
L0173310 000000 000000 000000 000000 000000*
L0173340 00000001 00000011 00000001 00000011 00000011*
L0173380 00000011 00000011 00000010 00000011 000000*
L0173418 000000 000000 000000 000000 000000*
L0173448 00000011 00000011 00000011 00000011 00000011*
L0173488 00000011 10000011 00000011 00000011 000000*
L0173526 000000 000000 000000 000000 000000*
L0173556 00000011 00000011 00000011 00000001 00000011*
L0173596 00000011 00000011 00000011 00000010 000000*
L0173634 000000 000000 000000 000000 000000*
L0173664 00000011 00000011 00000011 00000001 00000011*
L0173704 00000011 00000011 00000011 00000010 000000*
L0173742 000000 000000 000000 000000 000000*
L0173772 00000001 00000011 00000011 00000011 10000001*
L0173812 00000011 00000011 00000111 00000111 000001*
L0173850 000000 000001 000001 000001 000001*
L0173880 10111100 00000000 10000000 10000000 00000000*
L0173920 11111100 00000000 00000000 01000000 000000*
L0173958 111110 000000 000000 000000 000000*
L0173988 00000011 01000001 00000001 00000011 00000001*
L0174028 00000001 00000011 00000001 00000011 000000*
L0174066 000000 000001 000000 000000 000000*
L0174096 00000011 00000011 00000011 00000011 00000011*
L0174136 00000011 00000011 00000011 00000011 000000*
L0174174 000000 000000 000000 000000 000000*
L0174204 00000011 00000011 00000011 00000011 10000011*
L0174244 00000011 00000011 00000111 00000111 000001*
L0174282 000000 000001 000001 000001 000001*
L0174312 10001111 00000011 10000011 10000011 00000011*
L0174352 00001111 00000011 00000011 01000011 000000*
L0174390 000010 000000 000000 000000 000000*
L0174420 00110011 00000011 00000011 01000011 00000011*
L0174460 11110011 00000011 00000011 00000011 000000*
L0174498 111100 000000 000000 000001 000000*
L0174528 00000011 00000011 00000011 00000011 00000011*
L0174568 00000011 00000011 00000011 00000011 000000*
L0174606 000000 000000 000000 000000 000000*
L0174636 00000011 00000011 00000011 00000011 10000011*
L0174676 00000011 00000011 00000111 00000111 000001*
L0174714 000000 000001 000001 000001 000001*
L0174744 00000011 00000011 10000011 00000011 00000011*
L0174784 00000011 00000011 00000011 00000011 000000*
L0174822 000000 000000 000000 000000 000000*
L0174852 00000011 00000011 00000011 10000001 00000011*
L0174892 00000011 00000011 00000011 00000011 000000*
L0174930 000000 000000 000000 000000 000000*
L0174960 00000000 00000000 00000000 00000010 00000000*
L0175000 00000000 00000000 00000000 00000000 000000*
L0175038 000000 000000 000000 000000 000000*
L0175068 00000000 00000100 00000000 00000010 00000000*
L0175108 00000000 00010000 00100000 00000000 000000*
L0175146 000000 000000 000000 000000 000000*
L0175176 10111111 00000011 10000011 10000011 00000011*
L0175216 11111111 00000011 00000011 01000011 000000*
L0175254 111110 000000 000000 000000 000000*
L0175284 01000011 00000011 00000011 00000011 00000011*
L0175324 00000011 00000011 00000111 00000011 000000*
L0175362 000000 000000 000000 000000 000000*
L0175392 00000011 00000011 00000011 00000011 00000011*
L0175432 00000011 00000011 00000011 00000010 000000*
L0175470 000000 000000 000000 000000 000000*
L0175500 00000011 00000001 00000001 00000011 10000001*
L0175540 00000001 00000011 00000101 00000110 000001*
L0175578 000000 000001 000001 000001 000001*
L0175608 00000000 00000010 00000010 00000010 00000010*
L0175648 00000010 00000000 00000010 00000001 000000*
L0175686 000000 000000 000000 000000 000000*
L0175716 00000011 00000011 00000011 00000011 10000011*
L0175756 00000011 00000011 00000111 00000111 000001*
L0175794 000000 000001 000001 000001 000001*
L0175824 10111110 00000000 10000001 10000011 00000001*
L0175864 11111101 00000011 00000001 01000011 000000*
L0175902 111110 000000 000000 000000 000000*
L0175932 00000001 00000011 01000010 00000000 00000010*
L0175972 00000010 00000000 00000010 00000000 000001*
L0176010 000000 000000 000000 000000 000000*
L0176040 00000011 00000011 00000011 00000011 00000011*
L0176080 00000011 00000011 00000011 00000011 000000*
L0176118 000000 000000 000000 000000 000000*
L0176148 00000011 00000011 00000011 00000011 10000011*
L0176188 00000011 00000011 00000111 00000111 000001*
L0176226 000000 000001 000001 000001 000001*
L0176256 00000011 00000011 00000011 00000011 00000011*
L0176296 00000011 00000011 00000011 00000011 000000*
L0176334 000000 000000 000000 000000 000000*
L0176364 00000011 00000001 00000001 00000011 10000001*
L0176404 00000001 00000011 00000101 00000111 000001*
L0176442 000000 000001 000001 000001 000001*
L0176472 00000000 00000000 00000000 00000000 00000000*
L0176512 00000000 00000000 00000000 00000000 000000*
L0176550 000000 000000 000000 000000 000000*
L0176580 00000000 00000000 00000000 00000000 10000000*
L0176620 00000000 00000000 00000100 00000100 000001*
L0176658 000000 000001 000001 000001 000001*
L0176688 00000001 00000001 00000001 00000001 00000001*
L0176728 00000001 00000011 00000000 00000010 000000*
L0176766 000000 000000 000000 000000 000000*
L0176796 00000001 00000011 00000001 00000001 10000001*
L0176836 00000011 00000011 00000110 00000110 000001*
L0176874 000000 000001 000001 000001 000001*
L0176904 00000001 00000011 00000001 00000001 00000011*
L0176944 00000011 00000011 00000010 00000010 000000*
L0176982 000000 000000 000000 000000 000000*
L0177012 00000001 00000001 00000011 00000000 10000011*
L0177052 00000011 00000001 00000101 00000101 000001*
L0177090 000000 000001 000001 000001 000001*
L0177120 00000011 00000011 00000001 00000010 00000010*
L0177160 00000010 00000001 00000011 00000011 000000*
L0177198 000000 000000 000000 000000 000000*
L0177228 01000010 01000011 01000001 01000011 01000011*
L0177268 00000010 00000001 00000011 00000001 000000*
L0177306 000000 000000 000000 100000 100000*
L0177336 00000011 00000011 00000001 00000011 00000011*
L0177376 00000010 00000001 00000001 00000011 000000*
L0177414 000000 000000 000000 000000 000000*
L0177444 00000001 00000011 00000011 00000010 00000011*
L0177484 00000011 00000011 00000011 00000001 000000*
L0177522 000000 000000 000000 000000 000000*
L0177552 10001111 00000001 00000001 00000001 00000011*
L0177592 11101110 00000001 00000011 00000111 000000*
L0177630 110010 000000 000000 100000 000000*
L0177660 00110011 00000011 10000001 10000000 00000011*
L0177700 00010011 00000011 00000011 01000001 000000*
L0177738 001100 000000 000000 000000 000000*
L0177768 00000000 00000011 00000011 00000010 00000011*
L0177808 00000011 00000011 00000011 00000011 000000*
L0177846 000000 000000 000000 000000 000000*
L0177876 00000001 00010011 00000011 00000010 00000011*
L0177916 00000011 00000001 00000011 00000011 000000*
L0177954 000000 000010 010000 000000 000000*
L0177984 00000001 00000011 00000011 00000011 00000011*
L0178024 00000011 00000001 00000011 00000011 000000*
L0178062 000000 000000 000000 000000 000000*
L0178092 00000011 00000001 00000011 00000011 00000011*
L0178132 00000011 00000011 00000011 00000001 000000*
L0178170 000000 000000 000000 000000 000000*
L0178200 00000001 00000011 00000011 00000000 00000010*
L0178240 00000011 00000010 00000011 00000011 000000*
L0178278 000000 000000 000000 000000 000000*
L0178308 00000001 10000001 00000011 00000011 00000011*
L0178348 00000011 00000011 10000011 00000011 000000*
L0178386 000000 000100 000000 000000 000000*
L0178416 00000011 00000011 00000011 00000011 00000011*
L0178456 00000011 00000001 00000011 00000011 000000*
L0178494 000000 000000 000000 000000 000000*
L0178524 00000011 00000011 00000011 00000011 00000011*
L0178564 00000011 00000011 00000011 00000011 000000*
L0178602 000000 000000 000000 000000 000000*
L0178632 10111111 00000011 10000011 10000011 00000011*
L0178672 11111111 00000011 00000011 01000011 000000*
L0178710 111110 000000 000000 000000 000000*
L0178740 00000011 00000011 00000011 00000011 01000011*
L0178780 00000011 00000011 00000011 00000011 000000*
L0178818 000000 000000 000000 000000 000001*
L0178848 11110011 1110001 0101101 1111001 0101011*
L0178884 11110011 1110001 0101101 1111001 0101011*
L0178920 11110011 1110001 0101101 1111001 0101011*
L0178956 11110011 1110001 0101101 1111001 0101011*
L0178992 11110011 1110001 0101101 1111001 0101011*
L0179028 11110011 1110001 0101101 1111001 0101011*
L0179064 11110011 1110001 0101101 1111001 0101011*
L0179100 11110011 1110001 0101101 1111001 0101011*
L0179136 11110011 1110001 0101101 1111001 0101011*
L0179172 11110011 1110001 0101101 1111001 0101011*
L0179208 11110011 1110001 0101101 1111001 0101011*
L0179244 11110011 1110001 0101101 1111001 0101011*
L0179280 11110011 1110001 0101101 1111001 0101011*
L0179316 11110011 1110001 0101101 1111001 0101011*
L0179352 11110011 1110001 0101101 1111001 0101011*
L0179388 11110011 1110001 0101101 1111001 0101011*
L0179424 11110011 1110001 0101101 1111001 0101011*
L0179460 11110011 1110001 0101101 1111001 0101011*
L0179496 11110011 1110001 0101101 1111001 0111011*
L0179532 11110011 1110001 0101101 1111001 0101011*
L0179568 11110011 1110001 0101101 1111001 0101011*
L0179604 11110011 1110001 0101101 1111001 0101011*
L0179640 11110011 1110001 0101101 1111001 0101011*
L0179676 11110011 1110001 0101101 1111001 0101011*
L0179712 11110011 1110001 0101101 1111001 0101011*
L0179748 11110011 1110001 0101101 1111001 0101011*
L0179784 11110011 1110001 0101101 1111001 0101011*
L0179820 11110011 1110001 0101101 1111001 0101011*
L0179856 11110011 1110001 0101101 1111001 0101011*
L0179892 11110011 1110001 0101101 1111001 0101011*
L0179928 11110011 1110001 0101101 1111001 0101011*
L0179964 11110011 1110001 0101101 1111001 0101011*
L0180000 11110011 1110001 0101101 1111001 0101011*
L0180036 11110011 1111001 0101101 1111001 0101011*
L0180072 11110011 1110001 0101101 1111001 0101011*
L0180108 11110011 1110001 0101101 1111001 0101011*
L0180144 11110011 1110001 0101101 1111001 0101011*
L0180180 11110011 1110001 0101101 1111001 0101011*
L0180216 11110011 1110001 0101101 1111001 0101011*
L0180252 11110011 1110001 0101101 1111001 0101011*
L0180288 11110011 1110001 0101101 1111001 0101011*
L0180324 11110011 1110001 0101101 1111001 0101011*
L0180360 11110011 1110001 0101101 1111001 0101011*
L0180396 11110011 1110001 0101101 1111001 0101011*
L0180432 11110011 1110001 0101101 1111001 0101011*
L0180468 11110011 1110001 0101101 1111001 0101011*
L0180504 11110011 1110001 0101101 1111001 0101011*
L0180540 11110011 1110001 0101101 1111001 0101011*
L0180576 11110011 1110001 0101101 1111001 0101011*
L0180612 11110011 1110001 0101101 1111001 0101011*
L0180648 11110011 1110001 0101101 1111001 0101011*
L0180684 11110011 1110001 0101101 1111001 0101011*
L0180720 11110011 1110001 0101101 1111001 0101011*
L0180756 11110011 1110001 0101101 1111001 0101011*
L0180792 11110011 1110001 0101101 1111001 0101011*
L0180828 11110011 1110001 0101101 1111001 0101011*
L0180864 11110011 1110001 0101101 1111001 0101011*
L0180900 11110011 1110001 0101101 1111001 0101011*
L0180936 11110011 1110001 0101101 1111001 0101011*
L0180972 11110011 1110001 0101101 1111001 0101011*
L0181008 11110011 1110001 0101101 1111001 0101011*
L0181044 11110011 1110001 0101101 1111001 0101011*
L0181080 11110011 1110001 0101101 1111001 0101011*
L0181116 11110011 1110001 0101101 1111001 0101011*
L0181152 11110011 1110001 0101101 1111001 0101011*
L0181188 11110011 1110001 0101101 1111001 0101011*
L0181224 11110011 1110001 0101101 1111001 0101011*
L0181260 11110011 1110001 0101101 1111001 0101011*
L0181296 11110011 1110001 0101101 1111001 0101011*
L0181332 11110011 1110001 0101101 1111001 0101011*
L0181368 11110011 1110001 0101101 1111001 0101011*
L0181404 11110011 1110001 0101101 1111001 0101011*
L0181440 11110011 1110001 0101101 1111001 0101011*
L0181476 11110011 1110001 0101101 1111001 0101011*
L0181512 11110011 1110001 0101101 1111001 0101011*
L0181548 11110011 1110001 0101101 1111001 1101011*
L0181584 11110011 1110001 0101101 1111001 0101011*
L0181620 11110011 1110001 0101101 1111001 0101011*
L0181656 11110011 1110001 0101111 1111001 0101011*
L0181692 11110011 1110001 0101101 1111001 0101011*
L0181728 11110011 1110001 0101101 1111001 0101011*
L0181764 11110011 1110011 0101101 1111001 0101011*
L0181800 11110011 1110001 0101101 1111001 0101011*
L0181836 11110011 1110001 0101101 1111001 0101011*
L0181872 11110111 1110001 0101101 1111001 0101011*
L0181908 11110011 1110001 0101101 1111001 0101011*
L0181944 11110011 1110001 0101101 1111001 0101011*
L0181980 11110011 1110001 0101101 1111001 0101111*
L0182016 11110011 1110001 0101101 1111001 0101011*
L0182052 11110011 1110001 0101101 1111001 0101011*
L0182088 11110011 1110001 0101101 1111001 0101011*
L0182124 11110011 1110001 0101101 1111001 0101011*
L0182160 11110011 1110001 0101101 1111001 0101011*
L0182196 11110011 1110001 0101101 1111001 0101011*
L0182232 11110011 1110001 0101101 1111001 0101011*
L0182268 11110011 1110001 0101101 1111001 0101011*
L0182304 11110011 1110001 0101101 1111001 0101011*
L0182340 11110011 1110001 0101101 1111001 0101011*
L0182376 11110011 1110001 0101101 1111001 0101011*
L0182412 11110011 1110001 1101101 1111001 0101011*
L0182448 11110011 1110001 0101101 1111001 0101011*
L0182484 11110011 1110001 0101101 1111001 0101011*
L0182520 11110011 1110001 0101101 1111011 0101011*
L0182556 11110011 1110001 0101101 1111001 0101011*
L0182592 11110011 1110001 0101101 1111001 0101011*
L0182628 11110011 1110001 0101101 1111001 0101011*
L0182664 11110011 1110001 0101101 1111001 0101011*
L0182700 11110011 1110001 0101101 1111001 0101011*
L0182736 11110011 1110001 0101101 1111001 0101011*
L0182772 11110011 1110001 0101101 1111001 0101011*
L0182808 11110011 1110001 0101101 1111001 0101011*
L0182844 11110011 1110001 0101101 1111001 0101011*
L0182880 11110011 1110001 0101101 1111001 0101011*
L0182916 11110011 1110001 0101101 1111001 0101011*
L0182952 11110011 1110001 0101101 1111001 0101011*
L0182988 11110011 1110001 0101101 1111001 0101011*
L0183024 11110011 1110001 0101101 1111001 0101011*
L0183060 11110011 1110001 0101101 1111001 0101011*
L0183096 11110011 1110001 0101101 1111001 0101011*
L0183132 11110011 1110001 0101101 1111001 0101011*
L0183168 11110011 1110001 0101101 1111001 0101011*
L0183204 11110011 1110001 0101101 1111001 0101011*
L0183240 11110011 1110001 0101101 1111001 0101011*
L0183276 11110011 1110001 0101101 1111001 0101011*
L0183312 11110011 1110001 0101101 1111001 0101011*
L0183348 11110011 1110001 0111101 1111001 0101011*
L0183384 11110011 1110001 0101101 1111001 0101011*
L0183420 11110011 1110001 0101101 1111001 0101011*
L0183456 11110011 1110001 0101101 1111001 0101011*
L0183492 11110011 1110001 0101101 1111001 0101011*
L0183528 11110011 1110001 0101101 1111001 0101011*
L0183564 11110011 1110001 0101101 1111001 0101011*
L0183600 11110011 1110001 0101101 1111001 0101011*
L0183636 11110011 1110001 0101101 1111001 0101011*
L0183672 11110011 1110001 0101101 1111001 0101011*
L0183708 11110011 1110001 0101101 1111001 0101011*
L0183744 11110011 1110001 0101101 1111001 0101011*
L0183780 11110011 1110001 0101101 1111001 0101011*
L0183816 11110011 1110001 0101101 1111001 0101011*
L0183852 11110011 1110001 0101101 1111001 0101011*
L0183888 11110011 1110001 0101101 1111001 0101011*
L0183924 11110011 1110001 0101101 1111001 0101011*
L0183960 11110011 1110001 0101101 1111001 0101011*
L0183996 11110011 1110001 0101101 1111001 0101011*
L0184032 11110011 1110001 0101101 1111001 0101011*
L0184068 11110011 1110001 0101101 1111001 0101011*
L0184104 11110011 1110001 0101101 1111001 0101011*
L0184140 11110011 1110001 0101101 1111001 0101011*
L0184176 11110011 1110001 0101101 1111001 0101011*
L0184212 11110011 1110001 0101101 1111001 0101011*
L0184248 11110011 1110001 0101101 1111001 0101011*
L0184284 11110011 1110001 0101101 1111001 0101011*
L0184320 11110011 1110001 0101101 1111001 0101011*
L0184356 11110011 1110001 0101101 1111001 0101011*
L0184392 11110011 1110001 0101101 1111001 0101011*
L0184428 11110011 1110001 0101101 1111001 0101011*
L0184464 11110011 1110001 0101101 1111001 0101011*
L0184500 11110011 1110001 0101101 1111001 0101011*
L0184536 11110011 1110001 0101101 1111001 0101011*
L0184572 11110011 1110001 0101101 1111001 0101011*
L0184608 11110011 1110001 0101101 1111001 0101011*
L0184644 11110011 1110001 0101101 1111001 0101011*
L0184680 11110011 1110001 0101101 1111001 0101011*
L0184716 11111011 1110001 0101101 1111001 0101011*
L0184752 11110011 1110001 0101101 1111001 0101011*
L0184788 11110011 1110001 0101101 1111001 0101011*
L0184824 11110011 1110001 0101101 1111101 0101011*
L0184860 11110011 1110001 0101101 1111001 0101011*
L0184896 11110011 1110001 0101101 1111001 0101011*
L0184932 11110011 1110001 0101101 1111001 0101011*
L0184968 11110011 1110101 0101101 1111001 0101011*
L0185004 11110011 1110001 0101101 1111001 0101011*
L0185040 11110011 1110001 0101101 1111001 0101011*
L0185076 11110011 1110001 0101101 1111001 0101011*
L0185112 11110011 1110001 0101101 1111001 0101011*
L0185148 11110011 1110001 0101101 1111001 0101011*
L0185184 11110011 1110001 0101101 1111001 0101011*
L0185220 11110011 1110001 0101101 1111001 0101011*
L0185256 11110011 1110001 0101101 1111001 0101011*
L0185292 11110011 1110001 0101101 1111001 0101011*
L0185328 11110011 1110001 0101101 1111001 0101011*
L0185364 11110011 1110001 0101101 1111001 0101011*
L0185400 11110011 1110001 0101101 1111001 0101011*
L0185436 11110011 1110001 0101101 1111001 0101011*
L0185472 11110011 1110001 0101101 1111001 0101011*
L0185508 11110011 1110001 0101101 1111001 0101011*
L0185544 11110011 1110001 0101101 1111001 0101011*
L0185580 11110011 1110001 0101101 1111001 0101011*
L0185616 11110011 1110001 0101101 1111001 0101011*
L0185652 11110011 1110001 0101101 1111001 0101011*
L0185688 11110011 1110001 0101101 1111001 0101011*
L0185724 11110011 1110001 0101101 1111001 0101011*
L0185760 11110011 1110001 0101101 1111001 0101011*
L0185796 11110011 1110001 0101101 1111001 0101011*
L0185832 11110011 1110001 0101101 1111001 0101011*
L0185868 11110011 1110001 0101101 1111001 0101011*
L0185904 11110011 1110001 0101101 1111001 0101011*
L0185940 11110011 1110001 0101101 1111001 0101011*
L0185976 11110011 1110001 0101101 1111001 0101011*
L0186012 11110011 1110001 0101101 1111001 0101011*
L0186048 11110011 1110001 0101101 1111001 0101011*
L0186084 11110011 1110001 0101101 1111001 0101011*
L0186120 11110011 1110001 0101101 1111001 0101011*
L0186156 11110011 1110001 0101101 1111001 0101011*
L0186192 11110011 1110001 0101101 1111001 0101011*
L0186228 11110011 1110001 0101101 1111001 0101011*
L0186264 11110011 1110001 0101101 1111001 0101011*
L0186300 11110011 1110001 0101101 1111001 0101011*
L0186336 11110011 1110001 0101101 1111001 0101011*
L0186372 11110011 1110001 0101101 1111001 0101011*
L0186408 11110011 1110001 0101101 1111001 0101011*
L0186444 11110011 1110001 0101101 1111001 0101011*
L0186480 11110011 1110001 0101101 1111001 0101011*
L0186516 11110011 1110001 0101101 1111001 0101011*
L0186552 11110011 1110001 0101101 1111001 0101011*
L0186588 11110011 1110001 0101101 1111001 0101011*
C9105*
D7AD
